source_id,host,topic,surface_doc_ids,source_ref_count,pin_first_candidate,priority_rank,priority_lane,status,promotion_allowed,public_answer_gate,source_role_before_promotion,retrieved,review_by,pin_exemption,non_claims
arizona_jail_voting_guide_pdf,azsos.gov,in_custody_voting,326,4,True,1,pin_first_high_risk_document,MISSING_ADOPTER_SOURCE_CAPTURE,False,blocks_public_guidance,xref_only_example_route,2026-04-26,2026-07-25,temporary,not current voter instruction; not legal advice; not source-byte cache completeness
california_voting_guide_for_inmates_pdf,elections.cdn.sos.ca.gov,in_custody_voting,326,3,True,1,pin_first_high_risk_document,MISSING_ADOPTER_SOURCE_CAPTURE,False,blocks_public_guidance,xref_only_example_route,2026-04-26,2026-07-25,temporary,not current voter instruction; not legal advice; not source-byte cache completeness
ohio_medical_emergency_ballot_application_form_pdf,ohiosos.gov,emergency_absentee,322,2,True,1,pin_first_high_risk_document,MISSING_ADOPTER_SOURCE_CAPTURE,False,blocks_public_guidance,xref_only_example_route,2026-04-26,2026-07-25,temporary,not current voter instruction; not legal advice; not source-byte cache completeness
texas_address_confidentiality_voting_page,sos.state.tx.us,confidential_registration,325,2,True,1,pin_first_high_risk_document,MISSING_ADOPTER_SOURCE_CAPTURE,False,blocks_public_guidance,xref_only_example_route,2026-04-26,2026-07-25,temporary,not current voter instruction; not legal advice; not source-byte cache completeness
texas_voting_by_mail_requirements_presentation_pdf,sos.state.tx.us,in_custody_voting,326,2,True,1,pin_first_high_risk_document,MISSING_ADOPTER_SOURCE_CAPTURE,False,blocks_public_guidance,xref_only_example_route,2026-04-26,2026-07-25,temporary,not current voter instruction; not legal advice; not source-byte cache completeness
arizona_protected_voter_registration_page,azsos.gov,confidential_registration,325,3,False,2,high_risk_multi_surface_route,MISSING_ADOPTER_SOURCE_CAPTURE,False,blocks_public_guidance,xref_only_example_route,2026-04-26,2026-07-25,mutable,not current voter instruction; not legal advice; not source-byte cache completeness
los_angeles_county_homeless_voter_resources_page,lavote.gov,no_fixed_address,324,3,False,2,high_risk_multi_surface_route,MISSING_ADOPTER_SOURCE_CAPTURE,False,blocks_public_guidance,xref_only_example_route,2026-04-26,2026-07-25,mutable,not current voter instruction; not legal advice; not source-byte cache completeness
pierce_county_voters_experiencing_homelessness_page,piercecountywa.gov,no_fixed_address,324,3,False,2,high_risk_multi_surface_route,MISSING_ADOPTER_SOURCE_CAPTURE,False,blocks_public_guidance,xref_only_example_route,2026-04-26,2026-07-25,mutable,not current voter instruction; not legal advice; not source-byte cache completeness
san_francisco_voters_experiencing_homelessness_page,sf.gov,no_fixed_address,324,3,False,2,high_risk_multi_surface_route,MISSING_ADOPTER_SOURCE_CAPTURE,False,blocks_public_guidance,xref_only_example_route,2026-04-26,2026-07-25,mutable,not current voter instruction; not legal advice; not source-byte cache completeness
california_safe_at_home_faq_page,sos.ca.gov,confidential_registration,325,3,False,2,high_risk_multi_surface_route,MISSING_ADOPTER_SOURCE_CAPTURE,False,blocks_public_guidance,xref_only_example_route,2026-04-26,2026-07-25,mutable,not current voter instruction; not legal advice; not source-byte cache completeness
minnesota_safe_at_home_confidential_voting_page,sos.state.mn.us,confidential_registration,325,3,False,2,high_risk_multi_surface_route,MISSING_ADOPTER_SOURCE_CAPTURE,False,blocks_public_guidance,xref_only_example_route,2026-04-26,2026-07-25,mutable,not current voter instruction; not legal advice; not source-byte cache completeness
washington_acp_voter_registration_page,sos.wa.gov,confidential_registration,325,3,False,2,high_risk_multi_surface_route,MISSING_ADOPTER_SOURCE_CAPTURE,False,blocks_public_guidance,xref_only_example_route,2026-04-26,2026-07-25,mutable,not current voter instruction; not legal advice; not source-byte cache completeness
clark_county_vote_centers_election_day_page,clarkcountynv.gov,vote_center,320,2,False,2,high_risk_multi_surface_route,MISSING_ADOPTER_SOURCE_CAPTURE,False,blocks_public_guidance,xref_only_example_route,2026-04-26,2026-07-25,mutable,not current voter instruction; not legal advice; not source-byte cache completeness
colorado_voter_home_how_page,coloradosos.gov,registration_status,319,2,False,2,high_risk_multi_surface_route,MISSING_ADOPTER_SOURCE_CAPTURE,False,blocks_public_guidance,xref_only_example_route,2026-04-26,2026-07-25,mutable,not current voter instruction; not legal advice; not source-byte cache completeness
florida_accessible_voting_page,dos.fl.gov,facility_assisted_voting,327,2,False,2,high_risk_multi_surface_route,MISSING_ADOPTER_SOURCE_CAPTURE,False,blocks_public_guidance,xref_only_example_route,2026-04-26,2026-07-25,mutable,not current voter instruction; not legal advice; not source-byte cache completeness
florida_felon_voting_rights_page,dos.fl.gov,felony_eligibility,323,2,False,2,high_risk_multi_surface_route,MISSING_ADOPTER_SOURCE_CAPTURE,False,blocks_public_guidance,xref_only_example_route,2026-04-26,2026-07-25,mutable,not current voter instruction; not legal advice; not source-byte cache completeness
florida_voter_registration_new_and_removed_page,dos.fl.gov,registration_status,319,2,False,2,high_risk_multi_surface_route,MISSING_ADOPTER_SOURCE_CAPTURE,False,blocks_public_guidance,xref_only_example_route,2026-04-26,2026-07-25,mutable,not current voter instruction; not legal advice; not source-byte cache completeness
maryland_provisional_voting_page,elections.maryland.gov,provisional_ballot,321,2,False,2,high_risk_multi_surface_route,MISSING_ADOPTER_SOURCE_CAPTURE,False,blocks_public_guidance,xref_only_example_route,2026-04-26,2026-07-25,mutable,not current voter instruction; not legal advice; not source-byte cache completeness
maryland_voter_registration_introduction_page,elections.maryland.gov,registration_update,318,2,False,2,high_risk_multi_surface_route,MISSING_ADOPTER_SOURCE_CAPTURE,False,blocks_public_guidance,xref_only_example_route,2026-04-26,2026-07-25,mutable,not current voter instruction; not legal advice; not source-byte cache completeness
sacramento_what_is_a_vote_center_page,elections.saccounty.gov,vote_center,320,2,False,2,high_risk_multi_surface_route,MISSING_ADOPTER_SOURCE_CAPTURE,False,blocks_public_guidance,xref_only_example_route,2026-04-26,2026-07-25,mutable,not current voter instruction; not legal advice; not source-byte cache completeness
indiana_vote_center_information_page,in.gov,vote_center,320,2,False,2,high_risk_multi_surface_route,MISSING_ADOPTER_SOURCE_CAPTURE,False,blocks_public_guidance,xref_only_example_route,2026-04-26,2026-07-25,mutable,not current voter instruction; not legal advice; not source-byte cache completeness
king_county_replacing_ballot_or_envelope_page,kingcounty.gov,mail_ballot,317,2,False,2,high_risk_multi_surface_route,MISSING_ADOPTER_SOURCE_CAPTURE,False,blocks_public_guidance,xref_only_example_route,2026-04-26,2026-07-25,mutable,not current voter instruction; not legal advice; not source-byte cache completeness
michigan_emergency_absentee_statute_page,legislature.mi.gov,emergency_absentee,322,2,False,2,high_risk_multi_surface_route,MISSING_ADOPTER_SOURCE_CAPTURE,False,blocks_public_guidance,xref_only_example_route,2026-04-26,2026-07-25,mutable,not current voter instruction; not legal advice; not source-byte cache completeness
michigan_student_voting_page,michigan.gov,college_student_voting,328,2,False,2,high_risk_multi_surface_route,MISSING_ADOPTER_SOURCE_CAPTURE,False,blocks_public_guidance,xref_only_example_route,2026-04-26,2026-07-25,mutable,not current voter instruction; not legal advice; not source-byte cache completeness
michigan_vote_on_election_day_page,michigan.gov,emergency_absentee,322,2,False,2,high_risk_multi_surface_route,MISSING_ADOPTER_SOURCE_CAPTURE,False,blocks_public_guidance,xref_only_example_route,2026-04-26,2026-07-25,mutable,not current voter instruction; not legal advice; not source-byte cache completeness
north_carolina_care_facilities_voting_page,ncsbe.gov,facility_assisted_voting,327,2,False,2,high_risk_multi_surface_route,MISSING_ADOPTER_SOURCE_CAPTURE,False,blocks_public_guidance,xref_only_example_route,2026-04-26,2026-07-25,mutable,not current voter instruction; not legal advice; not source-byte cache completeness
north_carolina_college_student_registration_page,ncsbe.gov,college_student_voting,328,2,False,2,high_risk_multi_surface_route,MISSING_ADOPTER_SOURCE_CAPTURE,False,blocks_public_guidance,xref_only_example_route,2026-04-26,2026-07-25,mutable,not current voter instruction; not legal advice; not source-byte cache completeness
north_carolina_faq_voter_registration_page,ncsbe.gov,registration_status,319,2,False,2,high_risk_multi_surface_route,MISSING_ADOPTER_SOURCE_CAPTURE,False,blocks_public_guidance,xref_only_example_route,2026-04-26,2026-07-25,mutable,not current voter instruction; not legal advice; not source-byte cache completeness
north_carolina_provisional_voting_page,ncsbe.gov,provisional_ballot,321,2,False,2,high_risk_multi_surface_route,MISSING_ADOPTER_SOURCE_CAPTURE,False,blocks_public_guidance,xref_only_example_route,2026-04-26,2026-07-25,mutable,not current voter instruction; not legal advice; not source-byte cache completeness
north_carolina_updating_registration_page,ncsbe.gov,registration_update,318,2,False,2,high_risk_multi_surface_route,MISSING_ADOPTER_SOURCE_CAPTURE,False,blocks_public_guidance,xref_only_example_route,2026-04-26,2026-07-25,mutable,not current voter instruction; not legal advice; not source-byte cache completeness
ohio_college_voters_page,ohiosos.gov,college_student_voting,328,2,False,2,high_risk_multi_surface_route,MISSING_ADOPTER_SOURCE_CAPTURE,False,blocks_public_guidance,xref_only_example_route,2026-04-26,2026-07-25,mutable,not current voter instruction; not legal advice; not source-byte cache completeness
ohio_restore_your_right_page,ohiosos.gov,felony_eligibility,323,2,False,2,high_risk_multi_surface_route,MISSING_ADOPTER_SOURCE_CAPTURE,False,blocks_public_guidance,xref_only_example_route,2026-04-26,2026-07-25,mutable,not current voter instruction; not legal advice; not source-byte cache completeness
ohio_voters_with_disabilities_resources_page,ohiosos.gov,emergency_absentee,322,2,False,2,high_risk_multi_surface_route,MISSING_ADOPTER_SOURCE_CAPTURE,False,blocks_public_guidance,xref_only_example_route,2026-04-26,2026-07-25,mutable,not current voter instruction; not legal advice; not source-byte cache completeness
california_confidential_voter_registration_page,sos.ca.gov,confidential_registration,325,2,False,2,high_risk_multi_surface_route,MISSING_ADOPTER_SOURCE_CAPTURE,False,blocks_public_guidance,xref_only_example_route,2026-04-26,2026-07-25,mutable,not current voter instruction; not legal advice; not source-byte cache completeness
california_provisional_voting_page,sos.ca.gov,provisional_ballot,321,2,False,2,high_risk_multi_surface_route,MISSING_ADOPTER_SOURCE_CAPTURE,False,blocks_public_guidance,xref_only_example_route,2026-04-26,2026-07-25,mutable,not current voter instruction; not legal advice; not source-byte cache completeness
california_statewide_voter_registration_database_page,sos.ca.gov,registration_status,319,2,False,2,high_risk_multi_surface_route,MISSING_ADOPTER_SOURCE_CAPTURE,False,blocks_public_guidance,xref_only_example_route,2026-04-26,2026-07-25,mutable,not current voter instruction; not legal advice; not source-byte cache completeness
california_voting_rights_restored_page,sos.ca.gov,felony_eligibility,323,2,False,2,high_risk_multi_surface_route,MISSING_ADOPTER_SOURCE_CAPTURE,False,blocks_public_guidance,xref_only_example_route,2026-04-26,2026-07-25,mutable,not current voter instruction; not legal advice; not source-byte cache completeness
colorado_provisional_ballots_faq_page,sos.state.co.us,provisional_ballot,321,2,False,2,high_risk_multi_surface_route,MISSING_ADOPTER_SOURCE_CAPTURE,False,blocks_public_guidance,xref_only_example_route,2026-04-26,2026-07-25,mutable,not current voter instruction; not legal advice; not source-byte cache completeness
minnesota_agent_delivery_page,sos.state.mn.us,facility_assisted_voting,327,2,False,2,high_risk_multi_surface_route,MISSING_ADOPTER_SOURCE_CAPTURE,False,blocks_public_guidance,xref_only_example_route,2026-04-26,2026-07-25,mutable,not current voter instruction; not legal advice; not source-byte cache completeness
minnesota_college_student_voting_page,sos.state.mn.us,college_student_voting,328,2,False,2,high_risk_multi_surface_route,MISSING_ADOPTER_SOURCE_CAPTURE,False,blocks_public_guidance,xref_only_example_route,2026-04-26,2026-07-25,mutable,not current voter instruction; not legal advice; not source-byte cache completeness
minnesota_residential_facility_voter_page,sos.state.mn.us,facility_assisted_voting,327,2,False,2,high_risk_multi_surface_route,MISSING_ADOPTER_SOURCE_CAPTURE,False,blocks_public_guidance,xref_only_example_route,2026-04-26,2026-07-25,mutable,not current voter instruction; not legal advice; not source-byte cache completeness
texas_voting_by_mail_eligibility_requirements_page,sos.state.tx.us,in_custody_voting,326,2,False,2,high_risk_multi_surface_route,MISSING_ADOPTER_SOURCE_CAPTURE,False,blocks_public_guidance,xref_only_example_route,2026-04-26,2026-07-25,mutable,not current voter instruction; not legal advice; not source-byte cache completeness
texas_where_to_vote_page,sos.state.tx.us,vote_center,320,2,False,2,high_risk_multi_surface_route,MISSING_ADOPTER_SOURCE_CAPTURE,False,blocks_public_guidance,xref_only_example_route,2026-04-26,2026-07-25,mutable,not current voter instruction; not legal advice; not source-byte cache completeness
washington_address_confidentiality_program_page,sos.wa.gov,confidential_registration,325,2,False,2,high_risk_multi_surface_route,MISSING_ADOPTER_SOURCE_CAPTURE,False,blocks_public_guidance,xref_only_example_route,2026-04-26,2026-07-25,mutable,not current voter instruction; not legal advice; not source-byte cache completeness
washington_felony_convictions_voting_rights_page,sos.wa.gov,felony_eligibility,323,2,False,2,high_risk_multi_surface_route,MISSING_ADOPTER_SOURCE_CAPTURE,False,blocks_public_guidance,xref_only_example_route,2026-04-26,2026-07-25,mutable,not current voter instruction; not legal advice; not source-byte cache completeness
santa_clara_no_fixed_address_voter_page,vote.santaclaracounty.gov,no_fixed_address,324,2,False,2,high_risk_multi_surface_route,MISSING_ADOPTER_SOURCE_CAPTURE,False,blocks_public_guidance,xref_only_example_route,2026-04-26,2026-07-25,mutable,not current voter instruction; not legal advice; not source-byte cache completeness
pinellas_update_voter_registration_page,votepinellas.gov,registration_update,318,2,False,2,high_risk_multi_surface_route,MISSING_ADOPTER_SOURCE_CAPTURE,False,blocks_public_guidance,xref_only_example_route,2026-04-26,2026-07-25,mutable,not current voter instruction; not legal advice; not source-byte cache completeness
washoe_county_voters_experiencing_homelessness_page,washoecounty.gov,no_fixed_address,324,2,False,2,high_risk_multi_surface_route,MISSING_ADOPTER_SOURCE_CAPTURE,False,blocks_public_guidance,xref_only_example_route,2026-04-26,2026-07-25,mutable,not current voter instruction; not legal advice; not source-byte cache completeness
north_dakota_tribal_member_voting_flyer_pdf,sos.nd.gov,north_dakota,,3,True,4,pin_first_document,MISSING_ADOPTER_SOURCE_CAPTURE,False,blocks_public_guidance,xref_only_example_route,2026-06-05,2026-07-25,temporary,not current voter instruction; not legal advice; not source-byte cache completeness
new_hampshire_how_are_votes_challenged_2025_pdf,sos.nh.gov,new_hampshire,,3,True,4,pin_first_document,MISSING_ADOPTER_SOURCE_CAPTURE,False,blocks_public_guidance,xref_only_example_route,2026-06-05,2026-07-25,temporary,not current voter instruction; not legal advice; not source-byte cache completeness
texas_information_about_returning_your_carrier_envelope_pdf,sos.texas.gov,texas,,3,True,4,pin_first_document,MISSING_ADOPTER_SOURCE_CAPTURE,False,blocks_public_guidance,xref_only_example_route,2026-06-05,2026-07-25,temporary,not current voter instruction; not legal advice; not source-byte cache completeness
oregon_voters_with_disabilities_assistance_page,oregonvotes.gov,oregon,,5,False,5,ordinary_state_local_route,MISSING_ADOPTER_SOURCE_CAPTURE,False,blocks_public_guidance,xref_only_example_route,2026-06-05,2026-07-25,mutable,not current voter instruction; not legal advice; not source-byte cache completeness
california_vote_by_mail_page,sos.ca.gov,california,,4,False,5,ordinary_state_local_route,MISSING_ADOPTER_SOURCE_CAPTURE,False,blocks_public_guidance,xref_only_example_route,2026-06-05,2026-07-25,mutable,not current voter instruction; not legal advice; not source-byte cache completeness
arizona_registering_to_vote_page,azsos.gov,arizona,,3,False,5,ordinary_state_local_route,MISSING_ADOPTER_SOURCE_CAPTURE,False,blocks_public_guidance,xref_only_example_route,2026-06-05,2026-07-25,mutable,not current voter instruction; not legal advice; not source-byte cache completeness
delaware_guardianship_voter_eligibility_page,elections.delaware.gov,delaware,,3,False,5,ordinary_state_local_route,MISSING_ADOPTER_SOURCE_CAPTURE,False,blocks_public_guidance,xref_only_example_route,2026-06-05,2026-07-25,mutable,not current voter instruction; not legal advice; not source-byte cache completeness
maryland_guardianship_voting_eligibility_page,elections.maryland.gov,maryland,,3,False,5,ordinary_state_local_route,MISSING_ADOPTER_SOURCE_CAPTURE,False,blocks_public_guidance,xref_only_example_route,2026-06-05,2026-07-25,mutable,not current voter instruction; not legal advice; not source-byte cache completeness
maryland_mail_in_voting_page,elections.maryland.gov,maryland,,3,False,5,ordinary_state_local_route,MISSING_ADOPTER_SOURCE_CAPTURE,False,blocks_public_guidance,xref_only_example_route,2026-06-05,2026-07-25,mutable,not current voter instruction; not legal advice; not source-byte cache completeness
indiana_provisional_ballots_page,in.gov,indiana,,3,False,5,ordinary_state_local_route,MISSING_ADOPTER_SOURCE_CAPTURE,False,blocks_public_guidance,xref_only_example_route,2026-06-05,2026-07-25,mutable,not current voter instruction; not legal advice; not source-byte cache completeness
michigan_accessibility_and_accommodations_page,michigan.gov,michigan,,3,False,5,ordinary_state_local_route,MISSING_ADOPTER_SOURCE_CAPTURE,False,blocks_public_guidance,xref_only_example_route,2026-06-05,2026-07-25,mutable,not current voter instruction; not legal advice; not source-byte cache completeness
north_carolina_accessible_absentee_voting_page,ncsbe.gov,north_carolina,,3,False,5,ordinary_state_local_route,MISSING_ADOPTER_SOURCE_CAPTURE,False,blocks_public_guidance,xref_only_example_route,2026-06-05,2026-07-25,mutable,not current voter instruction; not legal advice; not source-byte cache completeness
california_conservatorship_voting_rights_page,sos.ca.gov,california,,3,False,5,ordinary_state_local_route,MISSING_ADOPTER_SOURCE_CAPTURE,False,blocks_public_guidance,xref_only_example_route,2026-06-05,2026-07-25,mutable,not current voter instruction; not legal advice; not source-byte cache completeness
california_preregister_16_vote_18_page,sos.ca.gov,california,,3,False,5,ordinary_state_local_route,MISSING_ADOPTER_SOURCE_CAPTURE,False,blocks_public_guidance,xref_only_example_route,2026-06-05,2026-07-25,mutable,not current voter instruction; not legal advice; not source-byte cache completeness
california_registering_to_vote_new_citizen_page,sos.ca.gov,california,,3,False,5,ordinary_state_local_route,MISSING_ADOPTER_SOURCE_CAPTURE,False,blocks_public_guidance,xref_only_example_route,2026-06-05,2026-07-25,mutable,not current voter instruction; not legal advice; not source-byte cache completeness
georgia_register_to_vote_mental_incompetence_page,sos.ga.gov,georgia,,3,False,5,ordinary_state_local_route,MISSING_ADOPTER_SOURCE_CAPTURE,False,blocks_public_guidance,xref_only_example_route,2026-06-05,2026-07-25,mutable,not current voter instruction; not legal advice; not source-byte cache completeness
new_mexico_native_american_voting_rights_act_page,sos.nm.gov,new_mexico,,3,False,5,ordinary_state_local_route,MISSING_ADOPTER_SOURCE_CAPTURE,False,blocks_public_guidance,xref_only_example_route,2026-06-05,2026-07-25,mutable,not current voter instruction; not legal advice; not source-byte cache completeness
colorado_current_election_rules_page,sos.state.co.us,colorado,,3,False,5,ordinary_state_local_route,MISSING_ADOPTER_SOURCE_CAPTURE,False,blocks_public_guidance,xref_only_example_route,2026-06-05,2026-07-25,mutable,not current voter instruction; not legal advice; not source-byte cache completeness
texas_voter_assistance_and_interpreter_advisory_page,sos.texas.gov,texas,,3,False,5,ordinary_state_local_route,MISSING_ADOPTER_SOURCE_CAPTURE,False,blocks_public_guidance,xref_only_example_route,2026-06-05,2026-07-25,mutable,not current voter instruction; not legal advice; not source-byte cache completeness
washington_future_voter_program_page,sos.wa.gov,washington,,3,False,5,ordinary_state_local_route,MISSING_ADOPTER_SOURCE_CAPTURE,False,blocks_public_guidance,xref_only_example_route,2026-06-05,2026-07-25,mutable,not current voter instruction; not legal advice; not source-byte cache completeness
north_dakota_voter_id_requirements_page,vip.sos.nd.gov,north_dakota,,3,False,5,ordinary_state_local_route,MISSING_ADOPTER_SOURCE_CAPTURE,False,blocks_public_guidance,xref_only_example_route,2026-06-05,2026-07-25,mutable,not current voter instruction; not legal advice; not source-byte cache completeness
nevada_county_displaced_voters_and_emergency_workers_page,nevadacountyca.gov,california,,2,False,5,ordinary_state_local_route,MISSING_ADOPTER_SOURCE_CAPTURE,False,blocks_public_guidance,xref_only_example_route,2026-06-05,2026-07-25,mutable,not current voter instruction; not legal advice; not source-byte cache completeness
