arm_id,starting_life,seed,target_seat,threat_seat,target_score,threat_score,loss_reason,decisions,size_axis,threat_policy_axis,target_agent,opponent_agent,target_final_life,threat_final_life,target_final_library,threat_final_library,threat_declared_attackers_to_player,threat_declared_attackers_to_jace,threat_declared_attack_draw_cost_total,threat_declared_lethal_attack_actions,threat_pass_attack_actions,threat_last_action_before_loss,threat_selected_counter_actions,threat_selected_own_spell_counters
B_pressure_counter60_vs_threat40,40,6666919,0,1,0.0,1.0,player_0_life_total_zero_or_less,154,counter60_vs_threat40,jace_pressure_threat_response,counter_guard,threat_pressure,0,39,1,0,8,,16,1,7,,2,0
B_pressure_counter60_vs_threat40,40,6666922,0,1,0.0,1.0,player_0_life_total_zero_or_less,115,counter60_vs_threat40,jace_pressure_threat_response,counter_guard,threat_pressure,-1,39,44,4,8,,16,1,5,,1,0
B_pressure_counter60_vs_threat40,40,6666926,1,0,0.0,1.0,player_1_life_total_zero_or_less,113,counter60_vs_threat40,jace_pressure_threat_response,counter_guard,threat_pressure,-2,38,44,2,8,,16,1,5,,2,0
B_pressure_counter60_vs_threat40,40,6666927,1,0,0.0,1.0,player_1_attempted_to_draw_from_empty_library,136,counter60_vs_threat40,jace_pressure_threat_response,counter_guard,threat_pressure,38,39,0,23,0,,0,0,12,,3,0
B_pressure_counter60_vs_threat40,40,6666929,1,0,0.0,1.0,player_1_life_total_zero_or_less,108,counter60_vs_threat40,jace_pressure_threat_response,counter_guard,threat_pressure,-2,39,45,3,8,,16,1,5,,1,0
B_pressure_counter60_vs_threat40,40,6666931,1,0,0.0,1.0,player_1_attempted_to_draw_from_empty_library,130,counter60_vs_threat40,jace_pressure_threat_response,counter_guard,threat_pressure,38,39,0,14,0,,0,0,9,,2,0
C_pressure_counter60_vs_threat60,20,6666948,0,1,0.0,1.0,player_0_life_total_zero_or_less,92,counter60_vs_threat60,jace_pressure_threat_response,counter_guard,threat_pressure,-1,20,46,31,4,,8,1,6,,0,0
C_pressure_counter60_vs_threat60,20,6666951,0,1,0.0,1.0,player_0_life_total_zero_or_less,150,counter60_vs_threat60,jace_pressure_threat_response,counter_guard,threat_pressure,0,19,43,18,4,,12,1,7,,3,0
C_pressure_counter60_vs_threat60,20,6666952,0,1,0.0,1.0,player_0_life_total_zero_or_less,168,counter60_vs_threat60,jace_pressure_threat_response,counter_guard,threat_pressure,-1,18,41,25,4,,8,1,9,,4,0
C_pressure_counter60_vs_threat60,20,6666953,0,1,0.0,1.0,player_0_life_total_zero_or_less,102,counter60_vs_threat60,jace_pressure_threat_response,counter_guard,threat_pressure,0,18,44,34,4,,8,1,6,,3,0
C_pressure_counter60_vs_threat60,20,6666955,0,1,0.0,1.0,player_0_attempted_to_draw_from_empty_library,163,counter60_vs_threat60,jace_pressure_threat_response,counter_guard,threat_pressure,18,19,0,30,0,,0,0,12,,1,0
C_pressure_counter60_vs_threat60,20,6666956,1,0,0.0,1.0,player_1_life_total_zero_or_less,113,counter60_vs_threat60,jace_pressure_threat_response,counter_guard,threat_pressure,-6,19,44,30,5,,10,1,6,,4,0
C_pressure_counter60_vs_threat60,20,6666959,1,0,0.0,1.0,player_1_life_total_zero_or_less,322,counter60_vs_threat60,jace_pressure_threat_response,counter_guard,threat_pressure,-8,20,22,8,5,,10,1,28,,8,0
C_pressure_counter60_vs_threat60,20,6666962,1,0,0.0,1.0,player_1_life_total_zero_or_less,139,counter60_vs_threat60,jace_pressure_threat_response,counter_guard,threat_pressure,-5,19,44,19,5,,14,1,6,,1,0
