example_id,pair_id,deck0,starting_life,starting_player,keep_score,mulligan_score,mulligan_minus_keep,better_branch,non_tie,sample_weight,bias,stage_keep_or_mulligan,stage_bottom,mulligans_taken,hand_size,library_count,bottom_remaining,starting_life_20,starting_life_40,deck_size_40,deck_size_60,candidate_in_hand_count,islands_minus_ideal_abs,has_force_and_pitch,has_counterspell_online_hint,has_any_threat,hand_Island,hand_Counterspell,hand_ForceOfWill,hand_JaceTheMindSculptor,hand_OverlordOfTheFloodpits,hand_frac_Island,hand_frac_Counterspell,hand_frac_ForceOfWill,hand_frac_JaceTheMindSculptor,hand_frac_OverlordOfTheFloodpits,deck_frac_Island,deck_frac_Counterspell,deck_frac_ForceOfWill,deck_frac_JaceTheMindSculptor,deck_frac_OverlordOfTheFloodpits,candidate_Island,candidate_Counterspell,candidate_ForceOfWill,candidate_JaceTheMindSculptor,candidate_OverlordOfTheFloodpits
0,fjace_vs_wall_life20_sp0_s000,forty_force_jace_pressure,20,0,0.0,1.0,1.0,mulligan,1,1.0,1.0,1.0,0.0,0.0,7.0,33.0,0.0,1.0,0.0,1.0,0.0,0.0,2.0,1.0,0.0,1.0,1.0,3.0,2.0,1.0,0.0,0.14285714285714285,0.42857142857142855,0.2857142857142857,0.14285714285714285,0.0,0.5,0.2,0.15,0.1,0.05,0.0,0.0,0.0,0.0,0.0
1,fjace_vs_wall_life20_sp1_s000,forty_force_jace_pressure,20,1,1.0,0.0,-1.0,keep,1,1.0,1.0,1.0,0.0,0.0,7.0,33.0,0.0,1.0,0.0,1.0,0.0,0.0,0.0,1.0,0.0,1.0,3.0,0.0,2.0,2.0,0.0,0.42857142857142855,0.0,0.2857142857142857,0.2857142857142857,0.0,0.5,0.2,0.15,0.1,0.05,0.0,0.0,0.0,0.0,0.0
2,fjace_vs_wall_life20_sp0_s001,forty_force_jace_pressure,20,0,0.0,0.0,0.0,tie,0,0.05,1.0,1.0,0.0,0.0,7.0,33.0,0.0,1.0,0.0,1.0,0.0,0.0,2.0,0.0,1.0,0.0,5.0,2.0,0.0,0.0,0.0,0.7142857142857143,0.2857142857142857,0.0,0.0,0.0,0.5,0.2,0.15,0.1,0.05,0.0,0.0,0.0,0.0,0.0
3,fjace_vs_wall_life20_sp1_s001,forty_force_jace_pressure,20,1,1.0,1.0,0.0,tie,0,0.05,1.0,1.0,0.0,0.0,7.0,33.0,0.0,1.0,0.0,1.0,0.0,0.0,1.0,1.0,1.0,1.0,2.0,1.0,3.0,0.0,1.0,0.2857142857142857,0.14285714285714285,0.42857142857142855,0.0,0.14285714285714285,0.5,0.2,0.15,0.1,0.05,0.0,0.0,0.0,0.0,0.0
4,fjace_vs_wall_life20_sp0_s002,forty_force_jace_pressure,20,0,1.0,0.0,-1.0,keep,1,1.0,1.0,1.0,0.0,0.0,7.0,33.0,0.0,1.0,0.0,1.0,0.0,0.0,0.0,1.0,1.0,1.0,3.0,1.0,1.0,1.0,1.0,0.42857142857142855,0.14285714285714285,0.14285714285714285,0.14285714285714285,0.14285714285714285,0.5,0.2,0.15,0.1,0.05,0.0,0.0,0.0,0.0,0.0
5,fjace_vs_wall_life20_sp1_s002,forty_force_jace_pressure,20,1,1.0,1.0,0.0,tie,0,0.05,1.0,1.0,0.0,0.0,7.0,33.0,0.0,1.0,0.0,1.0,0.0,0.0,2.0,1.0,1.0,0.0,5.0,1.0,1.0,0.0,0.0,0.7142857142857143,0.14285714285714285,0.14285714285714285,0.0,0.0,0.5,0.2,0.15,0.1,0.05,0.0,0.0,0.0,0.0,0.0
6,fjace_vs_wall_life20_sp0_s003,forty_force_jace_pressure,20,0,1.0,0.0,-1.0,keep,1,1.0,1.0,1.0,0.0,0.0,7.0,33.0,0.0,1.0,0.0,1.0,0.0,0.0,1.0,1.0,1.0,1.0,2.0,1.0,1.0,3.0,0.0,0.2857142857142857,0.14285714285714285,0.14285714285714285,0.42857142857142855,0.0,0.5,0.2,0.15,0.1,0.05,0.0,0.0,0.0,0.0,0.0
7,fjace_vs_wall_life20_sp1_s003,forty_force_jace_pressure,20,1,1.0,1.0,0.0,tie,0,0.05,1.0,1.0,0.0,0.0,7.0,33.0,0.0,1.0,0.0,1.0,0.0,0.0,0.0,1.0,1.0,1.0,3.0,1.0,2.0,1.0,0.0,0.42857142857142855,0.14285714285714285,0.2857142857142857,0.14285714285714285,0.0,0.5,0.2,0.15,0.1,0.05,0.0,0.0,0.0,0.0,0.0
8,fjace_vs_wall_life20_sp0_s004,forty_force_jace_pressure,20,0,0.0,1.0,1.0,mulligan,1,1.0,1.0,1.0,0.0,0.0,7.0,33.0,0.0,1.0,0.0,1.0,0.0,0.0,0.0,0.0,1.0,1.0,3.0,3.0,0.0,1.0,0.0,0.42857142857142855,0.42857142857142855,0.0,0.14285714285714285,0.0,0.5,0.2,0.15,0.1,0.05,0.0,0.0,0.0,0.0,0.0
9,fjace_vs_wall_life20_sp1_s004,forty_force_jace_pressure,20,1,1.0,0.0,-1.0,keep,1,1.0,1.0,1.0,0.0,0.0,7.0,33.0,0.0,1.0,0.0,1.0,0.0,0.0,1.0,0.0,1.0,1.0,4.0,1.0,0.0,2.0,0.0,0.5714285714285714,0.14285714285714285,0.0,0.2857142857142857,0.0,0.5,0.2,0.15,0.1,0.05,0.0,0.0,0.0,0.0,0.0
10,fjace_vs_wall_life20_sp0_s005,forty_force_jace_pressure,20,0,1.0,0.0,-1.0,keep,1,1.0,1.0,1.0,0.0,0.0,7.0,33.0,0.0,1.0,0.0,1.0,0.0,0.0,2.0,1.0,1.0,0.0,5.0,1.0,1.0,0.0,0.0,0.7142857142857143,0.14285714285714285,0.14285714285714285,0.0,0.0,0.5,0.2,0.15,0.1,0.05,0.0,0.0,0.0,0.0,0.0
11,fjace_vs_wall_life20_sp1_s005,forty_force_jace_pressure,20,1,0.0,1.0,1.0,mulligan,1,1.0,1.0,1.0,0.0,0.0,7.0,33.0,0.0,1.0,0.0,1.0,0.0,0.0,2.0,0.0,1.0,1.0,5.0,1.0,0.0,1.0,0.0,0.7142857142857143,0.14285714285714285,0.0,0.14285714285714285,0.0,0.5,0.2,0.15,0.1,0.05,0.0,0.0,0.0,0.0,0.0
12,fjace_vs_wall_life40_sp0_s000,forty_force_jace_pressure,40,0,1.0,1.0,0.0,tie,0,0.05,1.0,1.0,0.0,0.0,7.0,33.0,0.0,0.0,1.0,1.0,0.0,0.0,1.0,0.0,1.0,0.0,4.0,3.0,0.0,0.0,0.0,0.5714285714285714,0.42857142857142855,0.0,0.0,0.0,0.5,0.2,0.15,0.1,0.05,0.0,0.0,0.0,0.0,0.0
13,fjace_vs_wall_life40_sp1_s000,forty_force_jace_pressure,40,1,0.0,1.0,1.0,mulligan,1,1.0,1.0,1.0,0.0,0.0,7.0,33.0,0.0,0.0,1.0,1.0,0.0,0.0,1.0,0.0,1.0,1.0,4.0,2.0,0.0,0.0,1.0,0.5714285714285714,0.2857142857142857,0.0,0.0,0.14285714285714285,0.5,0.2,0.15,0.1,0.05,0.0,0.0,0.0,0.0,0.0
14,fjace_vs_wall_life40_sp0_s001,forty_force_jace_pressure,40,0,1.0,1.0,0.0,tie,0,0.05,1.0,1.0,0.0,0.0,7.0,33.0,0.0,0.0,1.0,1.0,0.0,0.0,2.0,1.0,0.0,0.0,5.0,0.0,2.0,0.0,0.0,0.7142857142857143,0.0,0.2857142857142857,0.0,0.0,0.5,0.2,0.15,0.1,0.05,0.0,0.0,0.0,0.0,0.0
15,fjace_vs_wall_life40_sp1_s001,forty_force_jace_pressure,40,1,1.0,0.0,-1.0,keep,1,1.0,1.0,1.0,0.0,0.0,7.0,33.0,0.0,0.0,1.0,1.0,0.0,0.0,1.0,1.0,1.0,0.0,2.0,1.0,4.0,0.0,0.0,0.2857142857142857,0.14285714285714285,0.5714285714285714,0.0,0.0,0.5,0.2,0.15,0.1,0.05,0.0,0.0,0.0,0.0,0.0
16,fjace_vs_wall_life40_sp0_s002,forty_force_jace_pressure,40,0,1.0,1.0,0.0,tie,0,0.05,1.0,1.0,0.0,0.0,7.0,33.0,0.0,0.0,1.0,1.0,0.0,0.0,3.0,0.0,1.0,0.0,6.0,1.0,0.0,0.0,0.0,0.8571428571428571,0.14285714285714285,0.0,0.0,0.0,0.5,0.2,0.15,0.1,0.05,0.0,0.0,0.0,0.0,0.0
17,fjace_vs_wall_life40_sp1_s002,forty_force_jace_pressure,40,1,1.0,1.0,0.0,tie,0,0.05,1.0,1.0,0.0,0.0,7.0,33.0,0.0,0.0,1.0,1.0,0.0,0.0,1.0,0.0,1.0,1.0,4.0,2.0,0.0,0.0,1.0,0.5714285714285714,0.2857142857142857,0.0,0.0,0.14285714285714285,0.5,0.2,0.15,0.1,0.05,0.0,0.0,0.0,0.0,0.0
18,fjace_vs_wall_life40_sp0_s003,forty_force_jace_pressure,40,0,0.0,1.0,1.0,mulligan,1,1.0,1.0,1.0,0.0,0.0,7.0,33.0,0.0,0.0,1.0,1.0,0.0,0.0,1.0,1.0,1.0,1.0,4.0,1.0,1.0,0.0,1.0,0.5714285714285714,0.14285714285714285,0.14285714285714285,0.0,0.14285714285714285,0.5,0.2,0.15,0.1,0.05,0.0,0.0,0.0,0.0,0.0
19,fjace_vs_wall_life40_sp1_s003,forty_force_jace_pressure,40,1,0.0,0.0,0.0,tie,0,0.05,1.0,1.0,0.0,0.0,7.0,33.0,0.0,0.0,1.0,1.0,0.0,0.0,1.0,1.0,1.0,1.0,4.0,1.0,1.0,1.0,0.0,0.5714285714285714,0.14285714285714285,0.14285714285714285,0.14285714285714285,0.0,0.5,0.2,0.15,0.1,0.05,0.0,0.0,0.0,0.0,0.0
20,fjace_vs_wall_life40_sp0_s004,forty_force_jace_pressure,40,0,0.0,0.0,0.0,tie,0,0.05,1.0,1.0,0.0,0.0,7.0,33.0,0.0,0.0,1.0,1.0,0.0,0.0,1.0,1.0,1.0,0.0,2.0,4.0,1.0,0.0,0.0,0.2857142857142857,0.5714285714285714,0.14285714285714285,0.0,0.0,0.5,0.2,0.15,0.1,0.05,0.0,0.0,0.0,0.0,0.0
21,fjace_vs_wall_life40_sp1_s004,forty_force_jace_pressure,40,1,1.0,0.0,-1.0,keep,1,1.0,1.0,1.0,0.0,0.0,7.0,33.0,0.0,0.0,1.0,1.0,0.0,0.0,3.0,0.0,1.0,0.0,6.0,1.0,0.0,0.0,0.0,0.8571428571428571,0.14285714285714285,0.0,0.0,0.0,0.5,0.2,0.15,0.1,0.05,0.0,0.0,0.0,0.0,0.0
22,fjace_vs_wall_life40_sp0_s005,forty_force_jace_pressure,40,0,0.0,1.0,1.0,mulligan,1,1.0,1.0,1.0,0.0,0.0,7.0,33.0,0.0,0.0,1.0,1.0,0.0,0.0,1.0,1.0,1.0,1.0,4.0,1.0,1.0,1.0,0.0,0.5714285714285714,0.14285714285714285,0.14285714285714285,0.14285714285714285,0.0,0.5,0.2,0.15,0.1,0.05,0.0,0.0,0.0,0.0,0.0
23,fjace_vs_wall_life40_sp1_s005,forty_force_jace_pressure,40,1,0.0,1.0,1.0,mulligan,1,1.0,1.0,1.0,0.0,0.0,7.0,33.0,0.0,0.0,1.0,1.0,0.0,0.0,0.0,1.0,1.0,1.0,3.0,2.0,1.0,1.0,0.0,0.42857142857142855,0.2857142857142857,0.14285714285714285,0.14285714285714285,0.0,0.5,0.2,0.15,0.1,0.05,0.0,0.0,0.0,0.0,0.0
24,overlord_vs_jace60_life20_sp0_s000,forty_overlord_impending,20,0,0.0,1.0,1.0,mulligan,1,1.0,1.0,1.0,0.0,0.0,7.0,33.0,0.0,1.0,0.0,1.0,0.0,0.0,1.0,0.0,1.0,1.0,4.0,2.0,0.0,1.0,0.0,0.5714285714285714,0.2857142857142857,0.0,0.14285714285714285,0.0,0.525,0.175,0.1,0.05,0.15,0.0,0.0,0.0,0.0,0.0
25,overlord_vs_jace60_life20_sp1_s000,forty_overlord_impending,20,1,0.0,1.0,1.0,mulligan,1,1.0,1.0,1.0,0.0,0.0,7.0,33.0,0.0,1.0,0.0,1.0,0.0,0.0,1.0,0.0,1.0,1.0,4.0,1.0,0.0,1.0,1.0,0.5714285714285714,0.14285714285714285,0.0,0.14285714285714285,0.14285714285714285,0.525,0.175,0.1,0.05,0.15,0.0,0.0,0.0,0.0,0.0
26,overlord_vs_jace60_life20_sp0_s001,forty_overlord_impending,20,0,0.0,0.0,0.0,tie,0,0.05,1.0,1.0,0.0,0.0,7.0,33.0,0.0,1.0,0.0,1.0,0.0,0.0,1.0,1.0,1.0,1.0,2.0,2.0,1.0,1.0,1.0,0.2857142857142857,0.2857142857142857,0.14285714285714285,0.14285714285714285,0.14285714285714285,0.525,0.175,0.1,0.05,0.15,0.0,0.0,0.0,0.0,0.0
27,overlord_vs_jace60_life20_sp1_s001,forty_overlord_impending,20,1,1.0,1.0,0.0,tie,0,0.05,1.0,1.0,0.0,0.0,7.0,33.0,0.0,1.0,0.0,1.0,0.0,0.0,1.0,1.0,1.0,1.0,2.0,2.0,1.0,0.0,2.0,0.2857142857142857,0.2857142857142857,0.14285714285714285,0.0,0.2857142857142857,0.525,0.175,0.1,0.05,0.15,0.0,0.0,0.0,0.0,0.0
28,overlord_vs_jace60_life20_sp0_s002,forty_overlord_impending,20,0,0.0,0.0,0.0,tie,0,0.05,1.0,1.0,0.0,0.0,7.0,33.0,0.0,1.0,0.0,1.0,0.0,0.0,0.0,1.0,1.0,1.0,3.0,2.0,1.0,0.0,1.0,0.42857142857142855,0.2857142857142857,0.14285714285714285,0.0,0.14285714285714285,0.525,0.175,0.1,0.05,0.15,0.0,0.0,0.0,0.0,0.0
29,overlord_vs_jace60_life20_sp1_s002,forty_overlord_impending,20,1,0.0,1.0,1.0,mulligan,1,1.0,1.0,1.0,0.0,0.0,7.0,33.0,0.0,1.0,0.0,1.0,0.0,0.0,1.0,1.0,1.0,1.0,4.0,1.0,1.0,0.0,1.0,0.5714285714285714,0.14285714285714285,0.14285714285714285,0.0,0.14285714285714285,0.525,0.175,0.1,0.05,0.15,0.0,0.0,0.0,0.0,0.0
30,overlord_vs_jace60_life20_sp0_s003,forty_overlord_impending,20,0,0.0,1.0,1.0,mulligan,1,1.0,1.0,1.0,0.0,0.0,7.0,33.0,0.0,1.0,0.0,1.0,0.0,0.0,2.0,1.0,0.0,0.0,5.0,0.0,2.0,0.0,0.0,0.7142857142857143,0.0,0.2857142857142857,0.0,0.0,0.525,0.175,0.1,0.05,0.15,0.0,0.0,0.0,0.0,0.0
31,overlord_vs_jace60_life20_sp1_s003,forty_overlord_impending,20,1,0.0,1.0,1.0,mulligan,1,1.0,1.0,1.0,0.0,0.0,7.0,33.0,0.0,1.0,0.0,1.0,0.0,0.0,2.0,0.0,1.0,0.0,5.0,2.0,0.0,0.0,0.0,0.7142857142857143,0.2857142857142857,0.0,0.0,0.0,0.525,0.175,0.1,0.05,0.15,0.0,0.0,0.0,0.0,0.0
32,overlord_vs_jace60_life20_sp0_s004,forty_overlord_impending,20,0,1.0,1.0,0.0,tie,0,0.05,1.0,1.0,0.0,0.0,7.0,33.0,0.0,1.0,0.0,1.0,0.0,0.0,1.0,1.0,1.0,1.0,4.0,1.0,1.0,1.0,0.0,0.5714285714285714,0.14285714285714285,0.14285714285714285,0.14285714285714285,0.0,0.525,0.175,0.1,0.05,0.15,0.0,0.0,0.0,0.0,0.0
33,overlord_vs_jace60_life20_sp1_s004,forty_overlord_impending,20,1,1.0,0.0,-1.0,keep,1,1.0,1.0,1.0,0.0,0.0,7.0,33.0,0.0,1.0,0.0,1.0,0.0,0.0,2.0,0.0,0.0,1.0,5.0,0.0,0.0,1.0,1.0,0.7142857142857143,0.0,0.0,0.14285714285714285,0.14285714285714285,0.525,0.175,0.1,0.05,0.15,0.0,0.0,0.0,0.0,0.0
34,overlord_vs_jace60_life20_sp0_s005,forty_overlord_impending,20,0,0.0,0.0,0.0,tie,0,0.05,1.0,1.0,0.0,0.0,7.0,33.0,0.0,1.0,0.0,1.0,0.0,0.0,2.0,0.0,0.0,1.0,5.0,0.0,0.0,1.0,1.0,0.7142857142857143,0.0,0.0,0.14285714285714285,0.14285714285714285,0.525,0.175,0.1,0.05,0.15,0.0,0.0,0.0,0.0,0.0
35,overlord_vs_jace60_life20_sp1_s005,forty_overlord_impending,20,1,1.0,1.0,0.0,tie,0,0.05,1.0,1.0,0.0,0.0,7.0,33.0,0.0,1.0,0.0,1.0,0.0,0.0,1.0,1.0,1.0,1.0,2.0,1.0,2.0,1.0,1.0,0.2857142857142857,0.14285714285714285,0.2857142857142857,0.14285714285714285,0.14285714285714285,0.525,0.175,0.1,0.05,0.15,0.0,0.0,0.0,0.0,0.0
36,overlord_vs_jace60_life40_sp0_s000,forty_overlord_impending,40,0,0.0,0.0,0.0,tie,0,0.05,1.0,1.0,0.0,0.0,7.0,33.0,0.0,0.0,1.0,1.0,0.0,0.0,0.0,1.0,1.0,1.0,3.0,2.0,1.0,1.0,0.0,0.42857142857142855,0.2857142857142857,0.14285714285714285,0.14285714285714285,0.0,0.525,0.175,0.1,0.05,0.15,0.0,0.0,0.0,0.0,0.0
37,overlord_vs_jace60_life40_sp1_s000,forty_overlord_impending,40,1,0.0,1.0,1.0,mulligan,1,1.0,1.0,1.0,0.0,0.0,7.0,33.0,0.0,0.0,1.0,1.0,0.0,0.0,0.0,1.0,1.0,1.0,3.0,1.0,1.0,2.0,0.0,0.42857142857142855,0.14285714285714285,0.14285714285714285,0.2857142857142857,0.0,0.525,0.175,0.1,0.05,0.15,0.0,0.0,0.0,0.0,0.0
38,overlord_vs_jace60_life40_sp0_s001,forty_overlord_impending,40,0,0.0,1.0,1.0,mulligan,1,1.0,1.0,1.0,0.0,0.0,7.0,33.0,0.0,0.0,1.0,1.0,0.0,0.0,0.0,1.0,1.0,1.0,3.0,2.0,1.0,1.0,0.0,0.42857142857142855,0.2857142857142857,0.14285714285714285,0.14285714285714285,0.0,0.525,0.175,0.1,0.05,0.15,0.0,0.0,0.0,0.0,0.0
39,overlord_vs_jace60_life40_sp1_s001,forty_overlord_impending,40,1,0.0,0.0,0.0,tie,0,0.05,1.0,1.0,0.0,0.0,7.0,33.0,0.0,0.0,1.0,1.0,0.0,0.0,1.0,0.0,1.0,1.0,4.0,2.0,0.0,1.0,0.0,0.5714285714285714,0.2857142857142857,0.0,0.14285714285714285,0.0,0.525,0.175,0.1,0.05,0.15,0.0,0.0,0.0,0.0,0.0
40,overlord_vs_jace60_life40_sp0_s002,forty_overlord_impending,40,0,0.0,0.0,0.0,tie,0,0.05,1.0,1.0,0.0,0.0,7.0,33.0,0.0,0.0,1.0,1.0,0.0,0.0,1.0,1.0,0.0,1.0,4.0,0.0,1.0,1.0,1.0,0.5714285714285714,0.0,0.14285714285714285,0.14285714285714285,0.14285714285714285,0.525,0.175,0.1,0.05,0.15,0.0,0.0,0.0,0.0,0.0
41,overlord_vs_jace60_life40_sp1_s002,forty_overlord_impending,40,1,0.0,0.0,0.0,tie,0,0.05,1.0,1.0,0.0,0.0,7.0,33.0,0.0,0.0,1.0,1.0,0.0,0.0,1.0,0.0,0.0,1.0,4.0,0.0,0.0,1.0,2.0,0.5714285714285714,0.0,0.0,0.14285714285714285,0.2857142857142857,0.525,0.175,0.1,0.05,0.15,0.0,0.0,0.0,0.0,0.0
42,overlord_vs_jace60_life40_sp0_s003,forty_overlord_impending,40,0,0.0,0.0,0.0,tie,0,0.05,1.0,1.0,0.0,0.0,7.0,33.0,0.0,0.0,1.0,1.0,0.0,0.0,1.0,1.0,1.0,0.0,2.0,4.0,1.0,0.0,0.0,0.2857142857142857,0.5714285714285714,0.14285714285714285,0.0,0.0,0.525,0.175,0.1,0.05,0.15,0.0,0.0,0.0,0.0,0.0
43,overlord_vs_jace60_life40_sp1_s003,forty_overlord_impending,40,1,0.0,0.0,0.0,tie,0,0.05,1.0,1.0,0.0,0.0,7.0,33.0,0.0,0.0,1.0,1.0,0.0,0.0,1.0,0.0,1.0,1.0,4.0,2.0,0.0,0.0,1.0,0.5714285714285714,0.2857142857142857,0.0,0.0,0.14285714285714285,0.525,0.175,0.1,0.05,0.15,0.0,0.0,0.0,0.0,0.0
44,overlord_vs_jace60_life40_sp0_s004,forty_overlord_impending,40,0,1.0,0.0,-1.0,keep,1,1.0,1.0,1.0,0.0,0.0,7.0,33.0,0.0,0.0,1.0,1.0,0.0,0.0,1.0,1.0,1.0,1.0,2.0,2.0,1.0,0.0,2.0,0.2857142857142857,0.2857142857142857,0.14285714285714285,0.0,0.2857142857142857,0.525,0.175,0.1,0.05,0.15,0.0,0.0,0.0,0.0,0.0
45,overlord_vs_jace60_life40_sp1_s004,forty_overlord_impending,40,1,0.0,0.0,0.0,tie,0,0.05,1.0,1.0,0.0,0.0,7.0,33.0,0.0,0.0,1.0,1.0,0.0,0.0,0.0,0.0,1.0,1.0,3.0,2.0,0.0,0.0,2.0,0.42857142857142855,0.2857142857142857,0.0,0.0,0.2857142857142857,0.525,0.175,0.1,0.05,0.15,0.0,0.0,0.0,0.0,0.0
46,overlord_vs_jace60_life40_sp0_s005,forty_overlord_impending,40,0,0.0,1.0,1.0,mulligan,1,1.0,1.0,1.0,0.0,0.0,7.0,33.0,0.0,0.0,1.0,1.0,0.0,0.0,0.0,1.0,1.0,0.0,3.0,3.0,1.0,0.0,0.0,0.42857142857142855,0.42857142857142855,0.14285714285714285,0.0,0.0,0.525,0.175,0.1,0.05,0.15,0.0,0.0,0.0,0.0,0.0
47,overlord_vs_jace60_life40_sp1_s005,forty_overlord_impending,40,1,0.0,0.0,0.0,tie,0,0.05,1.0,1.0,0.0,0.0,7.0,33.0,0.0,0.0,1.0,1.0,0.0,0.0,0.0,1.0,1.0,1.0,3.0,1.0,2.0,0.0,1.0,0.42857142857142855,0.14285714285714285,0.2857142857142857,0.0,0.14285714285714285,0.525,0.175,0.1,0.05,0.15,0.0,0.0,0.0,0.0,0.0
48,wall_vs_overlord_life20_sp0_s000,sixty_counterwall_jace,20,0,0.0,1.0,1.0,mulligan,1,1.0,1.0,1.0,0.0,0.0,7.0,53.0,0.0,1.0,0.0,0.0,1.0,0.0,0.0,1.0,1.0,0.0,3.0,2.0,2.0,0.0,0.0,0.42857142857142855,0.2857142857142857,0.2857142857142857,0.0,0.0,0.5166666666666667,0.26666666666666666,0.11666666666666667,0.08333333333333333,0.016666666666666666,0.0,0.0,0.0,0.0,0.0
49,wall_vs_overlord_life20_sp1_s000,sixty_counterwall_jace,20,1,1.0,0.0,-1.0,keep,1,1.0,1.0,1.0,0.0,0.0,7.0,53.0,0.0,1.0,0.0,0.0,1.0,0.0,2.0,1.0,1.0,0.0,5.0,1.0,1.0,0.0,0.0,0.7142857142857143,0.14285714285714285,0.14285714285714285,0.0,0.0,0.5166666666666667,0.26666666666666666,0.11666666666666667,0.08333333333333333,0.016666666666666666,0.0,0.0,0.0,0.0,0.0
50,wall_vs_overlord_life20_sp0_s001,sixty_counterwall_jace,20,0,1.0,1.0,0.0,tie,0,0.05,1.0,1.0,0.0,0.0,7.0,53.0,0.0,1.0,0.0,0.0,1.0,0.0,1.0,1.0,1.0,0.0,4.0,2.0,1.0,0.0,0.0,0.5714285714285714,0.2857142857142857,0.14285714285714285,0.0,0.0,0.5166666666666667,0.26666666666666666,0.11666666666666667,0.08333333333333333,0.016666666666666666,0.0,0.0,0.0,0.0,0.0
51,wall_vs_overlord_life20_sp1_s001,sixty_counterwall_jace,20,1,0.0,1.0,1.0,mulligan,1,1.0,1.0,1.0,0.0,0.0,7.0,53.0,0.0,1.0,0.0,0.0,1.0,0.0,0.0,1.0,1.0,0.0,3.0,1.0,3.0,0.0,0.0,0.42857142857142855,0.14285714285714285,0.42857142857142855,0.0,0.0,0.5166666666666667,0.26666666666666666,0.11666666666666667,0.08333333333333333,0.016666666666666666,0.0,0.0,0.0,0.0,0.0
52,wall_vs_overlord_life20_sp0_s002,sixty_counterwall_jace,20,0,1.0,1.0,0.0,tie,0,0.05,1.0,1.0,0.0,0.0,7.0,53.0,0.0,1.0,0.0,0.0,1.0,0.0,1.0,1.0,1.0,1.0,4.0,1.0,1.0,1.0,0.0,0.5714285714285714,0.14285714285714285,0.14285714285714285,0.14285714285714285,0.0,0.5166666666666667,0.26666666666666666,0.11666666666666667,0.08333333333333333,0.016666666666666666,0.0,0.0,0.0,0.0,0.0
53,wall_vs_overlord_life20_sp1_s002,sixty_counterwall_jace,20,1,0.0,0.0,0.0,tie,0,0.05,1.0,1.0,0.0,0.0,7.0,53.0,0.0,1.0,0.0,0.0,1.0,0.0,1.0,0.0,1.0,1.0,4.0,2.0,0.0,1.0,0.0,0.5714285714285714,0.2857142857142857,0.0,0.14285714285714285,0.0,0.5166666666666667,0.26666666666666666,0.11666666666666667,0.08333333333333333,0.016666666666666666,0.0,0.0,0.0,0.0,0.0
54,wall_vs_overlord_life20_sp0_s003,sixty_counterwall_jace,20,0,1.0,1.0,0.0,tie,0,0.05,1.0,1.0,0.0,0.0,7.0,53.0,0.0,1.0,0.0,0.0,1.0,0.0,1.0,0.0,1.0,1.0,4.0,2.0,0.0,1.0,0.0,0.5714285714285714,0.2857142857142857,0.0,0.14285714285714285,0.0,0.5166666666666667,0.26666666666666666,0.11666666666666667,0.08333333333333333,0.016666666666666666,0.0,0.0,0.0,0.0,0.0
55,wall_vs_overlord_life20_sp1_s003,sixty_counterwall_jace,20,1,1.0,0.0,-1.0,keep,1,1.0,1.0,1.0,0.0,0.0,7.0,53.0,0.0,1.0,0.0,0.0,1.0,0.0,0.0,0.0,1.0,1.0,3.0,2.0,0.0,2.0,0.0,0.42857142857142855,0.2857142857142857,0.0,0.2857142857142857,0.0,0.5166666666666667,0.26666666666666666,0.11666666666666667,0.08333333333333333,0.016666666666666666,0.0,0.0,0.0,0.0,0.0
56,wall_vs_overlord_life20_sp0_s004,sixty_counterwall_jace,20,0,1.0,1.0,0.0,tie,0,0.05,1.0,1.0,0.0,0.0,7.0,53.0,0.0,1.0,0.0,0.0,1.0,0.0,3.0,0.0,0.0,1.0,6.0,0.0,0.0,1.0,0.0,0.8571428571428571,0.0,0.0,0.14285714285714285,0.0,0.5166666666666667,0.26666666666666666,0.11666666666666667,0.08333333333333333,0.016666666666666666,0.0,0.0,0.0,0.0,0.0
57,wall_vs_overlord_life20_sp1_s004,sixty_counterwall_jace,20,1,1.0,0.0,-1.0,keep,1,1.0,1.0,1.0,0.0,0.0,7.0,53.0,0.0,1.0,0.0,0.0,1.0,0.0,2.0,1.0,0.0,0.0,1.0,4.0,2.0,0.0,0.0,0.14285714285714285,0.5714285714285714,0.2857142857142857,0.0,0.0,0.5166666666666667,0.26666666666666666,0.11666666666666667,0.08333333333333333,0.016666666666666666,0.0,0.0,0.0,0.0,0.0
58,wall_vs_overlord_life20_sp0_s005,sixty_counterwall_jace,20,0,0.0,0.0,0.0,tie,0,0.05,1.0,1.0,0.0,0.0,7.0,53.0,0.0,1.0,0.0,0.0,1.0,0.0,2.0,1.0,0.0,1.0,5.0,0.0,1.0,1.0,0.0,0.7142857142857143,0.0,0.14285714285714285,0.14285714285714285,0.0,0.5166666666666667,0.26666666666666666,0.11666666666666667,0.08333333333333333,0.016666666666666666,0.0,0.0,0.0,0.0,0.0
59,wall_vs_overlord_life20_sp1_s005,sixty_counterwall_jace,20,1,0.0,0.0,0.0,tie,0,0.05,1.0,1.0,0.0,0.0,7.0,53.0,0.0,1.0,0.0,0.0,1.0,0.0,0.0,0.0,1.0,1.0,3.0,2.0,0.0,2.0,0.0,0.42857142857142855,0.2857142857142857,0.0,0.2857142857142857,0.0,0.5166666666666667,0.26666666666666666,0.11666666666666667,0.08333333333333333,0.016666666666666666,0.0,0.0,0.0,0.0,0.0
60,wall_vs_overlord_life40_sp0_s000,sixty_counterwall_jace,40,0,1.0,1.0,0.0,tie,0,0.05,1.0,1.0,0.0,0.0,7.0,53.0,0.0,0.0,1.0,0.0,1.0,0.0,0.0,0.0,1.0,0.0,3.0,4.0,0.0,0.0,0.0,0.42857142857142855,0.5714285714285714,0.0,0.0,0.0,0.5166666666666667,0.26666666666666666,0.11666666666666667,0.08333333333333333,0.016666666666666666,0.0,0.0,0.0,0.0,0.0
61,wall_vs_overlord_life40_sp1_s000,sixty_counterwall_jace,40,1,1.0,0.0,-1.0,keep,1,1.0,1.0,1.0,0.0,0.0,7.0,53.0,0.0,0.0,1.0,0.0,1.0,0.0,2.0,0.0,1.0,1.0,5.0,1.0,0.0,0.0,1.0,0.7142857142857143,0.14285714285714285,0.0,0.0,0.14285714285714285,0.5166666666666667,0.26666666666666666,0.11666666666666667,0.08333333333333333,0.016666666666666666,0.0,0.0,0.0,0.0,0.0
62,wall_vs_overlord_life40_sp0_s001,sixty_counterwall_jace,40,0,1.0,0.0,-1.0,keep,1,1.0,1.0,1.0,0.0,0.0,7.0,53.0,0.0,0.0,1.0,0.0,1.0,0.0,0.0,0.0,1.0,1.0,3.0,2.0,0.0,2.0,0.0,0.42857142857142855,0.2857142857142857,0.0,0.2857142857142857,0.0,0.5166666666666667,0.26666666666666666,0.11666666666666667,0.08333333333333333,0.016666666666666666,0.0,0.0,0.0,0.0,0.0
63,wall_vs_overlord_life40_sp1_s001,sixty_counterwall_jace,40,1,1.0,1.0,0.0,tie,0,0.05,1.0,1.0,0.0,0.0,7.0,53.0,0.0,0.0,1.0,0.0,1.0,0.0,3.0,0.0,0.0,0.0,6.0,0.0,1.0,0.0,0.0,0.8571428571428571,0.0,0.14285714285714285,0.0,0.0,0.5166666666666667,0.26666666666666666,0.11666666666666667,0.08333333333333333,0.016666666666666666,0.0,0.0,0.0,0.0,0.0
64,wall_vs_overlord_life40_sp0_s002,sixty_counterwall_jace,40,0,1.0,1.0,0.0,tie,0,0.05,1.0,1.0,0.0,0.0,7.0,53.0,0.0,0.0,1.0,0.0,1.0,0.0,0.0,1.0,1.0,1.0,3.0,2.0,1.0,1.0,0.0,0.42857142857142855,0.2857142857142857,0.14285714285714285,0.14285714285714285,0.0,0.5166666666666667,0.26666666666666666,0.11666666666666667,0.08333333333333333,0.016666666666666666,0.0,0.0,0.0,0.0,0.0
65,wall_vs_overlord_life40_sp1_s002,sixty_counterwall_jace,40,1,1.0,1.0,0.0,tie,0,0.05,1.0,1.0,0.0,0.0,7.0,53.0,0.0,0.0,1.0,0.0,1.0,0.0,0.0,1.0,1.0,1.0,3.0,2.0,1.0,1.0,0.0,0.42857142857142855,0.2857142857142857,0.14285714285714285,0.14285714285714285,0.0,0.5166666666666667,0.26666666666666666,0.11666666666666667,0.08333333333333333,0.016666666666666666,0.0,0.0,0.0,0.0,0.0
66,wall_vs_overlord_life40_sp0_s003,sixty_counterwall_jace,40,0,1.0,0.0,-1.0,keep,1,1.0,1.0,1.0,0.0,0.0,7.0,53.0,0.0,0.0,1.0,0.0,1.0,0.0,1.0,0.0,1.0,0.0,4.0,3.0,0.0,0.0,0.0,0.5714285714285714,0.42857142857142855,0.0,0.0,0.0,0.5166666666666667,0.26666666666666666,0.11666666666666667,0.08333333333333333,0.016666666666666666,0.0,0.0,0.0,0.0,0.0
67,wall_vs_overlord_life40_sp1_s003,sixty_counterwall_jace,40,1,1.0,1.0,0.0,tie,0,0.05,1.0,1.0,0.0,0.0,7.0,53.0,0.0,0.0,1.0,0.0,1.0,0.0,2.0,0.0,1.0,1.0,5.0,1.0,0.0,1.0,0.0,0.7142857142857143,0.14285714285714285,0.0,0.14285714285714285,0.0,0.5166666666666667,0.26666666666666666,0.11666666666666667,0.08333333333333333,0.016666666666666666,0.0,0.0,0.0,0.0,0.0
68,wall_vs_overlord_life40_sp0_s004,sixty_counterwall_jace,40,0,1.0,1.0,0.0,tie,0,0.05,1.0,1.0,0.0,0.0,7.0,53.0,0.0,0.0,1.0,0.0,1.0,0.0,1.0,0.0,1.0,0.0,4.0,3.0,0.0,0.0,0.0,0.5714285714285714,0.42857142857142855,0.0,0.0,0.0,0.5166666666666667,0.26666666666666666,0.11666666666666667,0.08333333333333333,0.016666666666666666,0.0,0.0,0.0,0.0,0.0
69,wall_vs_overlord_life40_sp1_s004,sixty_counterwall_jace,40,1,1.0,1.0,0.0,tie,0,0.05,1.0,1.0,0.0,0.0,7.0,53.0,0.0,0.0,1.0,0.0,1.0,0.0,1.0,1.0,1.0,0.0,4.0,2.0,1.0,0.0,0.0,0.5714285714285714,0.2857142857142857,0.14285714285714285,0.0,0.0,0.5166666666666667,0.26666666666666666,0.11666666666666667,0.08333333333333333,0.016666666666666666,0.0,0.0,0.0,0.0,0.0
70,wall_vs_overlord_life40_sp0_s005,sixty_counterwall_jace,40,0,0.0,1.0,1.0,mulligan,1,1.0,1.0,1.0,0.0,0.0,7.0,53.0,0.0,0.0,1.0,0.0,1.0,0.0,0.0,1.0,1.0,0.0,3.0,3.0,1.0,0.0,0.0,0.42857142857142855,0.42857142857142855,0.14285714285714285,0.0,0.0,0.5166666666666667,0.26666666666666666,0.11666666666666667,0.08333333333333333,0.016666666666666666,0.0,0.0,0.0,0.0,0.0
71,wall_vs_overlord_life40_sp1_s005,sixty_counterwall_jace,40,1,0.0,0.0,0.0,tie,0,0.05,1.0,1.0,0.0,0.0,7.0,53.0,0.0,0.0,1.0,0.0,1.0,0.0,0.0,1.0,1.0,1.0,3.0,2.0,1.0,1.0,0.0,0.42857142857142855,0.2857142857142857,0.14285714285714285,0.14285714285714285,0.0,0.5166666666666667,0.26666666666666666,0.11666666666666667,0.08333333333333333,0.016666666666666666,0.0,0.0,0.0,0.0,0.0
