arm_id,starting_life,size_axis,counter_policy_axis,games,mean_focus_target_score,mean_decisions,median_decisions,mean_turn_number,median_turn_number,mean_target_final_library,mean_opponent_final_library,mean_target_library_buffer_final,median_target_library_buffer_final,mean_target_max_library_drawdown,mean_opponent_max_library_drawdown,mean_opponent_minus_target_library_drawdown,median_opponent_minus_target_library_drawdown,mean_target_min_life,mean_opponent_min_life,mean_target_cast_jace,mean_opponent_cast_jace,mean_target_activate_jace_zero,mean_opponent_activate_jace_zero,mean_target_activate_jace_plus2_opponent,mean_opponent_activate_jace_plus2_opponent,mean_target_cast_counterspell,mean_opponent_cast_counterspell,mean_target_cast_force_pitch,mean_opponent_cast_force_pitch,mean_target_cast_force_mana,mean_opponent_cast_force_mana,mean_target_cast_overlord_impending,mean_opponent_cast_overlord_impending,mean_target_cast_overlord_full_cost,mean_opponent_cast_overlord_full_cost,mean_target_attack_to_player_total,mean_opponent_attack_to_player_total,mean_target_discard_choices,mean_opponent_discard_choices,mean_target_jace_brainstorm_putback_choices,mean_opponent_jace_brainstorm_putback_choices,target_wins,library_out_wins,target_self_deck_losses,life_total_wins
A_guard_counter60_vs_threat40,20,counter60_vs_threat40,public_counter_guard,12,0.4166666666666667,176.08333333333334,157.0,16.75,14.0,24.083333333333332,5.083333333333333,19.0,29.0,28.916666666666668,27.916666666666668,-1.0,9.0,11.083333333333334,18.333333333333332,1.25,1.4166666666666667,0.0,0.0,2.5833333333333335,2.75,3.75,1.3333333333333333,1.0,1.6666666666666667,0.6666666666666666,0.3333333333333333,0.08333333333333333,1.25,0.08333333333333333,2.6666666666666665,0.0,1.5833333333333333,0.0,3.0833333333333335,0.0,0.0,5,5,3,0
A_guard_counter60_vs_threat40,40,counter60_vs_threat40,public_counter_guard,12,0.8333333333333334,192.83333333333334,178.5,18.25,17.5,31.583333333333332,1.5833333333333333,30.0,36.5,21.416666666666668,31.666666666666668,10.25,17.0,24.833333333333332,35.5,1.25,1.0833333333333333,0.0,0.0,2.0,0.8333333333333334,5.083333333333333,2.6666666666666665,1.0,1.1666666666666667,1.1666666666666667,0.25,0.25,1.5,0.25,2.75,0.6666666666666666,2.8333333333333335,0.75,4.416666666666667,0.0,0.0,10,9,1,1
A_legacy_counter60_vs_threat40,20,counter60_vs_threat40,legacy_cf34_counter_ranker,12,0.08333333333333333,214.41666666666666,164.0,17.75,13.0,16.583333333333332,9.166666666666666,7.416666666666667,0.5,36.416666666666664,23.916666666666668,-12.5,-19.5,9.166666666666666,18.833333333333332,2.5,1.0,7.75,0.0,0.0,2.0,6.25,2.5,1.6666666666666667,1.1666666666666667,0.4166666666666667,0.5833333333333334,0.9166666666666666,1.5,0.0,3.1666666666666665,0.0,1.8333333333333333,0.5,3.5833333333333335,7.416666666666667,0.0,1,1,6,0
A_legacy_counter60_vs_threat40,40,counter60_vs_threat40,legacy_cf34_counter_ranker,12,0.4166666666666667,269.3333333333333,278.5,22.583333333333332,24.0,12.583333333333334,3.0,9.583333333333334,-0.5,40.75,30.083333333333332,-10.666666666666666,-20.5,24.75,35.0,3.25,1.0,10.666666666666666,0.0,0.0,1.5,7.75,3.0833333333333335,1.9166666666666667,1.6666666666666667,1.4166666666666667,1.0833333333333333,0.6666666666666666,2.3333333333333335,0.0,3.1666666666666665,0.6666666666666666,2.6666666666666665,0.75,4.416666666666667,10.25,0.0,5,4,6,1
B_guard_counter40_vs_threat40,20,counter40_vs_threat40,public_counter_guard,12,0.5833333333333334,196.41666666666666,166.5,19.666666666666668,16.0,12.0,4.583333333333333,7.416666666666667,11.0,21.166666666666668,28.5,7.333333333333333,10.5,11.666666666666666,18.833333333333332,1.4166666666666667,0.8333333333333334,0.0,0.0,2.5833333333333335,1.0833333333333333,4.833333333333333,2.4166666666666665,0.8333333333333334,1.1666666666666667,1.3333333333333333,0.8333333333333334,0.08333333333333333,1.5,0.25,2.1666666666666665,0.0,1.5,0.0,2.0833333333333335,0.0,0.0,7,7,2,0
B_guard_counter40_vs_threat40,40,counter40_vs_threat40,public_counter_guard,12,0.3333333333333333,223.25,204.5,22.083333333333332,19.5,7.666666666666667,2.6666666666666665,5.0,2.5,25.333333333333332,30.5,5.166666666666667,3.0,31.25,32.916666666666664,1.75,1.25,0.0,0.0,1.6666666666666667,0.8333333333333334,5.916666666666667,2.6666666666666665,1.25,1.6666666666666667,1.3333333333333333,0.75,0.3333333333333333,1.25,0.4166666666666667,2.75,1.1666666666666667,1.5,1.4166666666666667,2.25,0.0,0.0,4,4,6,0
B_legacy_counter40_vs_threat40,20,counter40_vs_threat40,legacy_cf34_counter_ranker,12,0.08333333333333333,187.83333333333334,198.5,15.75,16.5,7.583333333333333,12.166666666666666,-4.583333333333333,-14.5,25.416666666666668,20.916666666666668,-4.5,-14.5,9.583333333333334,18.833333333333332,2.0,1.0833333333333333,7.25,0.0,0.0,1.9166666666666667,5.833333333333333,2.0833333333333335,1.6666666666666667,1.1666666666666667,0.5,0.25,0.4166666666666667,1.6666666666666667,0.0,2.5833333333333335,0.0,1.75,0.0,3.1666666666666665,6.75,0.0,1,1,7,0
B_legacy_counter40_vs_threat40,40,counter40_vs_threat40,legacy_cf34_counter_ranker,12,0.16666666666666666,215.5,232.5,19.0,19.0,2.8333333333333335,10.083333333333334,-7.25,-12.5,30.333333333333332,22.916666666666668,-7.416666666666667,-12.5,31.416666666666668,38.333333333333336,2.1666666666666665,0.8333333333333334,7.666666666666667,0.0,0.0,1.25,5.666666666666667,2.4166666666666665,1.5,1.6666666666666667,1.0,0.6666666666666666,0.6666666666666666,1.4166666666666667,0.0,2.75,0.08333333333333333,1.4166666666666667,0.4166666666666667,2.5833333333333335,7.166666666666667,0.0,2,2,9,0
C_guard_counter60_vs_threat60,20,counter60_vs_threat60,public_counter_guard,12,0.6666666666666666,146.41666666666666,121.5,13.916666666666666,11.5,39.583333333333336,11.75,27.833333333333332,37.0,13.5,41.25,27.75,37.0,11.333333333333334,17.0,1.0833333333333333,0.5833333333333334,0.0,0.0,4.0,0.0,3.75,1.25,1.1666666666666667,1.3333333333333333,0.5833333333333334,0.25,0.08333333333333333,1.5,0.3333333333333333,1.6666666666666667,0.3333333333333333,1.5,0.4166666666666667,2.25,0.0,0.0,8,7,0,1
C_guard_counter60_vs_threat60,40,counter60_vs_threat60,public_counter_guard,12,0.4166666666666667,196.83333333333334,155.5,18.25,14.0,20.416666666666668,20.416666666666668,0.0,-1.5,32.583333333333336,32.75,0.16666666666666666,-1.5,24.166666666666668,32.083333333333336,1.25,1.1666666666666667,0.0,0.0,1.5833333333333333,2.4166666666666665,6.25,2.25,0.8333333333333334,1.25,1.25,0.5,0.25,1.4166666666666667,0.25,2.8333333333333335,1.3333333333333333,3.0,1.5,3.8333333333333335,0.0,0.0,5,3,4,2
C_legacy_counter60_vs_threat60,20,counter60_vs_threat60,legacy_cf34_counter_ranker,12,0.08333333333333333,240.5,203.5,19.083333333333332,17.0,10.75,25.916666666666668,-15.166666666666666,-23.5,42.25,27.166666666666668,-15.083333333333334,-23.5,7.083333333333333,17.083333333333332,2.75,1.3333333333333333,9.916666666666666,0.0,0.0,2.9166666666666665,7.0,2.75,1.6666666666666667,1.25,1.1666666666666667,0.8333333333333334,0.5,1.9166666666666667,0.0,3.5833333333333335,0.3333333333333333,2.25,0.4166666666666667,4.5,9.583333333333334,0.0,1,0,6,1
C_legacy_counter60_vs_threat60,40,counter60_vs_threat60,legacy_cf34_counter_ranker,12,0.16666666666666666,286.5833333333333,276.0,24.166666666666668,22.5,12.583333333333334,15.0,-2.4166666666666665,-4.0,40.416666666666664,38.166666666666664,-2.25,-4.0,16.916666666666668,37.25,2.75,1.0833333333333333,7.75,0.0,0.0,2.5833333333333335,7.583333333333333,3.0,1.8333333333333333,1.5,1.75,1.0833333333333333,0.6666666666666666,1.9166666666666667,0.0,5.916666666666667,0.3333333333333333,4.333333333333333,0.5,7.583333333333333,7.416666666666667,0.0,2,2,6,0
