arm_id,starting_life,size_axis,threat_policy_axis,target,opponent,target_result,terminal_mechanism,terminal_loser_role,games,share_of_group
A_guard_vs_closure_counter40_vs_threat40,20,counter40_vs_threat40,library_aware_threat_closure_targetguarded,guard_counter_wall40,pub_threat40_closure,target_loss,library_out,target,1,0.25
A_guard_vs_closure_counter40_vs_threat40,20,counter40_vs_threat40,library_aware_threat_closure_targetguarded,guard_counter_wall40,pub_threat40_closure,target_loss,life_total,target,2,0.5
A_guard_vs_closure_counter40_vs_threat40,20,counter40_vs_threat40,library_aware_threat_closure_targetguarded,guard_counter_wall40,pub_threat40_closure,target_win,library_out,opponent,1,0.25
A_guard_vs_closure_counter40_vs_threat40,40,counter40_vs_threat40,library_aware_threat_closure_targetguarded,guard_counter_wall40,pub_threat40_closure,target_loss,library_out,target,1,0.25
A_guard_vs_closure_counter40_vs_threat40,40,counter40_vs_threat40,library_aware_threat_closure_targetguarded,guard_counter_wall40,pub_threat40_closure,target_win,library_out,opponent,3,0.75
A_guard_vs_pressure_counter40_vs_threat40,20,counter40_vs_threat40,jace_pressure_threat_response,guard_counter_wall40,pub_threat40_pressure,target_loss,library_out,target,1,0.25
A_guard_vs_pressure_counter40_vs_threat40,20,counter40_vs_threat40,jace_pressure_threat_response,guard_counter_wall40,pub_threat40_pressure,target_loss,life_total,target,2,0.5
A_guard_vs_pressure_counter40_vs_threat40,20,counter40_vs_threat40,jace_pressure_threat_response,guard_counter_wall40,pub_threat40_pressure,target_win,library_out,opponent,1,0.25
A_guard_vs_pressure_counter40_vs_threat40,40,counter40_vs_threat40,jace_pressure_threat_response,guard_counter_wall40,pub_threat40_pressure,target_loss,library_out,target,1,0.25
A_guard_vs_pressure_counter40_vs_threat40,40,counter40_vs_threat40,jace_pressure_threat_response,guard_counter_wall40,pub_threat40_pressure,target_win,library_out,opponent,3,0.75
A_guard_vs_surge_counter40_vs_threat40,20,counter40_vs_threat40,face_protect_threat_surge,guard_counter_wall40,pub_threat40_surge,target_loss,life_total,target,2,0.5
A_guard_vs_surge_counter40_vs_threat40,20,counter40_vs_threat40,face_protect_threat_surge,guard_counter_wall40,pub_threat40_surge,target_win,library_out,opponent,2,0.5
A_guard_vs_surge_counter40_vs_threat40,40,counter40_vs_threat40,face_protect_threat_surge,guard_counter_wall40,pub_threat40_surge,target_loss,life_total,target,1,0.25
A_guard_vs_surge_counter40_vs_threat40,40,counter40_vs_threat40,face_protect_threat_surge,guard_counter_wall40,pub_threat40_surge,target_win,library_out,opponent,3,0.75
A_legacy_vs_closure_counter40_vs_threat40,20,counter40_vs_threat40,library_aware_threat_closure_targetguarded,legacy_counter_wall40,pub_threat40_closure,target_loss,library_out,target,2,0.5
A_legacy_vs_closure_counter40_vs_threat40,20,counter40_vs_threat40,library_aware_threat_closure_targetguarded,legacy_counter_wall40,pub_threat40_closure,target_loss,life_total,target,1,0.25
A_legacy_vs_closure_counter40_vs_threat40,20,counter40_vs_threat40,library_aware_threat_closure_targetguarded,legacy_counter_wall40,pub_threat40_closure,target_win,library_out,opponent,1,0.25
A_legacy_vs_closure_counter40_vs_threat40,40,counter40_vs_threat40,library_aware_threat_closure_targetguarded,legacy_counter_wall40,pub_threat40_closure,target_loss,library_out,target,3,0.75
A_legacy_vs_closure_counter40_vs_threat40,40,counter40_vs_threat40,library_aware_threat_closure_targetguarded,legacy_counter_wall40,pub_threat40_closure,target_win,library_out,opponent,1,0.25
A_legacy_vs_pressure_counter40_vs_threat40,20,counter40_vs_threat40,jace_pressure_threat_response,legacy_counter_wall40,pub_threat40_pressure,target_loss,library_out,target,2,0.5
A_legacy_vs_pressure_counter40_vs_threat40,20,counter40_vs_threat40,jace_pressure_threat_response,legacy_counter_wall40,pub_threat40_pressure,target_loss,life_total,target,2,0.5
A_legacy_vs_pressure_counter40_vs_threat40,40,counter40_vs_threat40,jace_pressure_threat_response,legacy_counter_wall40,pub_threat40_pressure,target_loss,library_out,target,2,0.5
A_legacy_vs_pressure_counter40_vs_threat40,40,counter40_vs_threat40,jace_pressure_threat_response,legacy_counter_wall40,pub_threat40_pressure,target_loss,life_total,target,1,0.25
A_legacy_vs_pressure_counter40_vs_threat40,40,counter40_vs_threat40,jace_pressure_threat_response,legacy_counter_wall40,pub_threat40_pressure,target_win,library_out,opponent,1,0.25
A_legacy_vs_surge_counter40_vs_threat40,20,counter40_vs_threat40,face_protect_threat_surge,legacy_counter_wall40,pub_threat40_surge,target_loss,library_out,target,3,0.75
A_legacy_vs_surge_counter40_vs_threat40,20,counter40_vs_threat40,face_protect_threat_surge,legacy_counter_wall40,pub_threat40_surge,target_loss,life_total,target,1,0.25
A_legacy_vs_surge_counter40_vs_threat40,40,counter40_vs_threat40,face_protect_threat_surge,legacy_counter_wall40,pub_threat40_surge,target_loss,library_out,target,2,0.5
A_legacy_vs_surge_counter40_vs_threat40,40,counter40_vs_threat40,face_protect_threat_surge,legacy_counter_wall40,pub_threat40_surge,target_win,library_out,opponent,2,0.5
B_guard_vs_closure_counter60_vs_threat40,20,counter60_vs_threat40,library_aware_threat_closure_targetguarded,guard_counter_wall60,pub_threat40_closure,target_loss,life_total,target,2,0.5
B_guard_vs_closure_counter60_vs_threat40,20,counter60_vs_threat40,library_aware_threat_closure_targetguarded,guard_counter_wall60,pub_threat40_closure,target_win,library_out,opponent,2,0.5
B_guard_vs_closure_counter60_vs_threat40,40,counter60_vs_threat40,library_aware_threat_closure_targetguarded,guard_counter_wall60,pub_threat40_closure,target_loss,library_out,target,1,0.25
B_guard_vs_closure_counter60_vs_threat40,40,counter60_vs_threat40,library_aware_threat_closure_targetguarded,guard_counter_wall60,pub_threat40_closure,target_loss,life_total,target,1,0.25
B_guard_vs_closure_counter60_vs_threat40,40,counter60_vs_threat40,library_aware_threat_closure_targetguarded,guard_counter_wall60,pub_threat40_closure,target_win,library_out,opponent,2,0.5
B_guard_vs_pressure_counter60_vs_threat40,20,counter60_vs_threat40,jace_pressure_threat_response,guard_counter_wall60,pub_threat40_pressure,target_loss,library_out,target,1,0.25
B_guard_vs_pressure_counter60_vs_threat40,20,counter60_vs_threat40,jace_pressure_threat_response,guard_counter_wall60,pub_threat40_pressure,target_loss,life_total,target,1,0.25
B_guard_vs_pressure_counter60_vs_threat40,20,counter60_vs_threat40,jace_pressure_threat_response,guard_counter_wall60,pub_threat40_pressure,target_win,library_out,opponent,2,0.5
B_guard_vs_pressure_counter60_vs_threat40,40,counter60_vs_threat40,jace_pressure_threat_response,guard_counter_wall60,pub_threat40_pressure,target_loss,life_total,target,1,0.25
B_guard_vs_pressure_counter60_vs_threat40,40,counter60_vs_threat40,jace_pressure_threat_response,guard_counter_wall60,pub_threat40_pressure,target_win,library_out,opponent,3,0.75
B_guard_vs_surge_counter60_vs_threat40,20,counter60_vs_threat40,face_protect_threat_surge,guard_counter_wall60,pub_threat40_surge,target_loss,life_total,target,1,0.25
B_guard_vs_surge_counter60_vs_threat40,20,counter60_vs_threat40,face_protect_threat_surge,guard_counter_wall60,pub_threat40_surge,target_win,library_out,opponent,3,0.75
B_guard_vs_surge_counter60_vs_threat40,40,counter60_vs_threat40,face_protect_threat_surge,guard_counter_wall60,pub_threat40_surge,target_loss,library_out,target,3,0.75
B_guard_vs_surge_counter60_vs_threat40,40,counter60_vs_threat40,face_protect_threat_surge,guard_counter_wall60,pub_threat40_surge,target_win,library_out,opponent,1,0.25
B_legacy_vs_closure_counter60_vs_threat40,20,counter60_vs_threat40,library_aware_threat_closure_targetguarded,legacy_counter_wall60,pub_threat40_closure,target_loss,library_out,target,2,0.5
B_legacy_vs_closure_counter60_vs_threat40,20,counter60_vs_threat40,library_aware_threat_closure_targetguarded,legacy_counter_wall60,pub_threat40_closure,target_loss,life_total,target,2,0.5
B_legacy_vs_closure_counter60_vs_threat40,40,counter60_vs_threat40,library_aware_threat_closure_targetguarded,legacy_counter_wall60,pub_threat40_closure,target_loss,library_out,target,1,0.25
B_legacy_vs_closure_counter60_vs_threat40,40,counter60_vs_threat40,library_aware_threat_closure_targetguarded,legacy_counter_wall60,pub_threat40_closure,target_win,library_out,opponent,3,0.75
B_legacy_vs_pressure_counter60_vs_threat40,20,counter60_vs_threat40,jace_pressure_threat_response,legacy_counter_wall60,pub_threat40_pressure,target_loss,library_out,target,1,0.25
B_legacy_vs_pressure_counter60_vs_threat40,20,counter60_vs_threat40,jace_pressure_threat_response,legacy_counter_wall60,pub_threat40_pressure,target_loss,life_total,target,2,0.5
B_legacy_vs_pressure_counter60_vs_threat40,20,counter60_vs_threat40,jace_pressure_threat_response,legacy_counter_wall60,pub_threat40_pressure,target_win,library_out,opponent,1,0.25
B_legacy_vs_pressure_counter60_vs_threat40,40,counter60_vs_threat40,jace_pressure_threat_response,legacy_counter_wall60,pub_threat40_pressure,target_loss,library_out,target,2,0.5
B_legacy_vs_pressure_counter60_vs_threat40,40,counter60_vs_threat40,jace_pressure_threat_response,legacy_counter_wall60,pub_threat40_pressure,target_loss,life_total,target,1,0.25
B_legacy_vs_pressure_counter60_vs_threat40,40,counter60_vs_threat40,jace_pressure_threat_response,legacy_counter_wall60,pub_threat40_pressure,target_win,library_out,opponent,1,0.25
B_legacy_vs_surge_counter60_vs_threat40,20,counter60_vs_threat40,face_protect_threat_surge,legacy_counter_wall60,pub_threat40_surge,target_loss,library_out,target,2,0.5
B_legacy_vs_surge_counter60_vs_threat40,20,counter60_vs_threat40,face_protect_threat_surge,legacy_counter_wall60,pub_threat40_surge,target_loss,life_total,target,2,0.5
B_legacy_vs_surge_counter60_vs_threat40,40,counter60_vs_threat40,face_protect_threat_surge,legacy_counter_wall60,pub_threat40_surge,target_loss,library_out,target,3,0.75
B_legacy_vs_surge_counter60_vs_threat40,40,counter60_vs_threat40,face_protect_threat_surge,legacy_counter_wall60,pub_threat40_surge,target_win,library_out,opponent,1,0.25
C_guard_vs_closure_counter60_vs_threat60,20,counter60_vs_threat60,library_aware_threat_closure_targetguarded,guard_counter_wall60,pub_threat60_closure,target_loss,life_total,target,4,1.0
C_guard_vs_closure_counter60_vs_threat60,40,counter60_vs_threat60,library_aware_threat_closure_targetguarded,guard_counter_wall60,pub_threat60_closure,target_loss,life_total,target,1,0.25
C_guard_vs_closure_counter60_vs_threat60,40,counter60_vs_threat60,library_aware_threat_closure_targetguarded,guard_counter_wall60,pub_threat60_closure,target_win,library_out,opponent,2,0.5
C_guard_vs_closure_counter60_vs_threat60,40,counter60_vs_threat60,library_aware_threat_closure_targetguarded,guard_counter_wall60,pub_threat60_closure,target_win,life_total,opponent,1,0.25
C_guard_vs_pressure_counter60_vs_threat60,20,counter60_vs_threat60,jace_pressure_threat_response,guard_counter_wall60,pub_threat60_pressure,target_loss,library_out,target,1,0.25
C_guard_vs_pressure_counter60_vs_threat60,20,counter60_vs_threat60,jace_pressure_threat_response,guard_counter_wall60,pub_threat60_pressure,target_loss,life_total,target,2,0.5
C_guard_vs_pressure_counter60_vs_threat60,20,counter60_vs_threat60,jace_pressure_threat_response,guard_counter_wall60,pub_threat60_pressure,target_win,library_out,opponent,1,0.25
C_guard_vs_pressure_counter60_vs_threat60,40,counter60_vs_threat60,jace_pressure_threat_response,guard_counter_wall60,pub_threat60_pressure,target_loss,life_total,target,2,0.5
C_guard_vs_pressure_counter60_vs_threat60,40,counter60_vs_threat60,jace_pressure_threat_response,guard_counter_wall60,pub_threat60_pressure,target_win,library_out,opponent,2,0.5
C_guard_vs_surge_counter60_vs_threat60,20,counter60_vs_threat60,face_protect_threat_surge,guard_counter_wall60,pub_threat60_surge,target_loss,life_total,target,2,0.5
C_guard_vs_surge_counter60_vs_threat60,20,counter60_vs_threat60,face_protect_threat_surge,guard_counter_wall60,pub_threat60_surge,target_win,library_out,opponent,1,0.25
C_guard_vs_surge_counter60_vs_threat60,20,counter60_vs_threat60,face_protect_threat_surge,guard_counter_wall60,pub_threat60_surge,target_win,life_total,opponent,1,0.25
C_guard_vs_surge_counter60_vs_threat60,40,counter60_vs_threat60,face_protect_threat_surge,guard_counter_wall60,pub_threat60_surge,target_loss,life_total,target,3,0.75
C_guard_vs_surge_counter60_vs_threat60,40,counter60_vs_threat60,face_protect_threat_surge,guard_counter_wall60,pub_threat60_surge,target_win,library_out,opponent,1,0.25
C_legacy_vs_closure_counter60_vs_threat60,20,counter60_vs_threat60,library_aware_threat_closure_targetguarded,legacy_counter_wall60,pub_threat60_closure,target_loss,library_out,target,2,0.5
C_legacy_vs_closure_counter60_vs_threat60,20,counter60_vs_threat60,library_aware_threat_closure_targetguarded,legacy_counter_wall60,pub_threat60_closure,target_loss,life_total,target,2,0.5
C_legacy_vs_closure_counter60_vs_threat60,40,counter60_vs_threat60,library_aware_threat_closure_targetguarded,legacy_counter_wall60,pub_threat60_closure,target_loss,life_total,target,4,1.0
C_legacy_vs_pressure_counter60_vs_threat60,20,counter60_vs_threat60,jace_pressure_threat_response,legacy_counter_wall60,pub_threat60_pressure,target_loss,life_total,target,4,1.0
C_legacy_vs_pressure_counter60_vs_threat60,40,counter60_vs_threat60,jace_pressure_threat_response,legacy_counter_wall60,pub_threat60_pressure,target_loss,library_out,target,2,0.5
C_legacy_vs_pressure_counter60_vs_threat60,40,counter60_vs_threat60,jace_pressure_threat_response,legacy_counter_wall60,pub_threat60_pressure,target_loss,life_total,target,2,0.5
C_legacy_vs_surge_counter60_vs_threat60,20,counter60_vs_threat60,face_protect_threat_surge,legacy_counter_wall60,pub_threat60_surge,target_loss,library_out,target,1,0.25
C_legacy_vs_surge_counter60_vs_threat60,20,counter60_vs_threat60,face_protect_threat_surge,legacy_counter_wall60,pub_threat60_surge,target_loss,life_total,target,2,0.5
C_legacy_vs_surge_counter60_vs_threat60,20,counter60_vs_threat60,face_protect_threat_surge,legacy_counter_wall60,pub_threat60_surge,target_win,life_total,opponent,1,0.25
C_legacy_vs_surge_counter60_vs_threat60,40,counter60_vs_threat60,face_protect_threat_surge,legacy_counter_wall60,pub_threat60_surge,target_loss,life_total,target,4,1.0
