arm_id,starting_life,seed,target_seat,starting_player,focus_target_score,focus_terminal_mechanism,focus_terminal_loser_role,loss_reason,decisions,turn_number,target_start_library,opponent_start_library,target_final_library,opponent_final_library,target_library_buffer_final,target_min_life,opponent_min_life,opponent_cast_overlord_impending,opponent_cast_overlord_full_cost,opponent_attack_to_player_total,target_cast_jace,target_cast_counterspell,target_cast_force_pitch
J_buffer60_vs_threat40,20,6262058,1,1,1.0,library_out,opponent,player_0_attempted_to_draw_from_empty_library,163,14,60,33,48,0,48,10,18,3,6,4,0,0,0
J_buffer60_vs_threat40,20,6262057,1,1,1.0,library_out,opponent,player_0_attempted_to_draw_from_empty_library,195,17,60,33,45,0,45,20,17,3,6,0,0,0,0
J_buffer60_vs_threat40,20,6262059,1,1,1.0,library_out,opponent,player_0_attempted_to_draw_from_empty_library,200,18,60,33,44,0,44,20,18,2,5,0,0,0,0
J_buffer60_vs_threat40,20,6262052,0,1,1.0,library_out,opponent,player_1_attempted_to_draw_from_empty_library,234,24,60,33,37,0,37,20,17,2,6,0,0,0,0
J_buffer60_vs_threat40,20,6262056,1,0,1.0,library_out,opponent,player_0_attempted_to_draw_from_empty_library,234,25,60,33,36,0,36,5,19,0,6,3,0,0,0
J_buffer60_vs_threat40,20,6262050,0,0,1.0,library_out,opponent,player_1_attempted_to_draw_from_empty_library,262,27,60,34,34,0,34,20,18,1,6,0,0,0,0
J_buffer60_vs_threat40,40,6262060,0,0,1.0,library_out,opponent,player_1_attempted_to_draw_from_empty_library,109,9,60,33,52,0,52,15,38,3,2,9,0,0,0
J_buffer60_vs_threat40,40,6262065,0,1,1.0,library_out,opponent,player_1_attempted_to_draw_from_empty_library,109,9,60,33,52,0,52,15,38,3,2,9,0,0,0
J_buffer60_vs_threat40,40,6262068,1,0,1.0,library_out,opponent,player_0_attempted_to_draw_from_empty_library,168,15,60,33,46,0,46,15,38,3,5,6,0,0,0
J_buffer60_vs_threat40,40,6262064,0,1,1.0,library_out,opponent,player_1_attempted_to_draw_from_empty_library,177,16,60,34,45,0,45,20,38,3,6,6,0,0,0
J_buffer60_vs_threat40,40,6262061,0,0,1.0,library_out,opponent,player_1_attempted_to_draw_from_empty_library,191,16,60,34,45,0,45,35,37,2,5,1,0,0,0
J_buffer60_vs_threat40,40,6262071,1,1,1.0,library_out,opponent,player_0_attempted_to_draw_from_empty_library,195,17,60,33,45,0,45,40,37,2,7,0,0,0,0
J_buffer60_vs_threat40,40,6262070,1,1,1.0,library_out,opponent,player_0_attempted_to_draw_from_empty_library,196,17,60,33,45,0,45,40,37,2,6,0,0,0,0
J_buffer60_vs_threat40,40,6262067,1,0,1.0,library_out,opponent,player_0_attempted_to_draw_from_empty_library,198,21,60,33,40,0,40,15,37,1,5,6,0,0,0
J_buffer60_vs_threat40,40,6262062,0,0,1.0,library_out,opponent,player_1_attempted_to_draw_from_empty_library,204,18,60,33,43,0,43,40,37,1,5,0,0,0,0
J_buffer60_vs_threat40,40,6262069,1,1,1.0,library_out,opponent,player_0_attempted_to_draw_from_empty_library,232,24,60,33,38,0,38,40,38,0,8,0,0,0,0
