simulator_revision,strategy0,strategy1,deck0,deck1,agent0,agent1,mulligan0,mulligan1,starting_life,starting_player,seed,winner,p0_score,p1_score,p0_terminal_win,p1_terminal_win,is_nonterminal_draw,is_truncation,loss_reason,decisions,log_events,turn_number,reward_convention,interface,p0_terminal_only_score,p1_terminal_only_score,rep,pair_index
rev0021,ranker_fjace,ranker_fjace,forty_force_jace_pressure,forty_force_jace_pressure,linear_ranker_rev0021,linear_ranker_rev0021,land_band_business,land_band_business,20,0,212100,1,0.0,1.0,0.0,1.0,False,False,player_0_attempted_to_draw_from_empty_library,260,0,16,draw_half_reporting_terminal_only_training,public_decision_frame,0.0,1.0,0,0:0
rev0021,ranker_fjace,ranker_fjace,forty_force_jace_pressure,forty_force_jace_pressure,linear_ranker_rev0021,linear_ranker_rev0021,land_band_business,land_band_business,20,1,212101,1,0.0,1.0,0.0,1.0,False,False,player_0_attempted_to_draw_from_empty_library,232,0,19,draw_half_reporting_terminal_only_training,public_decision_frame,0.0,1.0,0,0:0
rev0021,ranker_fjace,ranker_overlord,forty_force_jace_pressure,forty_overlord_impending,linear_ranker_rev0021,linear_ranker_rev0021,land_band_business,land_band,20,0,212102,0,1.0,0.0,1.0,0.0,False,False,player_1_attempted_to_draw_from_empty_library,236,0,17,draw_half_reporting_terminal_only_training,public_decision_frame,1.0,0.0,0,0:1
rev0021,ranker_fjace,ranker_overlord,forty_force_jace_pressure,forty_overlord_impending,linear_ranker_rev0021,linear_ranker_rev0021,land_band_business,land_band,20,1,212103,1,0.0,1.0,0.0,1.0,False,False,player_0_attempted_to_draw_from_empty_library,238,0,18,draw_half_reporting_terminal_only_training,public_decision_frame,0.0,1.0,0,0:1
rev0021,ranker_fjace,ranker_jace60,forty_force_jace_pressure,sixty_no_overlord_jace_only,linear_ranker_rev0021,linear_ranker_rev0021,land_band_business,keep_always,20,0,212104,1,0.0,1.0,0.0,1.0,False,False,player_0_attempted_to_draw_from_empty_library,250,0,17,draw_half_reporting_terminal_only_training,public_decision_frame,0.0,1.0,0,0:2
rev0021,ranker_fjace,ranker_jace60,forty_force_jace_pressure,sixty_no_overlord_jace_only,linear_ranker_rev0021,linear_ranker_rev0021,land_band_business,keep_always,20,1,212105,1,0.0,1.0,0.0,1.0,False,False,player_0_attempted_to_draw_from_empty_library,280,0,19,draw_half_reporting_terminal_only_training,public_decision_frame,0.0,1.0,0,0:2
rev0021,ranker_fjace,pub_fjace,forty_force_jace_pressure,forty_force_jace_pressure,linear_ranker_rev0021,heuristic,land_band_business,land_band,20,0,212106,1,0.0,1.0,0.0,1.0,False,False,player_0_attempted_to_draw_from_empty_library,264,0,24,draw_half_reporting_terminal_only_training,public_decision_frame,0.0,1.0,0,0:3
rev0021,ranker_fjace,pub_fjace,forty_force_jace_pressure,forty_force_jace_pressure,linear_ranker_rev0021,heuristic,land_band_business,land_band,20,1,212107,0,1.0,0.0,1.0,0.0,False,False,player_1_attempted_to_draw_from_empty_library,272,0,18,draw_half_reporting_terminal_only_training,public_decision_frame,1.0,0.0,0,0:3
rev0021,ranker_fjace,pub_counter_wall,forty_force_jace_pressure,sixty_counterwall_jace,linear_ranker_rev0021,counter_happy,land_band_business,land_band_business,20,0,212108,1,0.0,1.0,0.0,1.0,False,False,player_0_attempted_to_draw_from_empty_library,325,0,33,draw_half_reporting_terminal_only_training,public_decision_frame,0.0,1.0,0,0:4
rev0021,ranker_fjace,pub_counter_wall,forty_force_jace_pressure,sixty_counterwall_jace,linear_ranker_rev0021,counter_happy,land_band_business,land_band_business,20,1,212109,0,1.0,0.0,1.0,0.0,False,False,player_1_attempted_to_draw_from_empty_library,387,0,32,draw_half_reporting_terminal_only_training,public_decision_frame,1.0,0.0,0,0:4
rev0021,ranker_fjace,pub_threat_overlord,forty_force_jace_pressure,forty_overlord_impending,linear_ranker_rev0021,threat_rush,land_band_business,land_band,20,0,212110,1,0.0,1.0,0.0,1.0,False,False,player_0_attempted_to_draw_from_empty_library,285,0,19,draw_half_reporting_terminal_only_training,public_decision_frame,0.0,1.0,0,0:5
rev0021,ranker_fjace,pub_threat_overlord,forty_force_jace_pressure,forty_overlord_impending,linear_ranker_rev0021,threat_rush,land_band_business,land_band,20,1,212111,1,0.0,1.0,0.0,1.0,False,False,player_0_attempted_to_draw_from_empty_library,269,0,19,draw_half_reporting_terminal_only_training,public_decision_frame,0.0,1.0,0,0:5
rev0021,ranker_fjace,code_jace,forty_force_jace_pressure,sixty_no_overlord_jace_only,linear_ranker_rev0021,code_jace_lock_rev0013,land_band_business,keep_always,20,0,212112,1,0.0,1.0,0.0,1.0,False,False,player_0_attempted_to_draw_from_empty_library,274,0,25,draw_half_reporting_terminal_only_training,public_decision_frame,0.0,1.0,0,0:6
rev0021,ranker_fjace,code_jace,forty_force_jace_pressure,sixty_no_overlord_jace_only,linear_ranker_rev0021,code_jace_lock_rev0013,land_band_business,keep_always,20,1,212113,1,0.0,1.0,0.0,1.0,False,False,player_0_attempted_to_draw_from_empty_library,235,0,19,draw_half_reporting_terminal_only_training,public_decision_frame,0.0,1.0,0,0:6
rev0021,ranker_fjace,code_clock,forty_force_jace_pressure,forty_overlord_impending,linear_ranker_rev0021,code_overlord_clock_rev0013,land_band_business,land_band,20,0,212114,1,0.0,1.0,0.0,1.0,False,False,player_0_attempted_to_draw_from_empty_library,264,0,20,draw_half_reporting_terminal_only_training,public_decision_frame,0.0,1.0,0,0:7
rev0021,ranker_fjace,code_clock,forty_force_jace_pressure,forty_overlord_impending,linear_ranker_rev0021,code_overlord_clock_rev0013,land_band_business,land_band,20,1,212115,1,0.0,1.0,0.0,1.0,False,False,player_0_attempted_to_draw_from_empty_library,274,0,18,draw_half_reporting_terminal_only_training,public_decision_frame,0.0,1.0,0,0:7
rev0021,ranker_overlord,ranker_fjace,forty_overlord_impending,forty_force_jace_pressure,linear_ranker_rev0021,linear_ranker_rev0021,land_band,land_band_business,20,0,212116,0,1.0,0.0,1.0,0.0,False,False,player_1_attempted_to_draw_from_empty_library,278,0,17,draw_half_reporting_terminal_only_training,public_decision_frame,1.0,0.0,0,1:0
rev0021,ranker_overlord,ranker_fjace,forty_overlord_impending,forty_force_jace_pressure,linear_ranker_rev0021,linear_ranker_rev0021,land_band,land_band_business,20,1,212117,0,1.0,0.0,1.0,0.0,False,False,player_1_attempted_to_draw_from_empty_library,271,0,20,draw_half_reporting_terminal_only_training,public_decision_frame,1.0,0.0,0,1:0
rev0021,ranker_overlord,ranker_overlord,forty_overlord_impending,forty_overlord_impending,linear_ranker_rev0021,linear_ranker_rev0021,land_band,land_band,20,0,212118,1,0.0,1.0,0.0,1.0,False,False,player_0_attempted_to_draw_from_empty_library,273,0,18,draw_half_reporting_terminal_only_training,public_decision_frame,0.0,1.0,0,1:1
rev0021,ranker_overlord,ranker_overlord,forty_overlord_impending,forty_overlord_impending,linear_ranker_rev0021,linear_ranker_rev0021,land_band,land_band,20,1,212119,0,1.0,0.0,1.0,0.0,False,False,player_1_attempted_to_draw_from_empty_library,241,0,19,draw_half_reporting_terminal_only_training,public_decision_frame,1.0,0.0,0,1:1
rev0021,ranker_overlord,ranker_jace60,forty_overlord_impending,sixty_no_overlord_jace_only,linear_ranker_rev0021,linear_ranker_rev0021,land_band,keep_always,20,0,212120,0,1.0,0.0,1.0,0.0,False,False,player_1_attempted_to_draw_from_empty_library,379,0,28,draw_half_reporting_terminal_only_training,public_decision_frame,1.0,0.0,0,1:2
rev0021,ranker_overlord,ranker_jace60,forty_overlord_impending,sixty_no_overlord_jace_only,linear_ranker_rev0021,linear_ranker_rev0021,land_band,keep_always,20,1,212121,1,0.0,1.0,0.0,1.0,False,False,player_0_attempted_to_draw_from_empty_library,263,0,18,draw_half_reporting_terminal_only_training,public_decision_frame,0.0,1.0,0,1:2
rev0021,ranker_overlord,pub_fjace,forty_overlord_impending,forty_force_jace_pressure,linear_ranker_rev0021,heuristic,land_band,land_band,20,0,212122,0,1.0,0.0,1.0,0.0,False,False,player_1_attempted_to_draw_from_empty_library,253,0,18,draw_half_reporting_terminal_only_training,public_decision_frame,1.0,0.0,0,1:3
rev0021,ranker_overlord,pub_fjace,forty_overlord_impending,forty_force_jace_pressure,linear_ranker_rev0021,heuristic,land_band,land_band,20,1,212123,1,0.0,1.0,0.0,1.0,False,False,player_0_attempted_to_draw_from_empty_library,301,0,24,draw_half_reporting_terminal_only_training,public_decision_frame,0.0,1.0,0,1:3
rev0021,ranker_overlord,pub_counter_wall,forty_overlord_impending,sixty_counterwall_jace,linear_ranker_rev0021,counter_happy,land_band,land_band_business,20,0,212124,1,0.0,1.0,0.0,1.0,False,False,player_0_attempted_to_draw_from_empty_library,229,0,17,draw_half_reporting_terminal_only_training,public_decision_frame,0.0,1.0,0,1:4
rev0021,ranker_overlord,pub_counter_wall,forty_overlord_impending,sixty_counterwall_jace,linear_ranker_rev0021,counter_happy,land_band,land_band_business,20,1,212125,0,1.0,0.0,1.0,0.0,False,False,player_1_attempted_to_draw_from_empty_library,383,0,32,draw_half_reporting_terminal_only_training,public_decision_frame,1.0,0.0,0,1:4
rev0021,ranker_overlord,pub_threat_overlord,forty_overlord_impending,forty_overlord_impending,linear_ranker_rev0021,threat_rush,land_band,land_band,20,0,212126,1,0.0,1.0,0.0,1.0,False,False,player_0_attempted_to_draw_from_empty_library,271,0,22,draw_half_reporting_terminal_only_training,public_decision_frame,0.0,1.0,0,1:5
rev0021,ranker_overlord,pub_threat_overlord,forty_overlord_impending,forty_overlord_impending,linear_ranker_rev0021,threat_rush,land_band,land_band,20,1,212127,1,0.0,1.0,0.0,1.0,False,False,player_0_life_total_zero_or_less,107,0,9,draw_half_reporting_terminal_only_training,public_decision_frame,0.0,1.0,0,1:5
rev0021,ranker_overlord,code_jace,forty_overlord_impending,sixty_no_overlord_jace_only,linear_ranker_rev0021,code_jace_lock_rev0013,land_band,keep_always,20,0,212128,0,1.0,0.0,1.0,0.0,False,False,player_1_attempted_to_draw_from_empty_library,192,0,18,draw_half_reporting_terminal_only_training,public_decision_frame,1.0,0.0,0,1:6
rev0021,ranker_overlord,code_jace,forty_overlord_impending,sixty_no_overlord_jace_only,linear_ranker_rev0021,code_jace_lock_rev0013,land_band,keep_always,20,1,212129,1,0.0,1.0,0.0,1.0,False,False,player_0_attempted_to_draw_from_empty_library,267,0,21,draw_half_reporting_terminal_only_training,public_decision_frame,0.0,1.0,0,1:6
rev0021,ranker_overlord,code_clock,forty_overlord_impending,forty_overlord_impending,linear_ranker_rev0021,code_overlord_clock_rev0013,land_band,land_band,20,0,212130,1,0.0,1.0,0.0,1.0,False,False,player_0_life_total_zero_or_less,179,0,12,draw_half_reporting_terminal_only_training,public_decision_frame,0.0,1.0,0,1:7
rev0021,ranker_overlord,code_clock,forty_overlord_impending,forty_overlord_impending,linear_ranker_rev0021,code_overlord_clock_rev0013,land_band,land_band,20,1,212131,1,0.0,1.0,0.0,1.0,False,False,player_0_attempted_to_draw_from_empty_library,291,0,22,draw_half_reporting_terminal_only_training,public_decision_frame,0.0,1.0,0,1:7
rev0021,ranker_jace60,ranker_fjace,sixty_no_overlord_jace_only,forty_force_jace_pressure,linear_ranker_rev0021,linear_ranker_rev0021,keep_always,land_band_business,20,0,212132,1,0.0,1.0,0.0,1.0,False,False,player_0_attempted_to_draw_from_empty_library,348,0,31,draw_half_reporting_terminal_only_training,public_decision_frame,0.0,1.0,0,2:0
rev0021,ranker_jace60,ranker_fjace,sixty_no_overlord_jace_only,forty_force_jace_pressure,linear_ranker_rev0021,linear_ranker_rev0021,keep_always,land_band_business,20,1,212133,1,0.0,1.0,0.0,1.0,False,False,player_0_attempted_to_draw_from_empty_library,346,0,30,draw_half_reporting_terminal_only_training,public_decision_frame,0.0,1.0,0,2:0
rev0021,ranker_jace60,ranker_overlord,sixty_no_overlord_jace_only,forty_overlord_impending,linear_ranker_rev0021,linear_ranker_rev0021,keep_always,land_band,20,0,212134,0,1.0,0.0,1.0,0.0,False,False,player_1_attempted_to_draw_from_empty_library,367,0,34,draw_half_reporting_terminal_only_training,public_decision_frame,1.0,0.0,0,2:1
rev0021,ranker_jace60,ranker_overlord,sixty_no_overlord_jace_only,forty_overlord_impending,linear_ranker_rev0021,linear_ranker_rev0021,keep_always,land_band,20,1,212135,0,1.0,0.0,1.0,0.0,False,False,player_1_attempted_to_draw_from_empty_library,350,0,25,draw_half_reporting_terminal_only_training,public_decision_frame,1.0,0.0,0,2:1
rev0021,ranker_jace60,ranker_jace60,sixty_no_overlord_jace_only,sixty_no_overlord_jace_only,linear_ranker_rev0021,linear_ranker_rev0021,keep_always,keep_always,20,0,212136,0,1.0,0.0,1.0,0.0,False,False,player_1_attempted_to_draw_from_empty_library,381,0,28,draw_half_reporting_terminal_only_training,public_decision_frame,1.0,0.0,0,2:2
rev0021,ranker_jace60,ranker_jace60,sixty_no_overlord_jace_only,sixty_no_overlord_jace_only,linear_ranker_rev0021,linear_ranker_rev0021,keep_always,keep_always,20,1,212137,0,1.0,0.0,1.0,0.0,False,False,player_1_attempted_to_draw_from_empty_library,351,0,29,draw_half_reporting_terminal_only_training,public_decision_frame,1.0,0.0,0,2:2
rev0021,ranker_jace60,pub_fjace,sixty_no_overlord_jace_only,forty_force_jace_pressure,linear_ranker_rev0021,heuristic,keep_always,land_band,20,0,212138,1,0.0,1.0,0.0,1.0,False,False,player_0_attempted_to_draw_from_empty_library,370,0,32,draw_half_reporting_terminal_only_training,public_decision_frame,0.0,1.0,0,2:3
rev0021,ranker_jace60,pub_fjace,sixty_no_overlord_jace_only,forty_force_jace_pressure,linear_ranker_rev0021,heuristic,keep_always,land_band,20,1,212139,0,1.0,0.0,1.0,0.0,False,False,player_1_attempted_to_draw_from_empty_library,294,0,29,draw_half_reporting_terminal_only_training,public_decision_frame,1.0,0.0,0,2:3
rev0021,ranker_jace60,pub_counter_wall,sixty_no_overlord_jace_only,sixty_counterwall_jace,linear_ranker_rev0021,counter_happy,keep_always,land_band_business,20,0,212140,1,0.0,1.0,0.0,1.0,False,False,player_0_attempted_to_draw_from_empty_library,436,0,30,draw_half_reporting_terminal_only_training,public_decision_frame,0.0,1.0,0,2:4
rev0021,ranker_jace60,pub_counter_wall,sixty_no_overlord_jace_only,sixty_counterwall_jace,linear_ranker_rev0021,counter_happy,keep_always,land_band_business,20,1,212141,1,0.0,1.0,0.0,1.0,False,False,player_0_attempted_to_draw_from_empty_library,360,0,29,draw_half_reporting_terminal_only_training,public_decision_frame,0.0,1.0,0,2:4
rev0021,ranker_jace60,pub_threat_overlord,sixty_no_overlord_jace_only,forty_overlord_impending,linear_ranker_rev0021,threat_rush,keep_always,land_band,20,0,212142,0,1.0,0.0,1.0,0.0,False,False,player_1_attempted_to_draw_from_empty_library,340,0,23,draw_half_reporting_terminal_only_training,public_decision_frame,1.0,0.0,0,2:5
rev0021,ranker_jace60,pub_threat_overlord,sixty_no_overlord_jace_only,forty_overlord_impending,linear_ranker_rev0021,threat_rush,keep_always,land_band,20,1,212143,0,1.0,0.0,1.0,0.0,False,False,player_1_attempted_to_draw_from_empty_library,300,0,19,draw_half_reporting_terminal_only_training,public_decision_frame,1.0,0.0,0,2:5
rev0021,ranker_jace60,code_jace,sixty_no_overlord_jace_only,sixty_no_overlord_jace_only,linear_ranker_rev0021,code_jace_lock_rev0013,keep_always,keep_always,20,0,212144,1,0.0,1.0,0.0,1.0,False,False,player_0_attempted_to_draw_from_empty_library,327,0,28,draw_half_reporting_terminal_only_training,public_decision_frame,0.0,1.0,0,2:6
rev0021,ranker_jace60,code_jace,sixty_no_overlord_jace_only,sixty_no_overlord_jace_only,linear_ranker_rev0021,code_jace_lock_rev0013,keep_always,keep_always,20,1,212145,1,0.0,1.0,0.0,1.0,False,False,player_0_attempted_to_draw_from_empty_library,247,0,28,draw_half_reporting_terminal_only_training,public_decision_frame,0.0,1.0,0,2:6
rev0021,ranker_jace60,code_clock,sixty_no_overlord_jace_only,forty_overlord_impending,linear_ranker_rev0021,code_overlord_clock_rev0013,keep_always,land_band,20,0,212146,1,0.0,1.0,0.0,1.0,False,False,player_0_attempted_to_draw_from_empty_library,362,0,30,draw_half_reporting_terminal_only_training,public_decision_frame,0.0,1.0,0,2:7
rev0021,ranker_jace60,code_clock,sixty_no_overlord_jace_only,forty_overlord_impending,linear_ranker_rev0021,code_overlord_clock_rev0013,keep_always,land_band,20,1,212147,1,0.0,1.0,0.0,1.0,False,False,player_0_attempted_to_draw_from_empty_library,386,0,29,draw_half_reporting_terminal_only_training,public_decision_frame,0.0,1.0,0,2:7
rev0021,pub_fjace,ranker_fjace,forty_force_jace_pressure,forty_force_jace_pressure,heuristic,linear_ranker_rev0021,land_band,land_band_business,20,0,212148,0,1.0,0.0,1.0,0.0,False,False,player_1_attempted_to_draw_from_empty_library,266,0,18,draw_half_reporting_terminal_only_training,public_decision_frame,1.0,0.0,0,3:0
rev0021,pub_fjace,ranker_fjace,forty_force_jace_pressure,forty_force_jace_pressure,heuristic,linear_ranker_rev0021,land_band,land_band_business,20,1,212149,0,1.0,0.0,1.0,0.0,False,False,player_1_attempted_to_draw_from_empty_library,228,0,18,draw_half_reporting_terminal_only_training,public_decision_frame,1.0,0.0,0,3:0
rev0021,pub_fjace,ranker_overlord,forty_force_jace_pressure,forty_overlord_impending,heuristic,linear_ranker_rev0021,land_band,land_band,20,0,212150,0,1.0,0.0,1.0,0.0,False,False,player_1_attempted_to_draw_from_empty_library,267,0,19,draw_half_reporting_terminal_only_training,public_decision_frame,1.0,0.0,0,3:1
rev0021,pub_fjace,ranker_overlord,forty_force_jace_pressure,forty_overlord_impending,heuristic,linear_ranker_rev0021,land_band,land_band,20,1,212151,0,1.0,0.0,1.0,0.0,False,False,player_1_attempted_to_draw_from_empty_library,302,0,27,draw_half_reporting_terminal_only_training,public_decision_frame,1.0,0.0,0,3:1
rev0021,pub_fjace,ranker_jace60,forty_force_jace_pressure,sixty_no_overlord_jace_only,heuristic,linear_ranker_rev0021,land_band,keep_always,20,0,212152,1,0.0,1.0,0.0,1.0,False,False,player_0_attempted_to_draw_from_empty_library,290,0,19,draw_half_reporting_terminal_only_training,public_decision_frame,0.0,1.0,0,3:2
rev0021,pub_fjace,ranker_jace60,forty_force_jace_pressure,sixty_no_overlord_jace_only,heuristic,linear_ranker_rev0021,land_band,keep_always,20,1,212153,1,0.0,1.0,0.0,1.0,False,False,player_0_attempted_to_draw_from_empty_library,357,0,27,draw_half_reporting_terminal_only_training,public_decision_frame,0.0,1.0,0,3:2
rev0021,pub_fjace,pub_fjace,forty_force_jace_pressure,forty_force_jace_pressure,heuristic,heuristic,land_band,land_band,20,0,212154,1,0.0,1.0,0.0,1.0,False,False,player_0_attempted_to_draw_from_empty_library,283,0,24,draw_half_reporting_terminal_only_training,public_decision_frame,0.0,1.0,0,3:3
rev0021,pub_fjace,pub_fjace,forty_force_jace_pressure,forty_force_jace_pressure,heuristic,heuristic,land_band,land_band,20,1,212155,0,1.0,0.0,1.0,0.0,False,False,player_1_life_total_zero_or_less,110,0,10,draw_half_reporting_terminal_only_training,public_decision_frame,1.0,0.0,0,3:3
rev0021,pub_fjace,pub_counter_wall,forty_force_jace_pressure,sixty_counterwall_jace,heuristic,counter_happy,land_band,land_band_business,20,0,212156,1,0.0,1.0,0.0,1.0,False,False,player_0_attempted_to_draw_from_empty_library,271,0,22,draw_half_reporting_terminal_only_training,public_decision_frame,0.0,1.0,0,3:4
rev0021,pub_fjace,pub_counter_wall,forty_force_jace_pressure,sixty_counterwall_jace,heuristic,counter_happy,land_band,land_band_business,20,1,212157,1,0.0,1.0,0.0,1.0,False,False,player_0_attempted_to_draw_from_empty_library,348,0,24,draw_half_reporting_terminal_only_training,public_decision_frame,0.0,1.0,0,3:4
rev0021,pub_fjace,pub_threat_overlord,forty_force_jace_pressure,forty_overlord_impending,heuristic,threat_rush,land_band,land_band,20,0,212158,1,0.0,1.0,0.0,1.0,False,False,player_0_attempted_to_draw_from_empty_library,243,0,19,draw_half_reporting_terminal_only_training,public_decision_frame,0.0,1.0,0,3:5
rev0021,pub_fjace,pub_threat_overlord,forty_force_jace_pressure,forty_overlord_impending,heuristic,threat_rush,land_band,land_band,20,1,212159,1,0.0,1.0,0.0,1.0,False,False,player_0_attempted_to_draw_from_empty_library,263,0,21,draw_half_reporting_terminal_only_training,public_decision_frame,0.0,1.0,0,3:5
rev0021,pub_fjace,code_jace,forty_force_jace_pressure,sixty_no_overlord_jace_only,heuristic,code_jace_lock_rev0013,land_band,keep_always,20,0,212160,0,1.0,0.0,1.0,0.0,False,False,player_1_attempted_to_draw_from_empty_library,200,0,14,draw_half_reporting_terminal_only_training,public_decision_frame,1.0,0.0,0,3:6
rev0021,pub_fjace,code_jace,forty_force_jace_pressure,sixty_no_overlord_jace_only,heuristic,code_jace_lock_rev0013,land_band,keep_always,20,1,212161,1,0.0,1.0,0.0,1.0,False,False,player_0_attempted_to_draw_from_empty_library,337,0,35,draw_half_reporting_terminal_only_training,public_decision_frame,0.0,1.0,0,3:6
rev0021,pub_fjace,code_clock,forty_force_jace_pressure,forty_overlord_impending,heuristic,code_overlord_clock_rev0013,land_band,land_band,20,0,212162,1,0.0,1.0,0.0,1.0,False,False,player_0_attempted_to_draw_from_empty_library,254,0,19,draw_half_reporting_terminal_only_training,public_decision_frame,0.0,1.0,0,3:7
rev0021,pub_fjace,code_clock,forty_force_jace_pressure,forty_overlord_impending,heuristic,code_overlord_clock_rev0013,land_band,land_band,20,1,212163,0,1.0,0.0,1.0,0.0,False,False,player_1_attempted_to_draw_from_empty_library,298,0,27,draw_half_reporting_terminal_only_training,public_decision_frame,1.0,0.0,0,3:7
rev0021,pub_counter_wall,ranker_fjace,sixty_counterwall_jace,forty_force_jace_pressure,counter_happy,linear_ranker_rev0021,land_band_business,land_band_business,20,0,212164,0,1.0,0.0,1.0,0.0,False,False,player_1_attempted_to_draw_from_empty_library,291,0,20,draw_half_reporting_terminal_only_training,public_decision_frame,1.0,0.0,0,4:0
rev0021,pub_counter_wall,ranker_fjace,sixty_counterwall_jace,forty_force_jace_pressure,counter_happy,linear_ranker_rev0021,land_band_business,land_band_business,20,1,212165,0,1.0,0.0,1.0,0.0,False,False,player_1_attempted_to_draw_from_empty_library,355,0,26,draw_half_reporting_terminal_only_training,public_decision_frame,1.0,0.0,0,4:0
rev0021,pub_counter_wall,ranker_overlord,sixty_counterwall_jace,forty_overlord_impending,counter_happy,linear_ranker_rev0021,land_band_business,land_band,20,0,212166,0,1.0,0.0,1.0,0.0,False,False,player_1_attempted_to_draw_from_empty_library,404,0,33,draw_half_reporting_terminal_only_training,public_decision_frame,1.0,0.0,0,4:1
rev0021,pub_counter_wall,ranker_overlord,sixty_counterwall_jace,forty_overlord_impending,counter_happy,linear_ranker_rev0021,land_band_business,land_band,20,1,212167,1,0.0,1.0,0.0,1.0,False,False,player_0_attempted_to_draw_from_empty_library,409,0,34,draw_half_reporting_terminal_only_training,public_decision_frame,0.0,1.0,0,4:1
rev0021,pub_counter_wall,ranker_jace60,sixty_counterwall_jace,sixty_no_overlord_jace_only,counter_happy,linear_ranker_rev0021,land_band_business,keep_always,20,0,212168,0,1.0,0.0,1.0,0.0,False,False,player_1_attempted_to_draw_from_empty_library,447,0,43,draw_half_reporting_terminal_only_training,public_decision_frame,1.0,0.0,0,4:2
rev0021,pub_counter_wall,ranker_jace60,sixty_counterwall_jace,sixty_no_overlord_jace_only,counter_happy,linear_ranker_rev0021,land_band_business,keep_always,20,1,212169,0,1.0,0.0,1.0,0.0,False,False,player_1_attempted_to_draw_from_empty_library,363,0,30,draw_half_reporting_terminal_only_training,public_decision_frame,1.0,0.0,0,4:2
rev0021,pub_counter_wall,pub_fjace,sixty_counterwall_jace,forty_force_jace_pressure,counter_happy,heuristic,land_band_business,land_band,20,0,212170,0,1.0,0.0,1.0,0.0,False,False,player_1_attempted_to_draw_from_empty_library,234,0,18,draw_half_reporting_terminal_only_training,public_decision_frame,1.0,0.0,0,4:3
rev0021,pub_counter_wall,pub_fjace,sixty_counterwall_jace,forty_force_jace_pressure,counter_happy,heuristic,land_band_business,land_band,20,1,212171,1,0.0,1.0,0.0,1.0,False,False,player_0_attempted_to_draw_from_empty_library,362,0,29,draw_half_reporting_terminal_only_training,public_decision_frame,0.0,1.0,0,4:3
rev0021,pub_counter_wall,pub_counter_wall,sixty_counterwall_jace,sixty_counterwall_jace,counter_happy,counter_happy,land_band_business,land_band_business,20,0,212172,1,0.0,1.0,0.0,1.0,False,False,player_0_attempted_to_draw_from_empty_library,419,0,36,draw_half_reporting_terminal_only_training,public_decision_frame,0.0,1.0,0,4:4
rev0021,pub_counter_wall,pub_counter_wall,sixty_counterwall_jace,sixty_counterwall_jace,counter_happy,counter_happy,land_band_business,land_band_business,20,1,212173,1,0.0,1.0,0.0,1.0,False,False,player_0_life_total_zero_or_less,143,0,13,draw_half_reporting_terminal_only_training,public_decision_frame,0.0,1.0,0,4:4
rev0021,pub_counter_wall,pub_threat_overlord,sixty_counterwall_jace,forty_overlord_impending,counter_happy,threat_rush,land_band_business,land_band,20,0,212174,0,1.0,0.0,1.0,0.0,False,False,player_1_attempted_to_draw_from_empty_library,356,0,26,draw_half_reporting_terminal_only_training,public_decision_frame,1.0,0.0,0,4:5
rev0021,pub_counter_wall,pub_threat_overlord,sixty_counterwall_jace,forty_overlord_impending,counter_happy,threat_rush,land_band_business,land_band,20,1,212175,0,1.0,0.0,1.0,0.0,False,False,player_1_attempted_to_draw_from_empty_library,353,0,35,draw_half_reporting_terminal_only_training,public_decision_frame,1.0,0.0,0,4:5
rev0021,pub_counter_wall,code_jace,sixty_counterwall_jace,sixty_no_overlord_jace_only,counter_happy,code_jace_lock_rev0013,land_band_business,keep_always,20,0,212176,None,0.5,0.5,0.0,0.0,True,True,max_decisions_reached,520,0,52,draw_half_reporting_terminal_only_training,public_decision_frame,None,None,0,4:6
rev0021,pub_counter_wall,code_jace,sixty_counterwall_jace,sixty_no_overlord_jace_only,counter_happy,code_jace_lock_rev0013,land_band_business,keep_always,20,1,212177,1,0.0,1.0,0.0,1.0,False,False,player_0_attempted_to_draw_from_empty_library,369,0,31,draw_half_reporting_terminal_only_training,public_decision_frame,0.0,1.0,0,4:6
rev0021,pub_counter_wall,code_clock,sixty_counterwall_jace,forty_overlord_impending,counter_happy,code_overlord_clock_rev0013,land_band_business,land_band,20,0,212178,1,0.0,1.0,0.0,1.0,False,False,player_0_life_total_zero_or_less,153,0,13,draw_half_reporting_terminal_only_training,public_decision_frame,0.0,1.0,0,4:7
rev0021,pub_counter_wall,code_clock,sixty_counterwall_jace,forty_overlord_impending,counter_happy,code_overlord_clock_rev0013,land_band_business,land_band,20,1,212179,0,1.0,0.0,1.0,0.0,False,False,player_1_attempted_to_draw_from_empty_library,276,0,19,draw_half_reporting_terminal_only_training,public_decision_frame,1.0,0.0,0,4:7
rev0021,pub_threat_overlord,ranker_fjace,forty_overlord_impending,forty_force_jace_pressure,threat_rush,linear_ranker_rev0021,land_band,land_band_business,20,0,212180,0,1.0,0.0,1.0,0.0,False,False,player_1_attempted_to_draw_from_empty_library,266,0,16,draw_half_reporting_terminal_only_training,public_decision_frame,1.0,0.0,0,5:0
rev0021,pub_threat_overlord,ranker_fjace,forty_overlord_impending,forty_force_jace_pressure,threat_rush,linear_ranker_rev0021,land_band,land_band_business,20,1,212181,0,1.0,0.0,1.0,0.0,False,False,player_1_attempted_to_draw_from_empty_library,291,0,20,draw_half_reporting_terminal_only_training,public_decision_frame,1.0,0.0,0,5:0
rev0021,pub_threat_overlord,ranker_overlord,forty_overlord_impending,forty_overlord_impending,threat_rush,linear_ranker_rev0021,land_band,land_band,20,0,212182,0,1.0,0.0,1.0,0.0,False,False,player_1_attempted_to_draw_from_empty_library,268,0,22,draw_half_reporting_terminal_only_training,public_decision_frame,1.0,0.0,0,5:1
rev0021,pub_threat_overlord,ranker_overlord,forty_overlord_impending,forty_overlord_impending,threat_rush,linear_ranker_rev0021,land_band,land_band,20,1,212183,0,1.0,0.0,1.0,0.0,False,False,player_1_life_total_zero_or_less,122,0,12,draw_half_reporting_terminal_only_training,public_decision_frame,1.0,0.0,0,5:1
rev0021,pub_threat_overlord,ranker_jace60,forty_overlord_impending,sixty_no_overlord_jace_only,threat_rush,linear_ranker_rev0021,land_band,keep_always,20,0,212184,0,1.0,0.0,1.0,0.0,False,False,player_1_life_total_zero_or_less,194,0,20,draw_half_reporting_terminal_only_training,public_decision_frame,1.0,0.0,0,5:2
rev0021,pub_threat_overlord,ranker_jace60,forty_overlord_impending,sixty_no_overlord_jace_only,threat_rush,linear_ranker_rev0021,land_band,keep_always,20,1,212185,0,1.0,0.0,1.0,0.0,False,False,player_1_attempted_to_draw_from_empty_library,401,0,29,draw_half_reporting_terminal_only_training,public_decision_frame,1.0,0.0,0,5:2
rev0021,pub_threat_overlord,pub_fjace,forty_overlord_impending,forty_force_jace_pressure,threat_rush,heuristic,land_band,land_band,20,0,212186,1,0.0,1.0,0.0,1.0,False,False,player_0_attempted_to_draw_from_empty_library,291,0,27,draw_half_reporting_terminal_only_training,public_decision_frame,0.0,1.0,0,5:3
rev0021,pub_threat_overlord,pub_fjace,forty_overlord_impending,forty_force_jace_pressure,threat_rush,heuristic,land_band,land_band,20,1,212187,0,1.0,0.0,1.0,0.0,False,False,player_1_life_total_zero_or_less,174,0,13,draw_half_reporting_terminal_only_training,public_decision_frame,1.0,0.0,0,5:3
rev0021,pub_threat_overlord,pub_counter_wall,forty_overlord_impending,sixty_counterwall_jace,threat_rush,counter_happy,land_band,land_band_business,20,0,212188,1,0.0,1.0,0.0,1.0,False,False,player_0_attempted_to_draw_from_empty_library,306,0,30,draw_half_reporting_terminal_only_training,public_decision_frame,0.0,1.0,0,5:4
rev0021,pub_threat_overlord,pub_counter_wall,forty_overlord_impending,sixty_counterwall_jace,threat_rush,counter_happy,land_band,land_band_business,20,1,212189,1,0.0,1.0,0.0,1.0,False,False,player_0_attempted_to_draw_from_empty_library,228,0,18,draw_half_reporting_terminal_only_training,public_decision_frame,0.0,1.0,0,5:4
rev0021,pub_threat_overlord,pub_threat_overlord,forty_overlord_impending,forty_overlord_impending,threat_rush,threat_rush,land_band,land_band,20,0,212190,1,0.0,1.0,0.0,1.0,False,False,player_0_life_total_zero_or_less,200,0,14,draw_half_reporting_terminal_only_training,public_decision_frame,0.0,1.0,0,5:5
rev0021,pub_threat_overlord,pub_threat_overlord,forty_overlord_impending,forty_overlord_impending,threat_rush,threat_rush,land_band,land_band,20,1,212191,0,1.0,0.0,1.0,0.0,False,False,player_1_attempted_to_draw_from_empty_library,206,0,13,draw_half_reporting_terminal_only_training,public_decision_frame,1.0,0.0,0,5:5
rev0021,pub_threat_overlord,code_jace,forty_overlord_impending,sixty_no_overlord_jace_only,threat_rush,code_jace_lock_rev0013,land_band,keep_always,20,0,212192,0,1.0,0.0,1.0,0.0,False,False,player_1_attempted_to_draw_from_empty_library,242,0,23,draw_half_reporting_terminal_only_training,public_decision_frame,1.0,0.0,0,5:6
rev0021,pub_threat_overlord,code_jace,forty_overlord_impending,sixty_no_overlord_jace_only,threat_rush,code_jace_lock_rev0013,land_band,keep_always,20,1,212193,1,0.0,1.0,0.0,1.0,False,False,player_0_attempted_to_draw_from_empty_library,208,0,15,draw_half_reporting_terminal_only_training,public_decision_frame,0.0,1.0,0,5:6
rev0021,pub_threat_overlord,code_clock,forty_overlord_impending,forty_overlord_impending,threat_rush,code_overlord_clock_rev0013,land_band,land_band,20,0,212194,1,0.0,1.0,0.0,1.0,False,False,player_0_life_total_zero_or_less,140,0,10,draw_half_reporting_terminal_only_training,public_decision_frame,0.0,1.0,0,5:7
rev0021,pub_threat_overlord,code_clock,forty_overlord_impending,forty_overlord_impending,threat_rush,code_overlord_clock_rev0013,land_band,land_band,20,1,212195,1,0.0,1.0,0.0,1.0,False,False,player_0_life_total_zero_or_less,110,0,11,draw_half_reporting_terminal_only_training,public_decision_frame,0.0,1.0,0,5:7
rev0021,code_jace,ranker_fjace,sixty_no_overlord_jace_only,forty_force_jace_pressure,code_jace_lock_rev0013,linear_ranker_rev0021,keep_always,land_band_business,20,0,212196,0,1.0,0.0,1.0,0.0,False,False,player_1_attempted_to_draw_from_empty_library,253,0,18,draw_half_reporting_terminal_only_training,public_decision_frame,1.0,0.0,0,6:0
rev0021,code_jace,ranker_fjace,sixty_no_overlord_jace_only,forty_force_jace_pressure,code_jace_lock_rev0013,linear_ranker_rev0021,keep_always,land_band_business,20,1,212197,0,1.0,0.0,1.0,0.0,False,False,player_1_attempted_to_draw_from_empty_library,299,0,30,draw_half_reporting_terminal_only_training,public_decision_frame,1.0,0.0,0,6:0
rev0021,code_jace,ranker_overlord,sixty_no_overlord_jace_only,forty_overlord_impending,code_jace_lock_rev0013,linear_ranker_rev0021,keep_always,land_band,20,0,212198,1,0.0,1.0,0.0,1.0,False,False,player_0_attempted_to_draw_from_empty_library,170,0,12,draw_half_reporting_terminal_only_training,public_decision_frame,0.0,1.0,0,6:1
rev0021,code_jace,ranker_overlord,sixty_no_overlord_jace_only,forty_overlord_impending,code_jace_lock_rev0013,linear_ranker_rev0021,keep_always,land_band,20,1,212199,0,1.0,0.0,1.0,0.0,False,False,player_1_attempted_to_draw_from_empty_library,226,0,19,draw_half_reporting_terminal_only_training,public_decision_frame,1.0,0.0,0,6:1
rev0021,code_jace,ranker_jace60,sixty_no_overlord_jace_only,sixty_no_overlord_jace_only,code_jace_lock_rev0013,linear_ranker_rev0021,keep_always,keep_always,20,0,212200,1,0.0,1.0,0.0,1.0,False,False,player_0_attempted_to_draw_from_empty_library,349,0,32,draw_half_reporting_terminal_only_training,public_decision_frame,0.0,1.0,0,6:2
rev0021,code_jace,ranker_jace60,sixty_no_overlord_jace_only,sixty_no_overlord_jace_only,code_jace_lock_rev0013,linear_ranker_rev0021,keep_always,keep_always,20,1,212201,0,1.0,0.0,1.0,0.0,False,False,player_1_attempted_to_draw_from_empty_library,465,0,50,draw_half_reporting_terminal_only_training,public_decision_frame,1.0,0.0,0,6:2
rev0021,code_jace,pub_fjace,sixty_no_overlord_jace_only,forty_force_jace_pressure,code_jace_lock_rev0013,heuristic,keep_always,land_band,20,0,212202,1,0.0,1.0,0.0,1.0,False,False,player_0_attempted_to_draw_from_empty_library,177,0,16,draw_half_reporting_terminal_only_training,public_decision_frame,0.0,1.0,0,6:3
rev0021,code_jace,pub_fjace,sixty_no_overlord_jace_only,forty_force_jace_pressure,code_jace_lock_rev0013,heuristic,keep_always,land_band,20,1,212203,1,0.0,1.0,0.0,1.0,False,False,player_0_attempted_to_draw_from_empty_library,125,0,12,draw_half_reporting_terminal_only_training,public_decision_frame,0.0,1.0,0,6:3
rev0021,code_jace,pub_counter_wall,sixty_no_overlord_jace_only,sixty_counterwall_jace,code_jace_lock_rev0013,counter_happy,keep_always,land_band_business,20,0,212204,None,0.5,0.5,0.0,0.0,True,True,max_decisions_reached,520,0,52,draw_half_reporting_terminal_only_training,public_decision_frame,None,None,0,6:4
rev0021,code_jace,pub_counter_wall,sixty_no_overlord_jace_only,sixty_counterwall_jace,code_jace_lock_rev0013,counter_happy,keep_always,land_band_business,20,1,212205,1,0.0,1.0,0.0,1.0,False,False,player_0_attempted_to_draw_from_empty_library,156,0,13,draw_half_reporting_terminal_only_training,public_decision_frame,0.0,1.0,0,6:4
rev0021,code_jace,pub_threat_overlord,sixty_no_overlord_jace_only,forty_overlord_impending,code_jace_lock_rev0013,threat_rush,keep_always,land_band,20,0,212206,1,0.0,1.0,0.0,1.0,False,False,player_0_life_total_zero_or_less,135,0,11,draw_half_reporting_terminal_only_training,public_decision_frame,0.0,1.0,0,6:5
rev0021,code_jace,pub_threat_overlord,sixty_no_overlord_jace_only,forty_overlord_impending,code_jace_lock_rev0013,threat_rush,keep_always,land_band,20,1,212207,0,1.0,0.0,1.0,0.0,False,False,player_1_attempted_to_draw_from_empty_library,140,0,12,draw_half_reporting_terminal_only_training,public_decision_frame,1.0,0.0,0,6:5
rev0021,code_jace,code_jace,sixty_no_overlord_jace_only,sixty_no_overlord_jace_only,code_jace_lock_rev0013,code_jace_lock_rev0013,keep_always,keep_always,20,0,212208,0,1.0,0.0,1.0,0.0,False,False,player_1_attempted_to_draw_from_empty_library,169,0,13,draw_half_reporting_terminal_only_training,public_decision_frame,1.0,0.0,0,6:6
rev0021,code_jace,code_jace,sixty_no_overlord_jace_only,sixty_no_overlord_jace_only,code_jace_lock_rev0013,code_jace_lock_rev0013,keep_always,keep_always,20,1,212209,1,0.0,1.0,0.0,1.0,False,False,player_0_attempted_to_draw_from_empty_library,278,0,24,draw_half_reporting_terminal_only_training,public_decision_frame,0.0,1.0,0,6:6
rev0021,code_jace,code_clock,sixty_no_overlord_jace_only,forty_overlord_impending,code_jace_lock_rev0013,code_overlord_clock_rev0013,keep_always,land_band,20,0,212210,1,0.0,1.0,0.0,1.0,False,False,player_0_life_total_zero_or_less,139,0,12,draw_half_reporting_terminal_only_training,public_decision_frame,0.0,1.0,0,6:7
rev0021,code_jace,code_clock,sixty_no_overlord_jace_only,forty_overlord_impending,code_jace_lock_rev0013,code_overlord_clock_rev0013,keep_always,land_band,20,1,212211,0,1.0,0.0,1.0,0.0,False,False,player_1_attempted_to_draw_from_empty_library,339,0,35,draw_half_reporting_terminal_only_training,public_decision_frame,1.0,0.0,0,6:7
rev0021,code_clock,ranker_fjace,forty_overlord_impending,forty_force_jace_pressure,code_overlord_clock_rev0013,linear_ranker_rev0021,land_band,land_band_business,20,0,212212,1,0.0,1.0,0.0,1.0,False,False,player_0_attempted_to_draw_from_empty_library,254,0,17,draw_half_reporting_terminal_only_training,public_decision_frame,0.0,1.0,0,7:0
rev0021,code_clock,ranker_fjace,forty_overlord_impending,forty_force_jace_pressure,code_overlord_clock_rev0013,linear_ranker_rev0021,land_band,land_band_business,20,1,212213,0,1.0,0.0,1.0,0.0,False,False,player_1_life_total_zero_or_less,138,0,12,draw_half_reporting_terminal_only_training,public_decision_frame,1.0,0.0,0,7:0
rev0021,code_clock,ranker_overlord,forty_overlord_impending,forty_overlord_impending,code_overlord_clock_rev0013,linear_ranker_rev0021,land_band,land_band,20,0,212214,0,1.0,0.0,1.0,0.0,False,False,player_1_attempted_to_draw_from_empty_library,233,0,18,draw_half_reporting_terminal_only_training,public_decision_frame,1.0,0.0,0,7:1
rev0021,code_clock,ranker_overlord,forty_overlord_impending,forty_overlord_impending,code_overlord_clock_rev0013,linear_ranker_rev0021,land_band,land_band,20,1,212215,0,1.0,0.0,1.0,0.0,False,False,player_1_attempted_to_draw_from_empty_library,304,0,24,draw_half_reporting_terminal_only_training,public_decision_frame,1.0,0.0,0,7:1
rev0021,code_clock,ranker_jace60,forty_overlord_impending,sixty_no_overlord_jace_only,code_overlord_clock_rev0013,linear_ranker_rev0021,land_band,keep_always,20,0,212216,0,1.0,0.0,1.0,0.0,False,False,player_1_life_total_zero_or_less,129,0,12,draw_half_reporting_terminal_only_training,public_decision_frame,1.0,0.0,0,7:2
rev0021,code_clock,ranker_jace60,forty_overlord_impending,sixty_no_overlord_jace_only,code_overlord_clock_rev0013,linear_ranker_rev0021,land_band,keep_always,20,1,212217,1,0.0,1.0,0.0,1.0,False,False,player_0_attempted_to_draw_from_empty_library,265,0,19,draw_half_reporting_terminal_only_training,public_decision_frame,0.0,1.0,0,7:2
rev0021,code_clock,pub_fjace,forty_overlord_impending,forty_force_jace_pressure,code_overlord_clock_rev0013,heuristic,land_band,land_band,20,0,212218,0,1.0,0.0,1.0,0.0,False,False,player_1_life_total_zero_or_less,172,0,14,draw_half_reporting_terminal_only_training,public_decision_frame,1.0,0.0,0,7:3
rev0021,code_clock,pub_fjace,forty_overlord_impending,forty_force_jace_pressure,code_overlord_clock_rev0013,heuristic,land_band,land_band,20,1,212219,0,1.0,0.0,1.0,0.0,False,False,player_1_life_total_zero_or_less,102,0,10,draw_half_reporting_terminal_only_training,public_decision_frame,1.0,0.0,0,7:3
rev0021,code_clock,pub_counter_wall,forty_overlord_impending,sixty_counterwall_jace,code_overlord_clock_rev0013,counter_happy,land_band,land_band_business,20,0,212220,0,1.0,0.0,1.0,0.0,False,False,player_1_life_total_zero_or_less,133,0,11,draw_half_reporting_terminal_only_training,public_decision_frame,1.0,0.0,0,7:4
rev0021,code_clock,pub_counter_wall,forty_overlord_impending,sixty_counterwall_jace,code_overlord_clock_rev0013,counter_happy,land_band,land_band_business,20,1,212221,0,1.0,0.0,1.0,0.0,False,False,player_1_life_total_zero_or_less,117,0,11,draw_half_reporting_terminal_only_training,public_decision_frame,1.0,0.0,0,7:4
rev0021,code_clock,pub_threat_overlord,forty_overlord_impending,forty_overlord_impending,code_overlord_clock_rev0013,threat_rush,land_band,land_band,20,0,212222,1,0.0,1.0,0.0,1.0,False,False,player_0_life_total_zero_or_less,197,0,15,draw_half_reporting_terminal_only_training,public_decision_frame,0.0,1.0,0,7:5
rev0021,code_clock,pub_threat_overlord,forty_overlord_impending,forty_overlord_impending,code_overlord_clock_rev0013,threat_rush,land_band,land_band,20,1,212223,1,0.0,1.0,0.0,1.0,False,False,player_0_attempted_to_draw_from_empty_library,263,0,24,draw_half_reporting_terminal_only_training,public_decision_frame,0.0,1.0,0,7:5
rev0021,code_clock,code_jace,forty_overlord_impending,sixty_no_overlord_jace_only,code_overlord_clock_rev0013,code_jace_lock_rev0013,land_band,keep_always,20,0,212224,0,1.0,0.0,1.0,0.0,False,False,player_1_attempted_to_draw_from_empty_library,136,0,12,draw_half_reporting_terminal_only_training,public_decision_frame,1.0,0.0,0,7:6
rev0021,code_clock,code_jace,forty_overlord_impending,sixty_no_overlord_jace_only,code_overlord_clock_rev0013,code_jace_lock_rev0013,land_band,keep_always,20,1,212225,1,0.0,1.0,0.0,1.0,False,False,player_0_attempted_to_draw_from_empty_library,137,0,13,draw_half_reporting_terminal_only_training,public_decision_frame,0.0,1.0,0,7:6
rev0021,code_clock,code_clock,forty_overlord_impending,forty_overlord_impending,code_overlord_clock_rev0013,code_overlord_clock_rev0013,land_band,land_band,20,0,212226,1,0.0,1.0,0.0,1.0,False,False,player_0_life_total_zero_or_less,240,0,19,draw_half_reporting_terminal_only_training,public_decision_frame,0.0,1.0,0,7:7
rev0021,code_clock,code_clock,forty_overlord_impending,forty_overlord_impending,code_overlord_clock_rev0013,code_overlord_clock_rev0013,land_band,land_band,20,1,212227,1,0.0,1.0,0.0,1.0,False,False,player_0_attempted_to_draw_from_empty_library,266,0,19,draw_half_reporting_terminal_only_training,public_decision_frame,0.0,1.0,0,7:7
rev0021,ranker_fjace,ranker_fjace,forty_force_jace_pressure,forty_force_jace_pressure,linear_ranker_rev0021,linear_ranker_rev0021,land_band_business,land_band_business,40,0,212228,0,1.0,0.0,1.0,0.0,False,False,player_1_attempted_to_draw_from_empty_library,252,0,17,draw_half_reporting_terminal_only_training,public_decision_frame,1.0,0.0,0,0:0
rev0021,ranker_fjace,ranker_fjace,forty_force_jace_pressure,forty_force_jace_pressure,linear_ranker_rev0021,linear_ranker_rev0021,land_band_business,land_band_business,40,1,212229,0,1.0,0.0,1.0,0.0,False,False,player_1_attempted_to_draw_from_empty_library,241,0,20,draw_half_reporting_terminal_only_training,public_decision_frame,1.0,0.0,0,0:0
rev0021,ranker_fjace,ranker_overlord,forty_force_jace_pressure,forty_overlord_impending,linear_ranker_rev0021,linear_ranker_rev0021,land_band_business,land_band,40,0,212230,0,1.0,0.0,1.0,0.0,False,False,player_1_attempted_to_draw_from_empty_library,269,0,16,draw_half_reporting_terminal_only_training,public_decision_frame,1.0,0.0,0,0:1
rev0021,ranker_fjace,ranker_overlord,forty_force_jace_pressure,forty_overlord_impending,linear_ranker_rev0021,linear_ranker_rev0021,land_band_business,land_band,40,1,212231,0,1.0,0.0,1.0,0.0,False,False,player_1_attempted_to_draw_from_empty_library,274,0,18,draw_half_reporting_terminal_only_training,public_decision_frame,1.0,0.0,0,0:1
rev0021,ranker_fjace,ranker_jace60,forty_force_jace_pressure,sixty_no_overlord_jace_only,linear_ranker_rev0021,linear_ranker_rev0021,land_band_business,keep_always,40,0,212232,1,0.0,1.0,0.0,1.0,False,False,player_0_attempted_to_draw_from_empty_library,282,0,24,draw_half_reporting_terminal_only_training,public_decision_frame,0.0,1.0,0,0:2
rev0021,ranker_fjace,ranker_jace60,forty_force_jace_pressure,sixty_no_overlord_jace_only,linear_ranker_rev0021,linear_ranker_rev0021,land_band_business,keep_always,40,1,212233,1,0.0,1.0,0.0,1.0,False,False,player_0_attempted_to_draw_from_empty_library,317,0,31,draw_half_reporting_terminal_only_training,public_decision_frame,0.0,1.0,0,0:2
rev0021,ranker_fjace,pub_fjace,forty_force_jace_pressure,forty_force_jace_pressure,linear_ranker_rev0021,heuristic,land_band_business,land_band,40,0,212234,0,1.0,0.0,1.0,0.0,False,False,player_1_attempted_to_draw_from_empty_library,270,0,23,draw_half_reporting_terminal_only_training,public_decision_frame,1.0,0.0,0,0:3
rev0021,ranker_fjace,pub_fjace,forty_force_jace_pressure,forty_force_jace_pressure,linear_ranker_rev0021,heuristic,land_band_business,land_band,40,1,212235,1,0.0,1.0,0.0,1.0,False,False,player_0_attempted_to_draw_from_empty_library,255,0,17,draw_half_reporting_terminal_only_training,public_decision_frame,0.0,1.0,0,0:3
rev0021,ranker_fjace,pub_counter_wall,forty_force_jace_pressure,sixty_counterwall_jace,linear_ranker_rev0021,counter_happy,land_band_business,land_band_business,40,0,212236,1,0.0,1.0,0.0,1.0,False,False,player_0_attempted_to_draw_from_empty_library,259,0,17,draw_half_reporting_terminal_only_training,public_decision_frame,0.0,1.0,0,0:4
rev0021,ranker_fjace,pub_counter_wall,forty_force_jace_pressure,sixty_counterwall_jace,linear_ranker_rev0021,counter_happy,land_band_business,land_band_business,40,1,212237,1,0.0,1.0,0.0,1.0,False,False,player_0_attempted_to_draw_from_empty_library,286,0,18,draw_half_reporting_terminal_only_training,public_decision_frame,0.0,1.0,0,0:4
rev0021,ranker_fjace,pub_threat_overlord,forty_force_jace_pressure,forty_overlord_impending,linear_ranker_rev0021,threat_rush,land_band_business,land_band,40,0,212238,1,0.0,1.0,0.0,1.0,False,False,player_0_life_total_zero_or_less,162,0,14,draw_half_reporting_terminal_only_training,public_decision_frame,0.0,1.0,0,0:5
rev0021,ranker_fjace,pub_threat_overlord,forty_force_jace_pressure,forty_overlord_impending,linear_ranker_rev0021,threat_rush,land_band_business,land_band,40,1,212239,0,1.0,0.0,1.0,0.0,False,False,player_1_attempted_to_draw_from_empty_library,233,0,16,draw_half_reporting_terminal_only_training,public_decision_frame,1.0,0.0,0,0:5
rev0021,ranker_fjace,code_jace,forty_force_jace_pressure,sixty_no_overlord_jace_only,linear_ranker_rev0021,code_jace_lock_rev0013,land_band_business,keep_always,40,0,212240,1,0.0,1.0,0.0,1.0,False,False,player_0_attempted_to_draw_from_empty_library,138,0,11,draw_half_reporting_terminal_only_training,public_decision_frame,0.0,1.0,0,0:6
rev0021,ranker_fjace,code_jace,forty_force_jace_pressure,sixty_no_overlord_jace_only,linear_ranker_rev0021,code_jace_lock_rev0013,land_band_business,keep_always,40,1,212241,1,0.0,1.0,0.0,1.0,False,False,player_0_attempted_to_draw_from_empty_library,216,0,18,draw_half_reporting_terminal_only_training,public_decision_frame,0.0,1.0,0,0:6
rev0021,ranker_fjace,code_clock,forty_force_jace_pressure,forty_overlord_impending,linear_ranker_rev0021,code_overlord_clock_rev0013,land_band_business,land_band,40,0,212242,1,0.0,1.0,0.0,1.0,False,False,player_0_attempted_to_draw_from_empty_library,252,0,19,draw_half_reporting_terminal_only_training,public_decision_frame,0.0,1.0,0,0:7
rev0021,ranker_fjace,code_clock,forty_force_jace_pressure,forty_overlord_impending,linear_ranker_rev0021,code_overlord_clock_rev0013,land_band_business,land_band,40,1,212243,0,1.0,0.0,1.0,0.0,False,False,player_1_attempted_to_draw_from_empty_library,241,0,17,draw_half_reporting_terminal_only_training,public_decision_frame,1.0,0.0,0,0:7
rev0021,ranker_overlord,ranker_fjace,forty_overlord_impending,forty_force_jace_pressure,linear_ranker_rev0021,linear_ranker_rev0021,land_band,land_band_business,40,0,212244,1,0.0,1.0,0.0,1.0,False,False,player_0_attempted_to_draw_from_empty_library,274,0,19,draw_half_reporting_terminal_only_training,public_decision_frame,0.0,1.0,0,1:0
rev0021,ranker_overlord,ranker_fjace,forty_overlord_impending,forty_force_jace_pressure,linear_ranker_rev0021,linear_ranker_rev0021,land_band,land_band_business,40,1,212245,1,0.0,1.0,0.0,1.0,False,False,player_0_attempted_to_draw_from_empty_library,286,0,22,draw_half_reporting_terminal_only_training,public_decision_frame,0.0,1.0,0,1:0
rev0021,ranker_overlord,ranker_overlord,forty_overlord_impending,forty_overlord_impending,linear_ranker_rev0021,linear_ranker_rev0021,land_band,land_band,40,0,212246,0,1.0,0.0,1.0,0.0,False,False,player_1_attempted_to_draw_from_empty_library,271,0,20,draw_half_reporting_terminal_only_training,public_decision_frame,1.0,0.0,0,1:1
rev0021,ranker_overlord,ranker_overlord,forty_overlord_impending,forty_overlord_impending,linear_ranker_rev0021,linear_ranker_rev0021,land_band,land_band,40,1,212247,1,0.0,1.0,0.0,1.0,False,False,player_0_attempted_to_draw_from_empty_library,311,0,31,draw_half_reporting_terminal_only_training,public_decision_frame,0.0,1.0,0,1:1
rev0021,ranker_overlord,ranker_jace60,forty_overlord_impending,sixty_no_overlord_jace_only,linear_ranker_rev0021,linear_ranker_rev0021,land_band,keep_always,40,0,212248,1,0.0,1.0,0.0,1.0,False,False,player_0_attempted_to_draw_from_empty_library,287,0,19,draw_half_reporting_terminal_only_training,public_decision_frame,0.0,1.0,0,1:2
rev0021,ranker_overlord,ranker_jace60,forty_overlord_impending,sixty_no_overlord_jace_only,linear_ranker_rev0021,linear_ranker_rev0021,land_band,keep_always,40,1,212249,1,0.0,1.0,0.0,1.0,False,False,player_0_attempted_to_draw_from_empty_library,269,0,18,draw_half_reporting_terminal_only_training,public_decision_frame,0.0,1.0,0,1:2
rev0021,ranker_overlord,pub_fjace,forty_overlord_impending,forty_force_jace_pressure,linear_ranker_rev0021,heuristic,land_band,land_band,40,0,212250,1,0.0,1.0,0.0,1.0,False,False,player_0_attempted_to_draw_from_empty_library,274,0,17,draw_half_reporting_terminal_only_training,public_decision_frame,0.0,1.0,0,1:3
rev0021,ranker_overlord,pub_fjace,forty_overlord_impending,forty_force_jace_pressure,linear_ranker_rev0021,heuristic,land_band,land_band,40,1,212251,0,1.0,0.0,1.0,0.0,False,False,player_1_attempted_to_draw_from_empty_library,314,0,29,draw_half_reporting_terminal_only_training,public_decision_frame,1.0,0.0,0,1:3
rev0021,ranker_overlord,pub_counter_wall,forty_overlord_impending,sixty_counterwall_jace,linear_ranker_rev0021,counter_happy,land_band,land_band_business,40,0,212252,1,0.0,1.0,0.0,1.0,False,False,player_0_attempted_to_draw_from_empty_library,349,0,28,draw_half_reporting_terminal_only_training,public_decision_frame,0.0,1.0,0,1:4
rev0021,ranker_overlord,pub_counter_wall,forty_overlord_impending,sixty_counterwall_jace,linear_ranker_rev0021,counter_happy,land_band,land_band_business,40,1,212253,1,0.0,1.0,0.0,1.0,False,False,player_0_attempted_to_draw_from_empty_library,281,0,18,draw_half_reporting_terminal_only_training,public_decision_frame,0.0,1.0,0,1:4
rev0021,ranker_overlord,pub_threat_overlord,forty_overlord_impending,forty_overlord_impending,linear_ranker_rev0021,threat_rush,land_band,land_band,40,0,212254,1,0.0,1.0,0.0,1.0,False,False,player_0_attempted_to_draw_from_empty_library,240,0,19,draw_half_reporting_terminal_only_training,public_decision_frame,0.0,1.0,0,1:5
rev0021,ranker_overlord,pub_threat_overlord,forty_overlord_impending,forty_overlord_impending,linear_ranker_rev0021,threat_rush,land_band,land_band,40,1,212255,0,1.0,0.0,1.0,0.0,False,False,player_1_attempted_to_draw_from_empty_library,261,0,15,draw_half_reporting_terminal_only_training,public_decision_frame,1.0,0.0,0,1:5
rev0021,ranker_overlord,code_jace,forty_overlord_impending,sixty_no_overlord_jace_only,linear_ranker_rev0021,code_jace_lock_rev0013,land_band,keep_always,40,0,212256,0,1.0,0.0,1.0,0.0,False,False,player_1_attempted_to_draw_from_empty_library,326,0,30,draw_half_reporting_terminal_only_training,public_decision_frame,1.0,0.0,0,1:6
rev0021,ranker_overlord,code_jace,forty_overlord_impending,sixty_no_overlord_jace_only,linear_ranker_rev0021,code_jace_lock_rev0013,land_band,keep_always,40,1,212257,0,1.0,0.0,1.0,0.0,False,False,player_1_attempted_to_draw_from_empty_library,298,0,28,draw_half_reporting_terminal_only_training,public_decision_frame,1.0,0.0,0,1:6
rev0021,ranker_overlord,code_clock,forty_overlord_impending,forty_overlord_impending,linear_ranker_rev0021,code_overlord_clock_rev0013,land_band,land_band,40,0,212258,0,1.0,0.0,1.0,0.0,False,False,player_1_attempted_to_draw_from_empty_library,276,0,20,draw_half_reporting_terminal_only_training,public_decision_frame,1.0,0.0,0,1:7
rev0021,ranker_overlord,code_clock,forty_overlord_impending,forty_overlord_impending,linear_ranker_rev0021,code_overlord_clock_rev0013,land_band,land_band,40,1,212259,0,1.0,0.0,1.0,0.0,False,False,player_1_attempted_to_draw_from_empty_library,257,0,23,draw_half_reporting_terminal_only_training,public_decision_frame,1.0,0.0,0,1:7
rev0021,ranker_jace60,ranker_fjace,sixty_no_overlord_jace_only,forty_force_jace_pressure,linear_ranker_rev0021,linear_ranker_rev0021,keep_always,land_band_business,40,0,212260,0,1.0,0.0,1.0,0.0,False,False,player_1_attempted_to_draw_from_empty_library,330,0,34,draw_half_reporting_terminal_only_training,public_decision_frame,1.0,0.0,0,2:0
rev0021,ranker_jace60,ranker_fjace,sixty_no_overlord_jace_only,forty_force_jace_pressure,linear_ranker_rev0021,linear_ranker_rev0021,keep_always,land_band_business,40,1,212261,1,0.0,1.0,0.0,1.0,False,False,player_0_attempted_to_draw_from_empty_library,346,0,30,draw_half_reporting_terminal_only_training,public_decision_frame,0.0,1.0,0,2:0
rev0021,ranker_jace60,ranker_overlord,sixty_no_overlord_jace_only,forty_overlord_impending,linear_ranker_rev0021,linear_ranker_rev0021,keep_always,land_band,40,0,212262,1,0.0,1.0,0.0,1.0,False,False,player_0_attempted_to_draw_from_empty_library,393,0,29,draw_half_reporting_terminal_only_training,public_decision_frame,0.0,1.0,0,2:1
rev0021,ranker_jace60,ranker_overlord,sixty_no_overlord_jace_only,forty_overlord_impending,linear_ranker_rev0021,linear_ranker_rev0021,keep_always,land_band,40,1,212263,0,1.0,0.0,1.0,0.0,False,False,player_1_attempted_to_draw_from_empty_library,294,0,23,draw_half_reporting_terminal_only_training,public_decision_frame,1.0,0.0,0,2:1
rev0021,ranker_jace60,ranker_jace60,sixty_no_overlord_jace_only,sixty_no_overlord_jace_only,linear_ranker_rev0021,linear_ranker_rev0021,keep_always,keep_always,40,0,212264,0,1.0,0.0,1.0,0.0,False,False,player_1_attempted_to_draw_from_empty_library,415,0,43,draw_half_reporting_terminal_only_training,public_decision_frame,1.0,0.0,0,2:2
rev0021,ranker_jace60,ranker_jace60,sixty_no_overlord_jace_only,sixty_no_overlord_jace_only,linear_ranker_rev0021,linear_ranker_rev0021,keep_always,keep_always,40,1,212265,0,1.0,0.0,1.0,0.0,False,False,player_1_attempted_to_draw_from_empty_library,395,0,39,draw_half_reporting_terminal_only_training,public_decision_frame,1.0,0.0,0,2:2
rev0021,ranker_jace60,pub_fjace,sixty_no_overlord_jace_only,forty_force_jace_pressure,linear_ranker_rev0021,heuristic,keep_always,land_band,40,0,212266,1,0.0,1.0,0.0,1.0,False,False,player_0_attempted_to_draw_from_empty_library,343,0,28,draw_half_reporting_terminal_only_training,public_decision_frame,0.0,1.0,0,2:3
rev0021,ranker_jace60,pub_fjace,sixty_no_overlord_jace_only,forty_force_jace_pressure,linear_ranker_rev0021,heuristic,keep_always,land_band,40,1,212267,1,0.0,1.0,0.0,1.0,False,False,player_0_attempted_to_draw_from_empty_library,355,0,29,draw_half_reporting_terminal_only_training,public_decision_frame,0.0,1.0,0,2:3
rev0021,ranker_jace60,pub_counter_wall,sixty_no_overlord_jace_only,sixty_counterwall_jace,linear_ranker_rev0021,counter_happy,keep_always,land_band_business,40,0,212268,1,0.0,1.0,0.0,1.0,False,False,player_0_attempted_to_draw_from_empty_library,427,0,29,draw_half_reporting_terminal_only_training,public_decision_frame,0.0,1.0,0,2:4
rev0021,ranker_jace60,pub_counter_wall,sixty_no_overlord_jace_only,sixty_counterwall_jace,linear_ranker_rev0021,counter_happy,keep_always,land_band_business,40,1,212269,0,1.0,0.0,1.0,0.0,False,False,player_1_attempted_to_draw_from_empty_library,450,0,43,draw_half_reporting_terminal_only_training,public_decision_frame,1.0,0.0,0,2:4
rev0021,ranker_jace60,pub_threat_overlord,sixty_no_overlord_jace_only,forty_overlord_impending,linear_ranker_rev0021,threat_rush,keep_always,land_band,40,0,212270,0,1.0,0.0,1.0,0.0,False,False,player_1_attempted_to_draw_from_empty_library,302,0,18,draw_half_reporting_terminal_only_training,public_decision_frame,1.0,0.0,0,2:5
rev0021,ranker_jace60,pub_threat_overlord,sixty_no_overlord_jace_only,forty_overlord_impending,linear_ranker_rev0021,threat_rush,keep_always,land_band,40,1,212271,0,1.0,0.0,1.0,0.0,False,False,player_1_attempted_to_draw_from_empty_library,329,0,21,draw_half_reporting_terminal_only_training,public_decision_frame,1.0,0.0,0,2:5
rev0021,ranker_jace60,code_jace,sixty_no_overlord_jace_only,sixty_no_overlord_jace_only,linear_ranker_rev0021,code_jace_lock_rev0013,keep_always,keep_always,40,0,212272,1,0.0,1.0,0.0,1.0,False,False,player_0_attempted_to_draw_from_empty_library,146,0,12,draw_half_reporting_terminal_only_training,public_decision_frame,0.0,1.0,0,2:6
rev0021,ranker_jace60,code_jace,sixty_no_overlord_jace_only,sixty_no_overlord_jace_only,linear_ranker_rev0021,code_jace_lock_rev0013,keep_always,keep_always,40,1,212273,1,0.0,1.0,0.0,1.0,False,False,player_0_attempted_to_draw_from_empty_library,327,0,35,draw_half_reporting_terminal_only_training,public_decision_frame,0.0,1.0,0,2:6
rev0021,ranker_jace60,code_clock,sixty_no_overlord_jace_only,forty_overlord_impending,linear_ranker_rev0021,code_overlord_clock_rev0013,keep_always,land_band,40,0,212274,1,0.0,1.0,0.0,1.0,False,False,player_0_attempted_to_draw_from_empty_library,393,0,29,draw_half_reporting_terminal_only_training,public_decision_frame,0.0,1.0,0,2:7
rev0021,ranker_jace60,code_clock,sixty_no_overlord_jace_only,forty_overlord_impending,linear_ranker_rev0021,code_overlord_clock_rev0013,keep_always,land_band,40,1,212275,0,1.0,0.0,1.0,0.0,False,False,player_1_attempted_to_draw_from_empty_library,274,0,18,draw_half_reporting_terminal_only_training,public_decision_frame,1.0,0.0,0,2:7
rev0021,pub_fjace,ranker_fjace,forty_force_jace_pressure,forty_force_jace_pressure,heuristic,linear_ranker_rev0021,land_band,land_band_business,40,0,212276,0,1.0,0.0,1.0,0.0,False,False,player_1_attempted_to_draw_from_empty_library,252,0,24,draw_half_reporting_terminal_only_training,public_decision_frame,1.0,0.0,0,3:0
rev0021,pub_fjace,ranker_fjace,forty_force_jace_pressure,forty_force_jace_pressure,heuristic,linear_ranker_rev0021,land_band,land_band_business,40,1,212277,1,0.0,1.0,0.0,1.0,False,False,player_0_attempted_to_draw_from_empty_library,296,0,19,draw_half_reporting_terminal_only_training,public_decision_frame,0.0,1.0,0,3:0
rev0021,pub_fjace,ranker_overlord,forty_force_jace_pressure,forty_overlord_impending,heuristic,linear_ranker_rev0021,land_band,land_band,40,0,212278,0,1.0,0.0,1.0,0.0,False,False,player_1_attempted_to_draw_from_empty_library,211,0,17,draw_half_reporting_terminal_only_training,public_decision_frame,1.0,0.0,0,3:1
rev0021,pub_fjace,ranker_overlord,forty_force_jace_pressure,forty_overlord_impending,heuristic,linear_ranker_rev0021,land_band,land_band,40,1,212279,0,1.0,0.0,1.0,0.0,False,False,player_1_attempted_to_draw_from_empty_library,281,0,24,draw_half_reporting_terminal_only_training,public_decision_frame,1.0,0.0,0,3:1
rev0021,pub_fjace,ranker_jace60,forty_force_jace_pressure,sixty_no_overlord_jace_only,heuristic,linear_ranker_rev0021,land_band,keep_always,40,0,212280,1,0.0,1.0,0.0,1.0,False,False,player_0_attempted_to_draw_from_empty_library,262,0,24,draw_half_reporting_terminal_only_training,public_decision_frame,0.0,1.0,0,3:2
rev0021,pub_fjace,ranker_jace60,forty_force_jace_pressure,sixty_no_overlord_jace_only,heuristic,linear_ranker_rev0021,land_band,keep_always,40,1,212281,1,0.0,1.0,0.0,1.0,False,False,player_0_attempted_to_draw_from_empty_library,365,0,29,draw_half_reporting_terminal_only_training,public_decision_frame,0.0,1.0,0,3:2
rev0021,pub_fjace,pub_fjace,forty_force_jace_pressure,forty_force_jace_pressure,heuristic,heuristic,land_band,land_band,40,0,212282,1,0.0,1.0,0.0,1.0,False,False,player_0_attempted_to_draw_from_empty_library,260,0,17,draw_half_reporting_terminal_only_training,public_decision_frame,0.0,1.0,0,3:3
rev0021,pub_fjace,pub_fjace,forty_force_jace_pressure,forty_force_jace_pressure,heuristic,heuristic,land_band,land_band,40,1,212283,0,1.0,0.0,1.0,0.0,False,False,player_1_attempted_to_draw_from_empty_library,273,0,19,draw_half_reporting_terminal_only_training,public_decision_frame,1.0,0.0,0,3:3
rev0021,pub_fjace,pub_counter_wall,forty_force_jace_pressure,sixty_counterwall_jace,heuristic,counter_happy,land_band,land_band_business,40,0,212284,1,0.0,1.0,0.0,1.0,False,False,player_0_attempted_to_draw_from_empty_library,214,0,19,draw_half_reporting_terminal_only_training,public_decision_frame,0.0,1.0,0,3:4
rev0021,pub_fjace,pub_counter_wall,forty_force_jace_pressure,sixty_counterwall_jace,heuristic,counter_happy,land_band,land_band_business,40,1,212285,0,1.0,0.0,1.0,0.0,False,False,player_1_attempted_to_draw_from_empty_library,384,0,29,draw_half_reporting_terminal_only_training,public_decision_frame,1.0,0.0,0,3:4
rev0021,pub_fjace,pub_threat_overlord,forty_force_jace_pressure,forty_overlord_impending,heuristic,threat_rush,land_band,land_band,40,0,212286,1,0.0,1.0,0.0,1.0,False,False,player_0_attempted_to_draw_from_empty_library,272,0,22,draw_half_reporting_terminal_only_training,public_decision_frame,0.0,1.0,0,3:5
rev0021,pub_fjace,pub_threat_overlord,forty_force_jace_pressure,forty_overlord_impending,heuristic,threat_rush,land_band,land_band,40,1,212287,1,0.0,1.0,0.0,1.0,False,False,player_0_attempted_to_draw_from_empty_library,285,0,21,draw_half_reporting_terminal_only_training,public_decision_frame,0.0,1.0,0,3:5
rev0021,pub_fjace,code_jace,forty_force_jace_pressure,sixty_no_overlord_jace_only,heuristic,code_jace_lock_rev0013,land_band,keep_always,40,0,212288,1,0.0,1.0,0.0,1.0,False,False,player_0_attempted_to_draw_from_empty_library,311,0,29,draw_half_reporting_terminal_only_training,public_decision_frame,0.0,1.0,0,3:6
rev0021,pub_fjace,code_jace,forty_force_jace_pressure,sixty_no_overlord_jace_only,heuristic,code_jace_lock_rev0013,land_band,keep_always,40,1,212289,1,0.0,1.0,0.0,1.0,False,False,player_0_attempted_to_draw_from_empty_library,217,0,19,draw_half_reporting_terminal_only_training,public_decision_frame,0.0,1.0,0,3:6
rev0021,pub_fjace,code_clock,forty_force_jace_pressure,forty_overlord_impending,heuristic,code_overlord_clock_rev0013,land_band,land_band,40,0,212290,0,1.0,0.0,1.0,0.0,False,False,player_1_attempted_to_draw_from_empty_library,191,0,14,draw_half_reporting_terminal_only_training,public_decision_frame,1.0,0.0,0,3:7
rev0021,pub_fjace,code_clock,forty_force_jace_pressure,forty_overlord_impending,heuristic,code_overlord_clock_rev0013,land_band,land_band,40,1,212291,0,1.0,0.0,1.0,0.0,False,False,player_1_attempted_to_draw_from_empty_library,205,0,17,draw_half_reporting_terminal_only_training,public_decision_frame,1.0,0.0,0,3:7
rev0021,pub_counter_wall,ranker_fjace,sixty_counterwall_jace,forty_force_jace_pressure,counter_happy,linear_ranker_rev0021,land_band_business,land_band_business,40,0,212292,0,1.0,0.0,1.0,0.0,False,False,player_1_attempted_to_draw_from_empty_library,264,0,23,draw_half_reporting_terminal_only_training,public_decision_frame,1.0,0.0,0,4:0
rev0021,pub_counter_wall,ranker_fjace,sixty_counterwall_jace,forty_force_jace_pressure,counter_happy,linear_ranker_rev0021,land_band_business,land_band_business,40,1,212293,0,1.0,0.0,1.0,0.0,False,False,player_1_attempted_to_draw_from_empty_library,285,0,27,draw_half_reporting_terminal_only_training,public_decision_frame,1.0,0.0,0,4:0
rev0021,pub_counter_wall,ranker_overlord,sixty_counterwall_jace,forty_overlord_impending,counter_happy,linear_ranker_rev0021,land_band_business,land_band,40,0,212294,0,1.0,0.0,1.0,0.0,False,False,player_1_attempted_to_draw_from_empty_library,317,0,26,draw_half_reporting_terminal_only_training,public_decision_frame,1.0,0.0,0,4:1
rev0021,pub_counter_wall,ranker_overlord,sixty_counterwall_jace,forty_overlord_impending,counter_happy,linear_ranker_rev0021,land_band_business,land_band,40,1,212295,0,1.0,0.0,1.0,0.0,False,False,player_1_attempted_to_draw_from_empty_library,302,0,30,draw_half_reporting_terminal_only_training,public_decision_frame,1.0,0.0,0,4:1
rev0021,pub_counter_wall,ranker_jace60,sixty_counterwall_jace,sixty_no_overlord_jace_only,counter_happy,linear_ranker_rev0021,land_band_business,keep_always,40,0,212296,1,0.0,1.0,0.0,1.0,False,False,player_0_attempted_to_draw_from_empty_library,433,0,29,draw_half_reporting_terminal_only_training,public_decision_frame,0.0,1.0,0,4:2
rev0021,pub_counter_wall,ranker_jace60,sixty_counterwall_jace,sixty_no_overlord_jace_only,counter_happy,linear_ranker_rev0021,land_band_business,keep_always,40,1,212297,0,1.0,0.0,1.0,0.0,False,False,player_1_attempted_to_draw_from_empty_library,336,0,29,draw_half_reporting_terminal_only_training,public_decision_frame,1.0,0.0,0,4:2
rev0021,pub_counter_wall,pub_fjace,sixty_counterwall_jace,forty_force_jace_pressure,counter_happy,heuristic,land_band_business,land_band,40,0,212298,0,1.0,0.0,1.0,0.0,False,False,player_1_attempted_to_draw_from_empty_library,278,0,16,draw_half_reporting_terminal_only_training,public_decision_frame,1.0,0.0,0,4:3
rev0021,pub_counter_wall,pub_fjace,sixty_counterwall_jace,forty_force_jace_pressure,counter_happy,heuristic,land_band_business,land_band,40,1,212299,0,1.0,0.0,1.0,0.0,False,False,player_1_attempted_to_draw_from_empty_library,278,0,17,draw_half_reporting_terminal_only_training,public_decision_frame,1.0,0.0,0,4:3
rev0021,pub_counter_wall,pub_counter_wall,sixty_counterwall_jace,sixty_counterwall_jace,counter_happy,counter_happy,land_band_business,land_band_business,40,0,212300,0,1.0,0.0,1.0,0.0,False,False,player_1_attempted_to_draw_from_empty_library,470,0,28,draw_half_reporting_terminal_only_training,public_decision_frame,1.0,0.0,0,4:4
rev0021,pub_counter_wall,pub_counter_wall,sixty_counterwall_jace,sixty_counterwall_jace,counter_happy,counter_happy,land_band_business,land_band_business,40,1,212301,0,1.0,0.0,1.0,0.0,False,False,player_1_attempted_to_draw_from_empty_library,475,0,45,draw_half_reporting_terminal_only_training,public_decision_frame,1.0,0.0,0,4:4
rev0021,pub_counter_wall,pub_threat_overlord,sixty_counterwall_jace,forty_overlord_impending,counter_happy,threat_rush,land_band_business,land_band,40,0,212302,0,1.0,0.0,1.0,0.0,False,False,player_1_attempted_to_draw_from_empty_library,248,0,19,draw_half_reporting_terminal_only_training,public_decision_frame,1.0,0.0,0,4:5
rev0021,pub_counter_wall,pub_threat_overlord,sixty_counterwall_jace,forty_overlord_impending,counter_happy,threat_rush,land_band_business,land_band,40,1,212303,0,1.0,0.0,1.0,0.0,False,False,player_1_attempted_to_draw_from_empty_library,349,0,31,draw_half_reporting_terminal_only_training,public_decision_frame,1.0,0.0,0,4:5
rev0021,pub_counter_wall,code_jace,sixty_counterwall_jace,sixty_no_overlord_jace_only,counter_happy,code_jace_lock_rev0013,land_band_business,keep_always,40,0,212304,0,1.0,0.0,1.0,0.0,False,False,player_1_life_total_zero_or_less,248,0,25,draw_half_reporting_terminal_only_training,public_decision_frame,1.0,0.0,0,4:6
rev0021,pub_counter_wall,code_jace,sixty_counterwall_jace,sixty_no_overlord_jace_only,counter_happy,code_jace_lock_rev0013,land_band_business,keep_always,40,1,212305,None,0.5,0.5,0.0,0.0,True,True,max_decisions_reached,520,0,53,draw_half_reporting_terminal_only_training,public_decision_frame,None,None,0,4:6
rev0021,pub_counter_wall,code_clock,sixty_counterwall_jace,forty_overlord_impending,counter_happy,code_overlord_clock_rev0013,land_band_business,land_band,40,0,212306,0,1.0,0.0,1.0,0.0,False,False,player_1_attempted_to_draw_from_empty_library,371,0,30,draw_half_reporting_terminal_only_training,public_decision_frame,1.0,0.0,0,4:7
rev0021,pub_counter_wall,code_clock,sixty_counterwall_jace,forty_overlord_impending,counter_happy,code_overlord_clock_rev0013,land_band_business,land_band,40,1,212307,0,1.0,0.0,1.0,0.0,False,False,player_1_attempted_to_draw_from_empty_library,377,0,30,draw_half_reporting_terminal_only_training,public_decision_frame,1.0,0.0,0,4:7
rev0021,pub_threat_overlord,ranker_fjace,forty_overlord_impending,forty_force_jace_pressure,threat_rush,linear_ranker_rev0021,land_band,land_band_business,40,0,212308,1,0.0,1.0,0.0,1.0,False,False,player_0_attempted_to_draw_from_empty_library,266,0,16,draw_half_reporting_terminal_only_training,public_decision_frame,0.0,1.0,0,5:0
rev0021,pub_threat_overlord,ranker_fjace,forty_overlord_impending,forty_force_jace_pressure,threat_rush,linear_ranker_rev0021,land_band,land_band_business,40,1,212309,1,0.0,1.0,0.0,1.0,False,False,player_0_attempted_to_draw_from_empty_library,241,0,16,draw_half_reporting_terminal_only_training,public_decision_frame,0.0,1.0,0,5:0
rev0021,pub_threat_overlord,ranker_overlord,forty_overlord_impending,forty_overlord_impending,threat_rush,linear_ranker_rev0021,land_band,land_band,40,0,212310,1,0.0,1.0,0.0,1.0,False,False,player_0_attempted_to_draw_from_empty_library,263,0,16,draw_half_reporting_terminal_only_training,public_decision_frame,0.0,1.0,0,5:1
rev0021,pub_threat_overlord,ranker_overlord,forty_overlord_impending,forty_overlord_impending,threat_rush,linear_ranker_rev0021,land_band,land_band,40,1,212311,1,0.0,1.0,0.0,1.0,False,False,player_0_attempted_to_draw_from_empty_library,229,0,16,draw_half_reporting_terminal_only_training,public_decision_frame,0.0,1.0,0,5:1
rev0021,pub_threat_overlord,ranker_jace60,forty_overlord_impending,sixty_no_overlord_jace_only,threat_rush,linear_ranker_rev0021,land_band,keep_always,40,0,212312,0,1.0,0.0,1.0,0.0,False,False,player_1_attempted_to_draw_from_empty_library,383,0,28,draw_half_reporting_terminal_only_training,public_decision_frame,1.0,0.0,0,5:2
rev0021,pub_threat_overlord,ranker_jace60,forty_overlord_impending,sixty_no_overlord_jace_only,threat_rush,linear_ranker_rev0021,land_band,keep_always,40,1,212313,1,0.0,1.0,0.0,1.0,False,False,player_0_attempted_to_draw_from_empty_library,331,0,29,draw_half_reporting_terminal_only_training,public_decision_frame,0.0,1.0,0,5:2
rev0021,pub_threat_overlord,pub_fjace,forty_overlord_impending,forty_force_jace_pressure,threat_rush,heuristic,land_band,land_band,40,0,212314,0,1.0,0.0,1.0,0.0,False,False,player_1_attempted_to_draw_from_empty_library,257,0,21,draw_half_reporting_terminal_only_training,public_decision_frame,1.0,0.0,0,5:3
rev0021,pub_threat_overlord,pub_fjace,forty_overlord_impending,forty_force_jace_pressure,threat_rush,heuristic,land_band,land_band,40,1,212315,1,0.0,1.0,0.0,1.0,False,False,player_0_attempted_to_draw_from_empty_library,315,0,31,draw_half_reporting_terminal_only_training,public_decision_frame,0.0,1.0,0,5:3
rev0021,pub_threat_overlord,pub_counter_wall,forty_overlord_impending,sixty_counterwall_jace,threat_rush,counter_happy,land_band,land_band_business,40,0,212316,1,0.0,1.0,0.0,1.0,False,False,player_0_life_total_zero_or_less,185,0,14,draw_half_reporting_terminal_only_training,public_decision_frame,0.0,1.0,0,5:4
rev0021,pub_threat_overlord,pub_counter_wall,forty_overlord_impending,sixty_counterwall_jace,threat_rush,counter_happy,land_band,land_band_business,40,1,212317,1,0.0,1.0,0.0,1.0,False,False,player_0_attempted_to_draw_from_empty_library,391,0,31,draw_half_reporting_terminal_only_training,public_decision_frame,0.0,1.0,0,5:4
rev0021,pub_threat_overlord,pub_threat_overlord,forty_overlord_impending,forty_overlord_impending,threat_rush,threat_rush,land_band,land_band,40,0,212318,0,1.0,0.0,1.0,0.0,False,False,player_1_attempted_to_draw_from_empty_library,244,0,18,draw_half_reporting_terminal_only_training,public_decision_frame,1.0,0.0,0,5:5
rev0021,pub_threat_overlord,pub_threat_overlord,forty_overlord_impending,forty_overlord_impending,threat_rush,threat_rush,land_band,land_band,40,1,212319,1,0.0,1.0,0.0,1.0,False,False,player_0_attempted_to_draw_from_empty_library,156,0,13,draw_half_reporting_terminal_only_training,public_decision_frame,0.0,1.0,0,5:5
rev0021,pub_threat_overlord,code_jace,forty_overlord_impending,sixty_no_overlord_jace_only,threat_rush,code_jace_lock_rev0013,land_band,keep_always,40,0,212320,1,0.0,1.0,0.0,1.0,False,False,player_0_attempted_to_draw_from_empty_library,319,0,29,draw_half_reporting_terminal_only_training,public_decision_frame,0.0,1.0,0,5:6
rev0021,pub_threat_overlord,code_jace,forty_overlord_impending,sixty_no_overlord_jace_only,threat_rush,code_jace_lock_rev0013,land_band,keep_always,40,1,212321,1,0.0,1.0,0.0,1.0,False,False,player_0_attempted_to_draw_from_empty_library,171,0,12,draw_half_reporting_terminal_only_training,public_decision_frame,0.0,1.0,0,5:6
rev0021,pub_threat_overlord,code_clock,forty_overlord_impending,forty_overlord_impending,threat_rush,code_overlord_clock_rev0013,land_band,land_band,40,0,212322,1,0.0,1.0,0.0,1.0,False,False,player_0_attempted_to_draw_from_empty_library,229,0,18,draw_half_reporting_terminal_only_training,public_decision_frame,0.0,1.0,0,5:7
rev0021,pub_threat_overlord,code_clock,forty_overlord_impending,forty_overlord_impending,threat_rush,code_overlord_clock_rev0013,land_band,land_band,40,1,212323,0,1.0,0.0,1.0,0.0,False,False,player_1_attempted_to_draw_from_empty_library,251,0,22,draw_half_reporting_terminal_only_training,public_decision_frame,1.0,0.0,0,5:7
rev0021,code_jace,ranker_fjace,sixty_no_overlord_jace_only,forty_force_jace_pressure,code_jace_lock_rev0013,linear_ranker_rev0021,keep_always,land_band_business,40,0,212324,0,1.0,0.0,1.0,0.0,False,False,player_1_attempted_to_draw_from_empty_library,229,0,18,draw_half_reporting_terminal_only_training,public_decision_frame,1.0,0.0,0,6:0
rev0021,code_jace,ranker_fjace,sixty_no_overlord_jace_only,forty_force_jace_pressure,code_jace_lock_rev0013,linear_ranker_rev0021,keep_always,land_band_business,40,1,212325,1,0.0,1.0,0.0,1.0,False,False,player_0_attempted_to_draw_from_empty_library,160,0,18,draw_half_reporting_terminal_only_training,public_decision_frame,0.0,1.0,0,6:0
rev0021,code_jace,ranker_overlord,sixty_no_overlord_jace_only,forty_overlord_impending,code_jace_lock_rev0013,linear_ranker_rev0021,keep_always,land_band,40,0,212326,1,0.0,1.0,0.0,1.0,False,False,player_0_attempted_to_draw_from_empty_library,183,0,13,draw_half_reporting_terminal_only_training,public_decision_frame,0.0,1.0,0,6:1
rev0021,code_jace,ranker_overlord,sixty_no_overlord_jace_only,forty_overlord_impending,code_jace_lock_rev0013,linear_ranker_rev0021,keep_always,land_band,40,1,212327,1,0.0,1.0,0.0,1.0,False,False,player_0_attempted_to_draw_from_empty_library,148,0,14,draw_half_reporting_terminal_only_training,public_decision_frame,0.0,1.0,0,6:1
rev0021,code_jace,ranker_jace60,sixty_no_overlord_jace_only,sixty_no_overlord_jace_only,code_jace_lock_rev0013,linear_ranker_rev0021,keep_always,keep_always,40,0,212328,0,1.0,0.0,1.0,0.0,False,False,player_1_attempted_to_draw_from_empty_library,138,0,12,draw_half_reporting_terminal_only_training,public_decision_frame,1.0,0.0,0,6:2
rev0021,code_jace,ranker_jace60,sixty_no_overlord_jace_only,sixty_no_overlord_jace_only,code_jace_lock_rev0013,linear_ranker_rev0021,keep_always,keep_always,40,1,212329,0,1.0,0.0,1.0,0.0,False,False,player_1_attempted_to_draw_from_empty_library,336,0,28,draw_half_reporting_terminal_only_training,public_decision_frame,1.0,0.0,0,6:2
rev0021,code_jace,pub_fjace,sixty_no_overlord_jace_only,forty_force_jace_pressure,code_jace_lock_rev0013,heuristic,keep_always,land_band,40,0,212330,0,1.0,0.0,1.0,0.0,False,False,player_1_attempted_to_draw_from_empty_library,141,0,10,draw_half_reporting_terminal_only_training,public_decision_frame,1.0,0.0,0,6:3
rev0021,code_jace,pub_fjace,sixty_no_overlord_jace_only,forty_force_jace_pressure,code_jace_lock_rev0013,heuristic,keep_always,land_band,40,1,212331,0,1.0,0.0,1.0,0.0,False,False,player_1_attempted_to_draw_from_empty_library,207,0,18,draw_half_reporting_terminal_only_training,public_decision_frame,1.0,0.0,0,6:3
rev0021,code_jace,pub_counter_wall,sixty_no_overlord_jace_only,sixty_counterwall_jace,code_jace_lock_rev0013,counter_happy,keep_always,land_band_business,40,0,212332,1,0.0,1.0,0.0,1.0,False,False,player_0_attempted_to_draw_from_empty_library,258,0,25,draw_half_reporting_terminal_only_training,public_decision_frame,0.0,1.0,0,6:4
rev0021,code_jace,pub_counter_wall,sixty_no_overlord_jace_only,sixty_counterwall_jace,code_jace_lock_rev0013,counter_happy,keep_always,land_band_business,40,1,212333,1,0.0,1.0,0.0,1.0,False,False,player_0_attempted_to_draw_from_empty_library,414,0,43,draw_half_reporting_terminal_only_training,public_decision_frame,0.0,1.0,0,6:4
rev0021,code_jace,pub_threat_overlord,sixty_no_overlord_jace_only,forty_overlord_impending,code_jace_lock_rev0013,threat_rush,keep_always,land_band,40,0,212334,1,0.0,1.0,0.0,1.0,False,False,player_0_attempted_to_draw_from_empty_library,155,0,14,draw_half_reporting_terminal_only_training,public_decision_frame,0.0,1.0,0,6:5
rev0021,code_jace,pub_threat_overlord,sixty_no_overlord_jace_only,forty_overlord_impending,code_jace_lock_rev0013,threat_rush,keep_always,land_band,40,1,212335,0,1.0,0.0,1.0,0.0,False,False,player_1_attempted_to_draw_from_empty_library,177,0,13,draw_half_reporting_terminal_only_training,public_decision_frame,1.0,0.0,0,6:5
rev0021,code_jace,code_jace,sixty_no_overlord_jace_only,sixty_no_overlord_jace_only,code_jace_lock_rev0013,code_jace_lock_rev0013,keep_always,keep_always,40,0,212336,1,0.0,1.0,0.0,1.0,False,False,player_0_attempted_to_draw_from_empty_library,124,0,13,draw_half_reporting_terminal_only_training,public_decision_frame,0.0,1.0,0,6:6
rev0021,code_jace,code_jace,sixty_no_overlord_jace_only,sixty_no_overlord_jace_only,code_jace_lock_rev0013,code_jace_lock_rev0013,keep_always,keep_always,40,1,212337,1,0.0,1.0,0.0,1.0,False,False,player_0_attempted_to_draw_from_empty_library,154,0,13,draw_half_reporting_terminal_only_training,public_decision_frame,0.0,1.0,0,6:6
rev0021,code_jace,code_clock,sixty_no_overlord_jace_only,forty_overlord_impending,code_jace_lock_rev0013,code_overlord_clock_rev0013,keep_always,land_band,40,0,212338,1,0.0,1.0,0.0,1.0,False,False,player_0_life_total_zero_or_less,180,0,15,draw_half_reporting_terminal_only_training,public_decision_frame,0.0,1.0,0,6:7
rev0021,code_jace,code_clock,sixty_no_overlord_jace_only,forty_overlord_impending,code_jace_lock_rev0013,code_overlord_clock_rev0013,keep_always,land_band,40,1,212339,1,0.0,1.0,0.0,1.0,False,False,player_0_attempted_to_draw_from_empty_library,192,0,19,draw_half_reporting_terminal_only_training,public_decision_frame,0.0,1.0,0,6:7
rev0021,code_clock,ranker_fjace,forty_overlord_impending,forty_force_jace_pressure,code_overlord_clock_rev0013,linear_ranker_rev0021,land_band,land_band_business,40,0,212340,1,0.0,1.0,0.0,1.0,False,False,player_0_attempted_to_draw_from_empty_library,272,0,16,draw_half_reporting_terminal_only_training,public_decision_frame,0.0,1.0,0,7:0
rev0021,code_clock,ranker_fjace,forty_overlord_impending,forty_force_jace_pressure,code_overlord_clock_rev0013,linear_ranker_rev0021,land_band,land_band_business,40,1,212341,0,1.0,0.0,1.0,0.0,False,False,player_1_attempted_to_draw_from_empty_library,238,0,18,draw_half_reporting_terminal_only_training,public_decision_frame,1.0,0.0,0,7:0
rev0021,code_clock,ranker_overlord,forty_overlord_impending,forty_overlord_impending,code_overlord_clock_rev0013,linear_ranker_rev0021,land_band,land_band,40,0,212342,0,1.0,0.0,1.0,0.0,False,False,player_1_attempted_to_draw_from_empty_library,301,0,26,draw_half_reporting_terminal_only_training,public_decision_frame,1.0,0.0,0,7:1
rev0021,code_clock,ranker_overlord,forty_overlord_impending,forty_overlord_impending,code_overlord_clock_rev0013,linear_ranker_rev0021,land_band,land_band,40,1,212343,1,0.0,1.0,0.0,1.0,False,False,player_0_attempted_to_draw_from_empty_library,229,0,16,draw_half_reporting_terminal_only_training,public_decision_frame,0.0,1.0,0,7:1
rev0021,code_clock,ranker_jace60,forty_overlord_impending,sixty_no_overlord_jace_only,code_overlord_clock_rev0013,linear_ranker_rev0021,land_band,keep_always,40,0,212344,0,1.0,0.0,1.0,0.0,False,False,player_1_attempted_to_draw_from_empty_library,362,0,28,draw_half_reporting_terminal_only_training,public_decision_frame,1.0,0.0,0,7:2
rev0021,code_clock,ranker_jace60,forty_overlord_impending,sixty_no_overlord_jace_only,code_overlord_clock_rev0013,linear_ranker_rev0021,land_band,keep_always,40,1,212345,1,0.0,1.0,0.0,1.0,False,False,player_0_attempted_to_draw_from_empty_library,253,0,17,draw_half_reporting_terminal_only_training,public_decision_frame,0.0,1.0,0,7:2
rev0021,code_clock,pub_fjace,forty_overlord_impending,forty_force_jace_pressure,code_overlord_clock_rev0013,heuristic,land_band,land_band,40,0,212346,0,1.0,0.0,1.0,0.0,False,False,player_1_attempted_to_draw_from_empty_library,239,0,18,draw_half_reporting_terminal_only_training,public_decision_frame,1.0,0.0,0,7:3
rev0021,code_clock,pub_fjace,forty_overlord_impending,forty_force_jace_pressure,code_overlord_clock_rev0013,heuristic,land_band,land_band,40,1,212347,1,0.0,1.0,0.0,1.0,False,False,player_0_attempted_to_draw_from_empty_library,179,0,15,draw_half_reporting_terminal_only_training,public_decision_frame,0.0,1.0,0,7:3
rev0021,code_clock,pub_counter_wall,forty_overlord_impending,sixty_counterwall_jace,code_overlord_clock_rev0013,counter_happy,land_band,land_band_business,40,0,212348,0,1.0,0.0,1.0,0.0,False,False,player_1_attempted_to_draw_from_empty_library,402,0,32,draw_half_reporting_terminal_only_training,public_decision_frame,1.0,0.0,0,7:4
rev0021,code_clock,pub_counter_wall,forty_overlord_impending,sixty_counterwall_jace,code_overlord_clock_rev0013,counter_happy,land_band,land_band_business,40,1,212349,0,1.0,0.0,1.0,0.0,False,False,player_1_attempted_to_draw_from_empty_library,394,0,32,draw_half_reporting_terminal_only_training,public_decision_frame,1.0,0.0,0,7:4
rev0021,code_clock,pub_threat_overlord,forty_overlord_impending,forty_overlord_impending,code_overlord_clock_rev0013,threat_rush,land_band,land_band,40,0,212350,0,1.0,0.0,1.0,0.0,False,False,player_1_attempted_to_draw_from_empty_library,274,0,17,draw_half_reporting_terminal_only_training,public_decision_frame,1.0,0.0,0,7:5
rev0021,code_clock,pub_threat_overlord,forty_overlord_impending,forty_overlord_impending,code_overlord_clock_rev0013,threat_rush,land_band,land_band,40,1,212351,0,1.0,0.0,1.0,0.0,False,False,player_1_attempted_to_draw_from_empty_library,226,0,18,draw_half_reporting_terminal_only_training,public_decision_frame,1.0,0.0,0,7:5
rev0021,code_clock,code_jace,forty_overlord_impending,sixty_no_overlord_jace_only,code_overlord_clock_rev0013,code_jace_lock_rev0013,land_band,keep_always,40,0,212352,1,0.0,1.0,0.0,1.0,False,False,player_0_attempted_to_draw_from_empty_library,147,0,12,draw_half_reporting_terminal_only_training,public_decision_frame,0.0,1.0,0,7:6
rev0021,code_clock,code_jace,forty_overlord_impending,sixty_no_overlord_jace_only,code_overlord_clock_rev0013,code_jace_lock_rev0013,land_band,keep_always,40,1,212353,1,0.0,1.0,0.0,1.0,False,False,player_0_attempted_to_draw_from_empty_library,225,0,20,draw_half_reporting_terminal_only_training,public_decision_frame,0.0,1.0,0,7:6
rev0021,code_clock,code_clock,forty_overlord_impending,forty_overlord_impending,code_overlord_clock_rev0013,code_overlord_clock_rev0013,land_band,land_band,40,0,212354,0,1.0,0.0,1.0,0.0,False,False,player_1_attempted_to_draw_from_empty_library,224,0,14,draw_half_reporting_terminal_only_training,public_decision_frame,1.0,0.0,0,7:7
rev0021,code_clock,code_clock,forty_overlord_impending,forty_overlord_impending,code_overlord_clock_rev0013,code_overlord_clock_rev0013,land_band,land_band,40,1,212355,0,1.0,0.0,1.0,0.0,False,False,player_1_life_total_zero_or_less,152,0,12,draw_half_reporting_terminal_only_training,public_decision_frame,1.0,0.0,0,7:7
