game_id,step,player,frame,main_phase,pending_choice_kind,stack_depth,action_kind,action,supported_by_cpp,skipped_reason,cpp_match,case_id
p00000_legacy_cf34_counter_ranker_seat0_sp0_r0,1,0,MAIN,precombat,none,0,PLAY_ISLAND,PLAY_ISLAND,True,,True,p00000_legacy_cf34_counter_ranker_seat0_sp0_r0_step1_MAIN_none_PLAY_ISLAND
p00000_legacy_cf34_counter_ranker_seat0_sp0_r0,68,1,MAIN,precombat,none,0,PLAY_ISLAND,PLAY_ISLAND,True,,True,p00000_legacy_cf34_counter_ranker_seat0_sp0_r0_step68_MAIN_none_PLAY_ISLAND
p00000_legacy_cf34_counter_ranker_seat0_sp0_r0,134,1,RESPONSE,precombat,none,1,PASS,PASS,True,,True,p00000_legacy_cf34_counter_ranker_seat0_sp0_r0_step134_RESPONSE_none_PASS
p00003_legacy_cf34_counter_ranker_seat0_sp0_r3,39,1,MAIN,precombat,none,0,PLAY_ISLAND,PLAY_ISLAND,True,,True,p00003_legacy_cf34_counter_ranker_seat0_sp0_r3_step39_MAIN_none_PLAY_ISLAND
p00003_legacy_cf34_counter_ranker_seat0_sp0_r3,106,0,ATTACK,precombat,none,0,PASS,PASS,True,,True,p00003_legacy_cf34_counter_ranker_seat0_sp0_r3_step106_ATTACK_none_PASS
p00003_legacy_cf34_counter_ranker_seat0_sp0_r3,173,1,MAIN,precombat,none,0,PASS,PASS,True,,True,p00003_legacy_cf34_counter_ranker_seat0_sp0_r3_step173_MAIN_none_PASS
p00005_legacy_cf34_counter_ranker_seat0_sp0_r5,52,1,MAIN,precombat,none,0,PLAY_ISLAND,PLAY_ISLAND,True,,True,p00005_legacy_cf34_counter_ranker_seat0_sp0_r5_step52_MAIN_none_PLAY_ISLAND
p00005_legacy_cf34_counter_ranker_seat0_sp0_r5,119,0,RESPONSE,precombat,none,2,PASS,PASS,True,,True,p00005_legacy_cf34_counter_ranker_seat0_sp0_r5_step119_RESPONSE_none_PASS
p00005_legacy_cf34_counter_ranker_seat0_sp0_r5,186,1,ATTACK,precombat,discard,0,CHOOSE_FOR_EFFECT,"CHOOSE_FOR_EFFECT(discard=ForceOfWill, effect=discard)",True,,True,p00005_legacy_cf34_counter_ranker_seat0_sp0_r5_step186_ATTACK_discard_CHOOSE_FOR_EFFECT
p00008_legacy_cf34_counter_ranker_seat0_sp0_r8,66,1,RESPONSE,precombat,none,5,PASS,PASS,True,,True,p00008_legacy_cf34_counter_ranker_seat0_sp0_r8_step66_RESPONSE_none_PASS
p00011_legacy_cf34_counter_ranker_seat0_sp0_r11,2,0,MAIN,precombat,none,0,PASS,PASS,True,,True,p00011_legacy_cf34_counter_ranker_seat0_sp0_r11_step2_MAIN_none_PASS
p00011_legacy_cf34_counter_ranker_seat0_sp0_r11,69,1,ATTACK,precombat,none,0,ATTACK,"ATTACK(to_jace=0, to_player=1)",True,,True,p00011_legacy_cf34_counter_ranker_seat0_sp0_r11_step69_ATTACK_none_ATTACK
p00011_legacy_cf34_counter_ranker_seat0_sp0_r11,136,0,MAIN,precombat,none,0,PLAY_ISLAND,PLAY_ISLAND,True,,True,p00011_legacy_cf34_counter_ranker_seat0_sp0_r11_step136_MAIN_none_PLAY_ISLAND
p00013_legacy_cf34_counter_ranker_seat0_sp0_r13,20,0,MAIN,postcombat,none,0,PASS,PASS,True,,True,p00013_legacy_cf34_counter_ranker_seat0_sp0_r13_step20_MAIN_none_PASS
p00013_legacy_cf34_counter_ranker_seat0_sp0_r13,86,0,MAIN,precombat,none,0,PASS,PASS,True,,True,p00013_legacy_cf34_counter_ranker_seat0_sp0_r13_step86_MAIN_none_PASS
p00013_legacy_cf34_counter_ranker_seat0_sp0_r13,153,0,MAIN,precombat,none,0,PASS,PASS,True,,True,p00013_legacy_cf34_counter_ranker_seat0_sp0_r13_step153_MAIN_none_PASS
p00013_legacy_cf34_counter_ranker_seat0_sp0_r13,220,1,ATTACK,precombat,none,0,PASS,PASS,True,,True,p00013_legacy_cf34_counter_ranker_seat0_sp0_r13_step220_ATTACK_none_PASS
p00013_legacy_cf34_counter_ranker_seat0_sp0_r13,287,1,ATTACK,precombat,discard,0,CHOOSE_FOR_EFFECT,"CHOOSE_FOR_EFFECT(discard=Island, effect=discard)",True,,True,p00013_legacy_cf34_counter_ranker_seat0_sp0_r13_step287_ATTACK_discard_CHOOSE_FOR_EFFECT
p00016_legacy_cf34_counter_ranker_seat0_sp1_r0,57,1,MAIN,precombat,none,0,PASS,PASS,True,,True,p00016_legacy_cf34_counter_ranker_seat0_sp1_r0_step57_MAIN_none_PASS
p00016_legacy_cf34_counter_ranker_seat0_sp1_r0,124,1,MAIN,precombat,none,0,PASS,PASS,True,,True,p00016_legacy_cf34_counter_ranker_seat0_sp1_r0_step124_MAIN_none_PASS
p00016_legacy_cf34_counter_ranker_seat0_sp1_r0,191,0,MAIN,postcombat,none,0,PASS,PASS,True,,True,p00016_legacy_cf34_counter_ranker_seat0_sp1_r0_step191_MAIN_none_PASS
p00016_legacy_cf34_counter_ranker_seat0_sp1_r0,258,1,ATTACK,precombat,none,0,PASS,PASS,True,,True,p00016_legacy_cf34_counter_ranker_seat0_sp1_r0_step258_ATTACK_none_PASS
p00019_legacy_cf34_counter_ranker_seat0_sp1_r3,53,1,MAIN,precombat,jace_plus2,0,CHOOSE_FOR_EFFECT,"CHOOSE_FOR_EFFECT(effect=jace_plus2, put=leave)",True,,True,p00019_legacy_cf34_counter_ranker_seat0_sp1_r3_step53_MAIN_jace_plus2_CHOOSE_FOR_EFFECT
p00019_legacy_cf34_counter_ranker_seat0_sp1_r3,120,1,MAIN,precombat,none,0,PLAY_ISLAND,PLAY_ISLAND,True,,True,p00019_legacy_cf34_counter_ranker_seat0_sp1_r3_step120_MAIN_none_PLAY_ISLAND
p00022_legacy_cf34_counter_ranker_seat0_sp1_r6,38,1,RESPONSE,precombat,none,2,PASS,PASS,True,,True,p00022_legacy_cf34_counter_ranker_seat0_sp1_r6_step38_RESPONSE_none_PASS
p00022_legacy_cf34_counter_ranker_seat0_sp1_r6,105,0,RESPONSE,precombat,none,2,PASS,PASS,True,,True,p00022_legacy_cf34_counter_ranker_seat0_sp1_r6_step105_RESPONSE_none_PASS
p00022_legacy_cf34_counter_ranker_seat0_sp1_r6,171,1,MAIN,precombat,none,0,PASS,PASS,True,,True,p00022_legacy_cf34_counter_ranker_seat0_sp1_r6_step171_MAIN_none_PASS
p00022_legacy_cf34_counter_ranker_seat0_sp1_r6,238,1,ATTACK,precombat,none,0,PASS,PASS,True,,True,p00022_legacy_cf34_counter_ranker_seat0_sp1_r6_step238_ATTACK_none_PASS
p00024_legacy_cf34_counter_ranker_seat0_sp1_r8,24,1,RESPONSE,precombat,none,4,PASS,PASS,True,,True,p00024_legacy_cf34_counter_ranker_seat0_sp1_r8_step24_RESPONSE_none_PASS
p00024_legacy_cf34_counter_ranker_seat0_sp1_r8,91,0,BLOCK,precombat,none,0,BLOCK,"BLOCK(block_jace_attackers=0, block_player_attackers=1)",True,,True,p00024_legacy_cf34_counter_ranker_seat0_sp1_r8_step91_BLOCK_none_BLOCK
p00024_legacy_cf34_counter_ranker_seat0_sp1_r8,157,1,MAIN,precombat,none,0,PASS,PASS,True,,True,p00024_legacy_cf34_counter_ranker_seat0_sp1_r8_step157_MAIN_none_PASS
p00027_legacy_cf34_counter_ranker_seat0_sp1_r11,28,1,MAIN,precombat,none,0,PASS,PASS,True,,True,p00027_legacy_cf34_counter_ranker_seat0_sp1_r11_step28_MAIN_none_PASS
p00027_legacy_cf34_counter_ranker_seat0_sp1_r11,95,0,MAIN,precombat,none,0,PLAY_ISLAND,PLAY_ISLAND,True,,True,p00027_legacy_cf34_counter_ranker_seat0_sp1_r11_step95_MAIN_none_PLAY_ISLAND
p00030_legacy_cf34_counter_ranker_seat0_sp1_r14,14,0,MAIN,precombat,none,0,PASS,PASS,True,,True,p00030_legacy_cf34_counter_ranker_seat0_sp1_r14_step14_MAIN_none_PASS
p00030_legacy_cf34_counter_ranker_seat0_sp1_r14,80,1,RESPONSE,precombat,none,5,PASS,PASS,True,,True,p00030_legacy_cf34_counter_ranker_seat0_sp1_r14_step80_RESPONSE_none_PASS
p00032_legacy_cf34_counter_ranker_seat1_sp0_r0,13,1,MAIN,precombat,none,0,PLAY_ISLAND,PLAY_ISLAND,True,,True,p00032_legacy_cf34_counter_ranker_seat1_sp0_r0_step13_MAIN_none_PLAY_ISLAND
p00032_legacy_cf34_counter_ranker_seat1_sp0_r0,80,1,RESPONSE,precombat,none,2,PASS,PASS,True,,True,p00032_legacy_cf34_counter_ranker_seat1_sp0_r0_step80_RESPONSE_none_PASS
p00032_legacy_cf34_counter_ranker_seat1_sp0_r0,147,1,ATTACK,precombat,none,0,PASS,PASS,True,,True,p00032_legacy_cf34_counter_ranker_seat1_sp0_r0_step147_ATTACK_none_PASS
p00035_legacy_cf34_counter_ranker_seat1_sp0_r3,41,0,MAIN,precombat,none,0,PASS,PASS,True,,True,p00035_legacy_cf34_counter_ranker_seat1_sp0_r3_step41_MAIN_none_PASS
p00035_legacy_cf34_counter_ranker_seat1_sp0_r3,108,0,ATTACK,precombat,none,0,PASS,PASS,True,,True,p00035_legacy_cf34_counter_ranker_seat1_sp0_r3_step108_ATTACK_none_PASS
p00035_legacy_cf34_counter_ranker_seat1_sp0_r3,175,1,ATTACK,precombat,none,0,PASS,PASS,True,,True,p00035_legacy_cf34_counter_ranker_seat1_sp0_r3_step175_ATTACK_none_PASS
p00038_legacy_cf34_counter_ranker_seat1_sp0_r6,7,1,ATTACK,precombat,none,0,PASS,PASS,True,,True,p00038_legacy_cf34_counter_ranker_seat1_sp0_r6_step7_ATTACK_none_PASS
p00038_legacy_cf34_counter_ranker_seat1_sp0_r6,73,0,MAIN,precombat,none,0,ACTIVATE_JACE,"ACTIVATE_JACE(mode=plus2, target_player=opponent)",True,,True,p00038_legacy_cf34_counter_ranker_seat1_sp0_r6_step73_MAIN_none_ACTIVATE_JACE
p00040_legacy_cf34_counter_ranker_seat1_sp0_r8,9,0,MAIN,precombat,none,0,PLAY_ISLAND,PLAY_ISLAND,True,,True,p00040_legacy_cf34_counter_ranker_seat1_sp0_r8_step9_MAIN_none_PLAY_ISLAND
p00040_legacy_cf34_counter_ranker_seat1_sp0_r8,76,0,ATTACK,precombat,none,0,PASS,PASS,True,,True,p00040_legacy_cf34_counter_ranker_seat1_sp0_r8_step76_ATTACK_none_PASS
p00040_legacy_cf34_counter_ranker_seat1_sp0_r8,143,1,MAIN,precombat,none,0,PLAY_ISLAND,PLAY_ISLAND,True,,True,p00040_legacy_cf34_counter_ranker_seat1_sp0_r8_step143_MAIN_none_PLAY_ISLAND
p00043_legacy_cf34_counter_ranker_seat1_sp0_r11,65,0,ATTACK,precombat,none,0,PASS,PASS,True,,True,p00043_legacy_cf34_counter_ranker_seat1_sp0_r11_step65_ATTACK_none_PASS
p00043_legacy_cf34_counter_ranker_seat1_sp0_r11,132,0,MAIN,precombat,none,0,PASS,PASS,True,,True,p00043_legacy_cf34_counter_ranker_seat1_sp0_r11_step132_MAIN_none_PASS
p00046_legacy_cf34_counter_ranker_seat1_sp0_r14,34,1,MAIN,precombat,none,0,PLAY_ISLAND,PLAY_ISLAND,True,,True,p00046_legacy_cf34_counter_ranker_seat1_sp0_r14_step34_MAIN_none_PLAY_ISLAND
p00046_legacy_cf34_counter_ranker_seat1_sp0_r14,101,0,MAIN,precombat,none,0,CAST,"CAST(card=OverlordOfTheFloodpits, mode=impending)",True,,True,p00046_legacy_cf34_counter_ranker_seat1_sp0_r14_step101_MAIN_none_CAST
p00046_legacy_cf34_counter_ranker_seat1_sp0_r14,167,0,MAIN,precombat,none,0,PASS,PASS,True,,True,p00046_legacy_cf34_counter_ranker_seat1_sp0_r14_step167_MAIN_none_PASS
p00048_legacy_cf34_counter_ranker_seat1_sp1_r0,34,0,MAIN,postcombat,none,0,PASS,PASS,True,,True,p00048_legacy_cf34_counter_ranker_seat1_sp1_r0_step34_MAIN_none_PASS
p00048_legacy_cf34_counter_ranker_seat1_sp1_r0,101,0,MAIN,precombat,none,0,PASS,PASS,True,,True,p00048_legacy_cf34_counter_ranker_seat1_sp1_r0_step101_MAIN_none_PASS
p00051_legacy_cf34_counter_ranker_seat1_sp1_r3,63,1,MAIN,postcombat,none,0,PASS,PASS,True,,True,p00051_legacy_cf34_counter_ranker_seat1_sp1_r3_step63_MAIN_none_PASS
p00054_legacy_cf34_counter_ranker_seat1_sp1_r6,37,1,RESPONSE,precombat,none,1,PASS,PASS,True,,True,p00054_legacy_cf34_counter_ranker_seat1_sp1_r6_step37_RESPONSE_none_PASS
p00054_legacy_cf34_counter_ranker_seat1_sp1_r6,104,0,MAIN,precombat,none,0,PLAY_ISLAND,PLAY_ISLAND,True,,True,p00054_legacy_cf34_counter_ranker_seat1_sp1_r6_step104_MAIN_none_PLAY_ISLAND
p00054_legacy_cf34_counter_ranker_seat1_sp1_r6,171,0,MAIN,precombat,none,0,PASS,PASS,True,,True,p00054_legacy_cf34_counter_ranker_seat1_sp1_r6_step171_MAIN_none_PASS
p00056_legacy_cf34_counter_ranker_seat1_sp1_r8,52,1,MAIN,precombat,none,0,CAST,CAST(card=JaceTheMindSculptor),True,,True,p00056_legacy_cf34_counter_ranker_seat1_sp1_r8_step52_MAIN_none_CAST
p00056_legacy_cf34_counter_ranker_seat1_sp1_r8,118,1,MAIN,postcombat,none,0,PASS,PASS,True,,True,p00056_legacy_cf34_counter_ranker_seat1_sp1_r8_step118_MAIN_none_PASS
p00059_legacy_cf34_counter_ranker_seat1_sp1_r11,39,0,MAIN,postcombat,none,0,PASS,PASS,True,,True,p00059_legacy_cf34_counter_ranker_seat1_sp1_r11_step39_MAIN_none_PASS
p00059_legacy_cf34_counter_ranker_seat1_sp1_r11,106,1,MAIN,precombat,none,0,ACTIVATE_JACE,ACTIVATE_JACE(mode=zero),True,,True,p00059_legacy_cf34_counter_ranker_seat1_sp1_r11_step106_MAIN_none_ACTIVATE_JACE
p00059_legacy_cf34_counter_ranker_seat1_sp1_r11,173,1,MAIN,precombat,none,0,ACTIVATE_JACE,ACTIVATE_JACE(mode=zero),True,,True,p00059_legacy_cf34_counter_ranker_seat1_sp1_r11_step173_MAIN_none_ACTIVATE_JACE
p00062_legacy_cf34_counter_ranker_seat1_sp1_r14,8,0,MAIN,postcombat,none,0,PASS,PASS,True,,True,p00062_legacy_cf34_counter_ranker_seat1_sp1_r14_step8_MAIN_none_PASS
p00062_legacy_cf34_counter_ranker_seat1_sp1_r14,75,1,ATTACK,precombat,none,0,PASS,PASS,True,,True,p00062_legacy_cf34_counter_ranker_seat1_sp1_r14_step75_ATTACK_none_PASS
p00065_public_counter_guard_seat0_sp0_r1,43,0,MAIN,postcombat,none,0,PASS,PASS,True,,True,p00065_public_counter_guard_seat0_sp0_r1_step43_MAIN_none_PASS
p00065_public_counter_guard_seat0_sp0_r1,110,0,RESPONSE,precombat,none,1,PASS,PASS,True,,True,p00065_public_counter_guard_seat0_sp0_r1_step110_RESPONSE_none_PASS
p00065_public_counter_guard_seat0_sp0_r1,176,1,RESPONSE,precombat,none,1,PASS,PASS,True,,True,p00065_public_counter_guard_seat0_sp0_r1_step176_RESPONSE_none_PASS
p00067_public_counter_guard_seat0_sp0_r3,52,0,MAIN,postcombat,none,0,PASS,PASS,True,,True,p00067_public_counter_guard_seat0_sp0_r3_step52_MAIN_none_PASS
p00067_public_counter_guard_seat0_sp0_r3,119,1,RESPONSE,precombat,none,1,PASS,PASS,True,,True,p00067_public_counter_guard_seat0_sp0_r3_step119_RESPONSE_none_PASS
p00070_public_counter_guard_seat0_sp0_r6,29,0,RESPONSE,precombat,none,4,PASS,PASS,True,,True,p00070_public_counter_guard_seat0_sp0_r6_step29_RESPONSE_none_PASS
p00070_public_counter_guard_seat0_sp0_r6,95,1,MAIN,precombat,none,0,PLAY_ISLAND,PLAY_ISLAND,True,,True,p00070_public_counter_guard_seat0_sp0_r6_step95_MAIN_none_PLAY_ISLAND
p00073_public_counter_guard_seat0_sp0_r9,31,0,RESPONSE,precombat,none,2,PASS,PASS,True,,True,p00073_public_counter_guard_seat0_sp0_r9_step31_RESPONSE_none_PASS
p00073_public_counter_guard_seat0_sp0_r9,98,1,ATTACK,precombat,none,0,PASS,PASS,True,,True,p00073_public_counter_guard_seat0_sp0_r9_step98_ATTACK_none_PASS
p00075_public_counter_guard_seat0_sp0_r11,19,0,ATTACK,precombat,none,0,PASS,PASS,True,,True,p00075_public_counter_guard_seat0_sp0_r11_step19_ATTACK_none_PASS
p00075_public_counter_guard_seat0_sp0_r11,85,1,MAIN,precombat,none,0,PLAY_ISLAND,PLAY_ISLAND,True,,True,p00075_public_counter_guard_seat0_sp0_r11_step85_MAIN_none_PLAY_ISLAND
p00075_public_counter_guard_seat0_sp0_r11,152,1,MAIN,precombat,none,0,PASS,PASS,True,,True,p00075_public_counter_guard_seat0_sp0_r11_step152_MAIN_none_PASS
p00078_public_counter_guard_seat0_sp0_r14,25,0,RESPONSE,precombat,none,2,CAST,"CAST(card=ForceOfWill, payment=pitch, pitch_card=Counterspell, target_card=OverlordOfTheFloodpits, target_id=1)",True,,True,p00078_public_counter_guard_seat0_sp0_r14_step25_RESPONSE_none_CAST
p00078_public_counter_guard_seat0_sp0_r14,92,0,RESPONSE,precombat,none,2,PASS,PASS,True,,True,p00078_public_counter_guard_seat0_sp0_r14_step92_RESPONSE_none_PASS
p00081_public_counter_guard_seat0_sp1_r1,3,1,ATTACK,precombat,none,0,PASS,PASS,True,,True,p00081_public_counter_guard_seat0_sp1_r1_step3_ATTACK_none_PASS
p00081_public_counter_guard_seat0_sp1_r1,70,1,MAIN,precombat,none,0,CAST,"CAST(card=OverlordOfTheFloodpits, mode=full_cost)",True,,True,p00081_public_counter_guard_seat0_sp1_r1_step70_MAIN_none_CAST
p00081_public_counter_guard_seat0_sp1_r1,137,0,MAIN,precombat,none,0,ACTIVATE_JACE,"ACTIVATE_JACE(mode=minus1, target_player=opponent, target_state=sick)",True,,True,p00081_public_counter_guard_seat0_sp1_r1_step137_MAIN_none_ACTIVATE_JACE
p00083_public_counter_guard_seat0_sp1_r3,22,1,RESPONSE,precombat,none,2,PASS,PASS,True,,True,p00083_public_counter_guard_seat0_sp1_r3_step22_RESPONSE_none_PASS
p00083_public_counter_guard_seat0_sp1_r3,88,1,MAIN,precombat,none,0,ACTIVATE_JACE,"ACTIVATE_JACE(mode=plus2, target_player=opponent)",True,,True,p00083_public_counter_guard_seat0_sp1_r3_step88_MAIN_none_ACTIVATE_JACE
p00086_public_counter_guard_seat0_sp1_r6,15,0,ATTACK,precombat,none,0,PASS,PASS,True,,True,p00086_public_counter_guard_seat0_sp1_r6_step15_ATTACK_none_PASS
p00086_public_counter_guard_seat0_sp1_r6,82,0,MAIN,postcombat,none,0,PASS,PASS,True,,True,p00086_public_counter_guard_seat0_sp1_r6_step82_MAIN_none_PASS
p00089_public_counter_guard_seat0_sp1_r9,1,1,MAIN,precombat,none,0,PLAY_ISLAND,PLAY_ISLAND,True,,True,p00089_public_counter_guard_seat0_sp1_r9_step1_MAIN_none_PLAY_ISLAND
p00089_public_counter_guard_seat0_sp1_r9,67,0,MAIN,postcombat,none,0,PASS,PASS,True,,True,p00089_public_counter_guard_seat0_sp1_r9_step67_MAIN_none_PASS
p00089_public_counter_guard_seat0_sp1_r9,134,0,MAIN,postcombat,none,0,PASS,PASS,True,,True,p00089_public_counter_guard_seat0_sp1_r9_step134_MAIN_none_PASS
p00091_public_counter_guard_seat0_sp1_r11,58,1,MAIN,precombat,none,0,PLAY_ISLAND,PLAY_ISLAND,True,,True,p00091_public_counter_guard_seat0_sp1_r11_step58_MAIN_none_PLAY_ISLAND
p00091_public_counter_guard_seat0_sp1_r11,125,0,MAIN,postcombat,none,0,PASS,PASS,True,,True,p00091_public_counter_guard_seat0_sp1_r11_step125_MAIN_none_PASS
p00091_public_counter_guard_seat0_sp1_r11,191,1,MAIN,postcombat,none,0,PASS,PASS,True,,True,p00091_public_counter_guard_seat0_sp1_r11_step191_MAIN_none_PASS
p00094_public_counter_guard_seat0_sp1_r14,12,1,MAIN,postcombat,none,0,PASS,PASS,True,,True,p00094_public_counter_guard_seat0_sp1_r14_step12_MAIN_none_PASS
p00094_public_counter_guard_seat0_sp1_r14,79,0,RESPONSE,precombat,none,4,PASS,PASS,True,,True,p00094_public_counter_guard_seat0_sp1_r14_step79_RESPONSE_none_PASS
p00094_public_counter_guard_seat0_sp1_r14,146,1,MAIN,precombat,none,0,PASS,PASS,True,,True,p00094_public_counter_guard_seat0_sp1_r14_step146_MAIN_none_PASS
p00094_public_counter_guard_seat0_sp1_r14,212,1,MAIN,precombat,none,0,PASS,PASS,True,,True,p00094_public_counter_guard_seat0_sp1_r14_step212_MAIN_none_PASS
p00097_public_counter_guard_seat1_sp0_r1,42,1,MAIN,postcombat,none,0,PASS,PASS,True,,True,p00097_public_counter_guard_seat1_sp0_r1_step42_MAIN_none_PASS
p00097_public_counter_guard_seat1_sp0_r1,109,1,RESPONSE,precombat,none,1,CAST,"CAST(card=Counterspell, target_card=OverlordOfTheFloodpits, target_id=5)",True,,True,p00097_public_counter_guard_seat1_sp0_r1_step109_RESPONSE_none_CAST
p00097_public_counter_guard_seat1_sp0_r1,176,1,ATTACK,precombat,none,0,PASS,PASS,True,,True,p00097_public_counter_guard_seat1_sp0_r1_step176_ATTACK_none_PASS
p00097_public_counter_guard_seat1_sp0_r1,242,1,MAIN,precombat,none,0,ACTIVATE_JACE,"ACTIVATE_JACE(mode=plus2, target_player=opponent)",True,,True,p00097_public_counter_guard_seat1_sp0_r1_step242_MAIN_none_ACTIVATE_JACE
p00100_public_counter_guard_seat1_sp0_r4,29,1,MAIN,precombat,none,0,PLAY_ISLAND,PLAY_ISLAND,True,,True,p00100_public_counter_guard_seat1_sp0_r4_step29_MAIN_none_PLAY_ISLAND
p00100_public_counter_guard_seat1_sp0_r4,96,1,MAIN,precombat,jace_plus2,0,CHOOSE_FOR_EFFECT,"CHOOSE_FOR_EFFECT(effect=jace_plus2, put=bottom)",True,,True,p00100_public_counter_guard_seat1_sp0_r4_step96_MAIN_jace_plus2_CHOOSE_FOR_EFFECT
p00102_public_counter_guard_seat1_sp0_r6,25,0,MAIN,precombat,none,0,PLAY_ISLAND,PLAY_ISLAND,True,,True,p00102_public_counter_guard_seat1_sp0_r6_step25_MAIN_none_PLAY_ISLAND
p00102_public_counter_guard_seat1_sp0_r6,91,1,MAIN,postcombat,none,0,PASS,PASS,True,,True,p00102_public_counter_guard_seat1_sp0_r6_step91_MAIN_none_PASS
p00105_public_counter_guard_seat1_sp0_r9,27,0,RESPONSE,precombat,none,3,PASS,PASS,True,,True,p00105_public_counter_guard_seat1_sp0_r9_step27_RESPONSE_none_PASS
p00105_public_counter_guard_seat1_sp0_r9,94,1,MAIN,postcombat,none,0,PASS,PASS,True,,True,p00105_public_counter_guard_seat1_sp0_r9_step94_MAIN_none_PASS
p00108_public_counter_guard_seat1_sp0_r12,28,1,RESPONSE,precombat,none,1,CAST,"CAST(card=Counterspell, target_card=OverlordOfTheFloodpits, target_id=1)",True,,True,p00108_public_counter_guard_seat1_sp0_r12_step28_RESPONSE_none_CAST
p00108_public_counter_guard_seat1_sp0_r12,94,1,RESPONSE,precombat,none,1,PASS,PASS,True,,True,p00108_public_counter_guard_seat1_sp0_r12_step94_RESPONSE_none_PASS
p00110_public_counter_guard_seat1_sp0_r14,23,1,RESPONSE,precombat,none,4,PASS,PASS,True,,True,p00110_public_counter_guard_seat1_sp0_r14_step23_RESPONSE_none_PASS
p00110_public_counter_guard_seat1_sp0_r14,90,0,MAIN,precombat,none,0,PLAY_ISLAND,PLAY_ISLAND,True,,True,p00110_public_counter_guard_seat1_sp0_r14_step90_MAIN_none_PLAY_ISLAND
p00113_public_counter_guard_seat1_sp1_r1,25,1,RESPONSE,precombat,none,2,CAST,"CAST(card=ForceOfWill, payment=pitch, pitch_card=JaceTheMindSculptor, target_card=OverlordOfTheFloodpits, target_id=1)",True,,True,p00113_public_counter_guard_seat1_sp1_r1_step25_RESPONSE_none_CAST
p00113_public_counter_guard_seat1_sp1_r1,91,0,RESPONSE,precombat,none,1,PASS,PASS,True,,True,p00113_public_counter_guard_seat1_sp1_r1_step91_RESPONSE_none_PASS
p00116_public_counter_guard_seat1_sp1_r4,15,0,ATTACK,precombat,none,0,PASS,PASS,True,,True,p00116_public_counter_guard_seat1_sp1_r4_step15_ATTACK_none_PASS
p00116_public_counter_guard_seat1_sp1_r4,82,1,MAIN,precombat,none,0,PLAY_ISLAND,PLAY_ISLAND,True,,True,p00116_public_counter_guard_seat1_sp1_r4_step82_MAIN_none_PLAY_ISLAND
p00118_public_counter_guard_seat1_sp1_r6,19,1,ATTACK,precombat,none,0,PASS,PASS,True,,True,p00118_public_counter_guard_seat1_sp1_r6_step19_ATTACK_none_PASS
p00118_public_counter_guard_seat1_sp1_r6,85,0,RESPONSE,precombat,none,2,PASS,PASS,True,,True,p00118_public_counter_guard_seat1_sp1_r6_step85_RESPONSE_none_PASS
p00118_public_counter_guard_seat1_sp1_r6,152,1,MAIN,precombat,none,0,ACTIVATE_JACE,"ACTIVATE_JACE(mode=plus2, target_player=opponent)",True,,True,p00118_public_counter_guard_seat1_sp1_r6_step152_MAIN_none_ACTIVATE_JACE
p00121_public_counter_guard_seat1_sp1_r9,64,0,MAIN,precombat,none,0,PASS,PASS,True,,True,p00121_public_counter_guard_seat1_sp1_r9_step64_MAIN_none_PASS
p00121_public_counter_guard_seat1_sp1_r9,131,1,MAIN,precombat,jace_plus2,0,CHOOSE_FOR_EFFECT,"CHOOSE_FOR_EFFECT(effect=jace_plus2, put=leave)",True,,True,p00121_public_counter_guard_seat1_sp1_r9_step131_MAIN_jace_plus2_CHOOSE_FOR_EFFECT
p00124_public_counter_guard_seat1_sp1_r12,28,0,RESPONSE,precombat,none,4,CAST,"CAST(card=ForceOfWill, payment=pitch, pitch_card=Counterspell, target_card=ForceOfWill, target_id=3)",True,,True,p00124_public_counter_guard_seat1_sp1_r12_step28_RESPONSE_none_CAST
p00124_public_counter_guard_seat1_sp1_r12,95,1,MAIN,precombat,none,0,ACTIVATE_JACE,"ACTIVATE_JACE(mode=minus1, target_player=opponent, target_state=sick)",True,,True,p00124_public_counter_guard_seat1_sp1_r12_step95_MAIN_none_ACTIVATE_JACE
p00124_public_counter_guard_seat1_sp1_r12,162,0,MAIN,postcombat,none,0,PASS,PASS,True,,True,p00124_public_counter_guard_seat1_sp1_r12_step162_MAIN_none_PASS
p00126_public_counter_guard_seat1_sp1_r14,27,0,RESPONSE,precombat,none,3,CAST,"CAST(card=ForceOfWill, payment=pitch, pitch_card=JaceTheMindSculptor, target_card=Counterspell, target_id=2)",True,,True,p00126_public_counter_guard_seat1_sp1_r14_step27_RESPONSE_none_CAST
p00126_public_counter_guard_seat1_sp1_r14,93,1,ATTACK,precombat,none,0,PASS,PASS,True,,True,p00126_public_counter_guard_seat1_sp1_r14_step93_ATTACK_none_PASS
p00129_public_counter_life20_stabilizer_seat0_sp0_r1,61,1,RESPONSE,precombat,none,1,PASS,PASS,True,,True,p00129_public_counter_life20_stabilizer_seat0_sp0_r1_step61_RESPONSE_none_PASS
p00129_public_counter_life20_stabilizer_seat0_sp0_r1,128,1,RESPONSE,precombat,discard,0,CHOOSE_FOR_EFFECT,"CHOOSE_FOR_EFFECT(discard=Island, effect=discard)",True,,True,p00129_public_counter_life20_stabilizer_seat0_sp0_r1_step128_RESPONSE_discard_CHOOSE_FOR_EFFECT
p00132_public_counter_life20_stabilizer_seat0_sp0_r4,9,0,MAIN,precombat,none,0,PLAY_ISLAND,PLAY_ISLAND,True,,True,p00132_public_counter_life20_stabilizer_seat0_sp0_r4_step9_MAIN_none_PLAY_ISLAND
p00132_public_counter_life20_stabilizer_seat0_sp0_r4,75,1,MAIN,precombat,none,0,PASS,PASS,True,,True,p00132_public_counter_life20_stabilizer_seat0_sp0_r4_step75_MAIN_none_PASS
p00132_public_counter_life20_stabilizer_seat0_sp0_r4,142,1,RESPONSE,precombat,none,3,CAST,"CAST(card=Counterspell, target_card=JaceTheMindSculptor, target_id=9)",True,,True,p00132_public_counter_life20_stabilizer_seat0_sp0_r4_step142_RESPONSE_none_CAST
p00132_public_counter_life20_stabilizer_seat0_sp0_r4,209,1,MAIN,precombat,none,0,PLAY_ISLAND,PLAY_ISLAND,True,,True,p00132_public_counter_life20_stabilizer_seat0_sp0_r4_step209_MAIN_none_PLAY_ISLAND
p00132_public_counter_life20_stabilizer_seat0_sp0_r4,276,1,RESPONSE,precombat,none,2,PASS,PASS,True,,True,p00132_public_counter_life20_stabilizer_seat0_sp0_r4_step276_RESPONSE_none_PASS
p00135_public_counter_life20_stabilizer_seat0_sp0_r7,26,0,RESPONSE,precombat,none,3,PASS,PASS,True,,True,p00135_public_counter_life20_stabilizer_seat0_sp0_r7_step26_RESPONSE_none_PASS
p00135_public_counter_life20_stabilizer_seat0_sp0_r7,93,0,RESPONSE,precombat,none,2,CAST,"CAST(card=ForceOfWill, payment=mana, target_card=OverlordOfTheFloodpits, target_id=9)",True,,True,p00135_public_counter_life20_stabilizer_seat0_sp0_r7_step93_RESPONSE_none_CAST
p00137_public_counter_life20_stabilizer_seat0_sp0_r9,26,0,RESPONSE,precombat,none,3,PASS,PASS,True,,True,p00137_public_counter_life20_stabilizer_seat0_sp0_r9_step26_RESPONSE_none_PASS
p00137_public_counter_life20_stabilizer_seat0_sp0_r9,92,1,MAIN,precombat,none,0,CAST,"CAST(card=OverlordOfTheFloodpits, mode=full_cost)",True,,True,p00137_public_counter_life20_stabilizer_seat0_sp0_r9_step92_MAIN_none_CAST
p00140_public_counter_life20_stabilizer_seat0_sp0_r12,17,0,MAIN,precombat,none,0,PLAY_ISLAND,PLAY_ISLAND,True,,True,p00140_public_counter_life20_stabilizer_seat0_sp0_r12_step17_MAIN_none_PLAY_ISLAND
p00140_public_counter_life20_stabilizer_seat0_sp0_r12,84,1,RESPONSE,precombat,none,1,PASS,PASS,True,,True,p00140_public_counter_life20_stabilizer_seat0_sp0_r12_step84_RESPONSE_none_PASS
p00143_public_counter_life20_stabilizer_seat0_sp0_r15,13,1,MAIN,precombat,none,0,PLAY_ISLAND,PLAY_ISLAND,True,,True,p00143_public_counter_life20_stabilizer_seat0_sp0_r15_step13_MAIN_none_PLAY_ISLAND
p00143_public_counter_life20_stabilizer_seat0_sp0_r15,79,0,MAIN,precombat,none,0,PLAY_ISLAND,PLAY_ISLAND,True,,True,p00143_public_counter_life20_stabilizer_seat0_sp0_r15_step79_MAIN_none_PLAY_ISLAND
p00143_public_counter_life20_stabilizer_seat0_sp0_r15,146,1,RESPONSE,precombat,none,1,PASS,PASS,True,,True,p00143_public_counter_life20_stabilizer_seat0_sp0_r15_step146_RESPONSE_none_PASS
p00145_public_counter_life20_stabilizer_seat0_sp1_r1,43,1,MAIN,postcombat,none,0,PASS,PASS,True,,True,p00145_public_counter_life20_stabilizer_seat0_sp1_r1_step43_MAIN_none_PASS
p00145_public_counter_life20_stabilizer_seat0_sp1_r1,110,1,ATTACK,precombat,none,0,PASS,PASS,True,,True,p00145_public_counter_life20_stabilizer_seat0_sp1_r1_step110_ATTACK_none_PASS
p00145_public_counter_life20_stabilizer_seat0_sp1_r1,176,1,ATTACK,precombat,discard,0,CHOOSE_FOR_EFFECT,"CHOOSE_FOR_EFFECT(discard=Counterspell, effect=discard)",True,,True,p00145_public_counter_life20_stabilizer_seat0_sp1_r1_step176_ATTACK_discard_CHOOSE_FOR_EFFECT
p00148_public_counter_life20_stabilizer_seat0_sp1_r4,47,0,MAIN,postcombat,none,0,PASS,PASS,True,,True,p00148_public_counter_life20_stabilizer_seat0_sp1_r4_step47_MAIN_none_PASS
p00148_public_counter_life20_stabilizer_seat0_sp1_r4,114,1,ATTACK,precombat,none,0,ATTACK,"ATTACK(to_jace=0, to_player=2)",True,,True,p00148_public_counter_life20_stabilizer_seat0_sp1_r4_step114_ATTACK_none_ATTACK
p00151_public_counter_life20_stabilizer_seat0_sp1_r7,65,1,MAIN,precombat,none,0,PASS,PASS,True,,True,p00151_public_counter_life20_stabilizer_seat0_sp1_r7_step65_MAIN_none_PASS
p00151_public_counter_life20_stabilizer_seat0_sp1_r7,131,0,MAIN,precombat,none,0,ACTIVATE_JACE,"ACTIVATE_JACE(mode=minus1, target_player=opponent, target_state=sick)",True,,True,p00151_public_counter_life20_stabilizer_seat0_sp1_r7_step131_MAIN_none_ACTIVATE_JACE
p00153_public_counter_life20_stabilizer_seat0_sp1_r9,10,1,MAIN,precombat,none,0,PASS,PASS,True,,True,p00153_public_counter_life20_stabilizer_seat0_sp1_r9_step10_MAIN_none_PASS
p00153_public_counter_life20_stabilizer_seat0_sp1_r9,77,0,ATTACK,precombat,none,0,PASS,PASS,True,,True,p00153_public_counter_life20_stabilizer_seat0_sp1_r9_step77_ATTACK_none_PASS
p00156_public_counter_life20_stabilizer_seat0_sp1_r12,1,1,MAIN,precombat,none,0,PLAY_ISLAND,PLAY_ISLAND,True,,True,p00156_public_counter_life20_stabilizer_seat0_sp1_r12_step1_MAIN_none_PLAY_ISLAND
p00156_public_counter_life20_stabilizer_seat0_sp1_r12,67,0,MAIN,precombat,none,0,PASS,PASS,True,,True,p00156_public_counter_life20_stabilizer_seat0_sp1_r12_step67_MAIN_none_PASS
p00159_public_counter_life20_stabilizer_seat0_sp1_r15,21,0,RESPONSE,precombat,none,2,CAST,"CAST(card=ForceOfWill, payment=pitch, pitch_card=OverlordOfTheFloodpits, target_card=OverlordOfTheFloodpits, target_id=1)",True,,True,p00159_public_counter_life20_stabilizer_seat0_sp1_r15_step21_RESPONSE_none_CAST
p00159_public_counter_life20_stabilizer_seat0_sp1_r15,88,1,RESPONSE,precombat,none,1,PASS,PASS,True,,True,p00159_public_counter_life20_stabilizer_seat0_sp1_r15_step88_RESPONSE_none_PASS
p00159_public_counter_life20_stabilizer_seat0_sp1_r15,155,1,RESPONSE,precombat,discard,0,CHOOSE_FOR_EFFECT,"CHOOSE_FOR_EFFECT(discard=ForceOfWill, effect=discard)",True,,True,p00159_public_counter_life20_stabilizer_seat0_sp1_r15_step155_RESPONSE_discard_CHOOSE_FOR_EFFECT
p00161_public_counter_life20_stabilizer_seat1_sp0_r1,48,1,MAIN,precombat,none,0,PASS,PASS,True,,True,p00161_public_counter_life20_stabilizer_seat1_sp0_r1_step48_MAIN_none_PASS
p00161_public_counter_life20_stabilizer_seat1_sp0_r1,115,0,RESPONSE,precombat,none,6,CAST,"CAST(card=Counterspell, target_card=ForceOfWill, target_id=7)",True,,True,p00161_public_counter_life20_stabilizer_seat1_sp0_r1_step115_RESPONSE_none_CAST
p00161_public_counter_life20_stabilizer_seat1_sp0_r1,182,1,MAIN,precombat,none,0,PLAY_ISLAND,PLAY_ISLAND,True,,True,p00161_public_counter_life20_stabilizer_seat1_sp0_r1_step182_MAIN_none_PLAY_ISLAND
p00161_public_counter_life20_stabilizer_seat1_sp0_r1,249,0,ATTACK,precombat,none,0,PASS,PASS,True,,True,p00161_public_counter_life20_stabilizer_seat1_sp0_r1_step249_ATTACK_none_PASS
p00164_public_counter_life20_stabilizer_seat1_sp0_r4,41,0,MAIN,postcombat,none,0,PASS,PASS,True,,True,p00164_public_counter_life20_stabilizer_seat1_sp0_r4_step41_MAIN_none_PASS
p00164_public_counter_life20_stabilizer_seat1_sp0_r4,108,1,MAIN,precombat,none,0,PASS,PASS,True,,True,p00164_public_counter_life20_stabilizer_seat1_sp0_r4_step108_MAIN_none_PASS
p00167_public_counter_life20_stabilizer_seat1_sp0_r7,37,0,ATTACK,precombat,none,0,PASS,PASS,True,,True,p00167_public_counter_life20_stabilizer_seat1_sp0_r7_step37_ATTACK_none_PASS
p00167_public_counter_life20_stabilizer_seat1_sp0_r7,104,0,MAIN,precombat,none,0,CAST,"CAST(card=OverlordOfTheFloodpits, mode=full_cost)",True,,True,p00167_public_counter_life20_stabilizer_seat1_sp0_r7_step104_MAIN_none_CAST
p00167_public_counter_life20_stabilizer_seat1_sp0_r7,170,1,MAIN,postcombat,none,0,PASS,PASS,True,,True,p00167_public_counter_life20_stabilizer_seat1_sp0_r7_step170_MAIN_none_PASS
p00167_public_counter_life20_stabilizer_seat1_sp0_r7,237,0,MAIN,precombat,none,0,PLAY_ISLAND,PLAY_ISLAND,True,,True,p00167_public_counter_life20_stabilizer_seat1_sp0_r7_step237_MAIN_none_PLAY_ISLAND
p00169_public_counter_life20_stabilizer_seat1_sp0_r9,45,0,MAIN,postcombat,none,0,PASS,PASS,True,,True,p00169_public_counter_life20_stabilizer_seat1_sp0_r9_step45_MAIN_none_PASS
p00172_public_counter_life20_stabilizer_seat1_sp0_r12,1,0,MAIN,precombat,none,0,PLAY_ISLAND,PLAY_ISLAND,True,,True,p00172_public_counter_life20_stabilizer_seat1_sp0_r12_step1_MAIN_none_PLAY_ISLAND
p00172_public_counter_life20_stabilizer_seat1_sp0_r12,67,1,MAIN,precombat,none,0,PASS,PASS,True,,True,p00172_public_counter_life20_stabilizer_seat1_sp0_r12_step67_MAIN_none_PASS
p00172_public_counter_life20_stabilizer_seat1_sp0_r12,134,0,ATTACK,precombat,none,0,PASS,PASS,True,,True,p00172_public_counter_life20_stabilizer_seat1_sp0_r12_step134_ATTACK_none_PASS
p00175_public_counter_life20_stabilizer_seat1_sp0_r15,63,1,RESPONSE,precombat,none,3,PASS,PASS,True,,True,p00175_public_counter_life20_stabilizer_seat1_sp0_r15_step63_RESPONSE_none_PASS
p00178_public_counter_life20_stabilizer_seat1_sp1_r2,42,0,ATTACK,precombat,none,0,PASS,PASS,True,,True,p00178_public_counter_life20_stabilizer_seat1_sp1_r2_step42_ATTACK_none_PASS
p00178_public_counter_life20_stabilizer_seat1_sp1_r2,108,0,MAIN,precombat,none,0,PASS,PASS,True,,True,p00178_public_counter_life20_stabilizer_seat1_sp1_r2_step108_MAIN_none_PASS
p00178_public_counter_life20_stabilizer_seat1_sp1_r2,175,0,ATTACK,precombat,none,0,PASS,PASS,True,,True,p00178_public_counter_life20_stabilizer_seat1_sp1_r2_step175_ATTACK_none_PASS
p00178_public_counter_life20_stabilizer_seat1_sp1_r2,242,0,ATTACK,precombat,none,0,ATTACK,"ATTACK(to_jace=0, to_player=1)",True,,True,p00178_public_counter_life20_stabilizer_seat1_sp1_r2_step242_ATTACK_none_ATTACK
p00180_public_counter_life20_stabilizer_seat1_sp1_r4,38,1,MAIN,postcombat,none,0,PASS,PASS,True,,True,p00180_public_counter_life20_stabilizer_seat1_sp1_r4_step38_MAIN_none_PASS
p00180_public_counter_life20_stabilizer_seat1_sp1_r4,104,1,ATTACK,precombat,none,0,PASS,PASS,True,,True,p00180_public_counter_life20_stabilizer_seat1_sp1_r4_step104_ATTACK_none_PASS
p00183_public_counter_life20_stabilizer_seat1_sp1_r7,62,0,MAIN,precombat,none,0,PASS,PASS,True,,True,p00183_public_counter_life20_stabilizer_seat1_sp1_r7_step62_MAIN_none_PASS
p00183_public_counter_life20_stabilizer_seat1_sp1_r7,129,1,MAIN,postcombat,none,0,PASS,PASS,True,,True,p00183_public_counter_life20_stabilizer_seat1_sp1_r7_step129_MAIN_none_PASS
p00186_public_counter_life20_stabilizer_seat1_sp1_r10,60,1,MAIN,precombat,none,0,CAST,CAST(card=JaceTheMindSculptor),True,,True,p00186_public_counter_life20_stabilizer_seat1_sp1_r10_step60_MAIN_none_CAST
p00186_public_counter_life20_stabilizer_seat1_sp1_r10,126,0,MAIN,postcombat,none,0,PASS,PASS,True,,True,p00186_public_counter_life20_stabilizer_seat1_sp1_r10_step126_MAIN_none_PASS
p00188_public_counter_life20_stabilizer_seat1_sp1_r12,62,0,MAIN,precombat,none,0,PASS,PASS,True,,True,p00188_public_counter_life20_stabilizer_seat1_sp1_r12_step62_MAIN_none_PASS
p00188_public_counter_life20_stabilizer_seat1_sp1_r12,129,1,MAIN,postcombat,none,0,PASS,PASS,True,,True,p00188_public_counter_life20_stabilizer_seat1_sp1_r12_step129_MAIN_none_PASS
