simulator_revision,strategy0,strategy1,deck0,deck1,agent0,agent1,mulligan0,mulligan1,starting_life,starting_player,seed,transition_seed,agent_seed,winner,p0_score,p1_score,p0_terminal_win,p1_terminal_win,is_nonterminal_draw,is_truncation,loss_reason,decisions,log_events,turn_number,reward_convention,interface,p0_terminal_only_score,p1_terminal_only_score,cpp_shadow_game_id,terminal_clean_max_decisions,terminal_clean_game,terminal_clean_status
rev0049,cf49_fjace,cf49_fjace,forty_force_jace_pressure,forty_force_jace_pressure,counterfactual_linear_ranker_rev0049,counterfactual_linear_ranker_rev0049,mulligan_repeated_counterfactual_ranker_rev0030,mulligan_repeated_counterfactual_ranker_rev0030,20,0,4949000,4949000,5949003,0,1.0,0.0,1.0,0.0,False,False,player_1_attempted_to_draw_from_empty_library,170,0,13,draw_half_reporting_terminal_only_training,public_decision_frame,1.0,0.0,g00000_life20_sp0_cf49_fjace_vs_cf49_fjace_r0,900,True,terminal
rev0049,cf49_fjace,cf49_fjace,forty_force_jace_pressure,forty_force_jace_pressure,counterfactual_linear_ranker_rev0049,counterfactual_linear_ranker_rev0049,mulligan_repeated_counterfactual_ranker_rev0030,mulligan_repeated_counterfactual_ranker_rev0030,20,1,4949001,4949001,5949004,1,0.0,1.0,0.0,1.0,False,False,player_0_attempted_to_draw_from_empty_library,171,0,13,draw_half_reporting_terminal_only_training,public_decision_frame,0.0,1.0,g00001_life20_sp1_cf49_fjace_vs_cf49_fjace_r0,900,True,terminal
rev0049,cf49_fjace,cf49_counter_wall,forty_force_jace_pressure,sixty_counterwall_jace,counterfactual_linear_ranker_rev0049,counterfactual_ranker_blend_counter_rev0049,mulligan_repeated_counterfactual_ranker_rev0030,mulligan_outcome_ranker_rev0027,20,0,4949002,4949002,5949005,1,0.0,1.0,0.0,1.0,False,False,player_0_attempted_to_draw_from_empty_library,275,0,17,draw_half_reporting_terminal_only_training,public_decision_frame,0.0,1.0,g00002_life20_sp0_cf49_fjace_vs_cf49_counter_wall_r0,900,True,terminal
rev0049,cf49_fjace,cf49_counter_wall,forty_force_jace_pressure,sixty_counterwall_jace,counterfactual_linear_ranker_rev0049,counterfactual_ranker_blend_counter_rev0049,mulligan_repeated_counterfactual_ranker_rev0030,mulligan_outcome_ranker_rev0027,20,1,4949003,4949003,5949006,1,0.0,1.0,0.0,1.0,False,False,player_0_attempted_to_draw_from_empty_library,314,0,24,draw_half_reporting_terminal_only_training,public_decision_frame,0.0,1.0,g00003_life20_sp1_cf49_fjace_vs_cf49_counter_wall_r0,900,True,terminal
rev0049,cf49_fjace,cf49_threat_overlord,forty_force_jace_pressure,forty_overlord_impending,counterfactual_linear_ranker_rev0049,counterfactual_ranker_blend_threat_rev0049,mulligan_repeated_counterfactual_ranker_rev0030,land_band_business,20,0,4949004,4949004,5949007,1,0.0,1.0,0.0,1.0,False,False,player_0_life_total_zero_or_less,185,0,12,draw_half_reporting_terminal_only_training,public_decision_frame,0.0,1.0,g00004_life20_sp0_cf49_fjace_vs_cf49_threat_overlord_r0,900,True,terminal
rev0049,cf49_fjace,cf49_threat_overlord,forty_force_jace_pressure,forty_overlord_impending,counterfactual_linear_ranker_rev0049,counterfactual_ranker_blend_threat_rev0049,mulligan_repeated_counterfactual_ranker_rev0030,land_band_business,20,1,4949005,4949005,5949008,1,0.0,1.0,0.0,1.0,False,False,player_0_life_total_zero_or_less,110,0,9,draw_half_reporting_terminal_only_training,public_decision_frame,0.0,1.0,g00005_life20_sp1_cf49_fjace_vs_cf49_threat_overlord_r0,900,True,terminal
rev0049,cf49_fjace,cf47_counter_wall,forty_force_jace_pressure,sixty_counterwall_jace,counterfactual_linear_ranker_rev0049,counterfactual_ranker_blend_counter_rev0047,mulligan_repeated_counterfactual_ranker_rev0030,mulligan_outcome_ranker_rev0027,20,0,4949006,4949006,5949009,1,0.0,1.0,0.0,1.0,False,False,player_0_attempted_to_draw_from_empty_library,312,0,23,draw_half_reporting_terminal_only_training,public_decision_frame,0.0,1.0,g00006_life20_sp0_cf49_fjace_vs_cf47_counter_wall_r0,900,True,terminal
rev0049,cf49_fjace,cf47_counter_wall,forty_force_jace_pressure,sixty_counterwall_jace,counterfactual_linear_ranker_rev0049,counterfactual_ranker_blend_counter_rev0047,mulligan_repeated_counterfactual_ranker_rev0030,mulligan_outcome_ranker_rev0027,20,1,4949007,4949007,5949010,1,0.0,1.0,0.0,1.0,False,False,player_0_attempted_to_draw_from_empty_library,322,0,26,draw_half_reporting_terminal_only_training,public_decision_frame,0.0,1.0,g00007_life20_sp1_cf49_fjace_vs_cf47_counter_wall_r0,900,True,terminal
rev0049,cf49_fjace,cf34_counter_wall,forty_force_jace_pressure,sixty_counterwall_jace,counterfactual_linear_ranker_rev0049,counterfactual_ranker_blend_counter_rev0034,mulligan_repeated_counterfactual_ranker_rev0030,mulligan_outcome_ranker_rev0027,20,0,4949008,4949008,5949011,1,0.0,1.0,0.0,1.0,False,False,player_0_attempted_to_draw_from_empty_library,300,0,18,draw_half_reporting_terminal_only_training,public_decision_frame,0.0,1.0,g00008_life20_sp0_cf49_fjace_vs_cf34_counter_wall_r0,900,True,terminal
rev0049,cf49_fjace,cf34_counter_wall,forty_force_jace_pressure,sixty_counterwall_jace,counterfactual_linear_ranker_rev0049,counterfactual_ranker_blend_counter_rev0034,mulligan_repeated_counterfactual_ranker_rev0030,mulligan_outcome_ranker_rev0027,20,1,4949009,4949009,5949012,1,0.0,1.0,0.0,1.0,False,False,player_0_attempted_to_draw_from_empty_library,284,0,19,draw_half_reporting_terminal_only_training,public_decision_frame,0.0,1.0,g00009_life20_sp1_cf49_fjace_vs_cf34_counter_wall_r0,900,True,terminal
rev0049,cf49_fjace,outcome_counter_wall,forty_force_jace_pressure,sixty_counterwall_jace,counterfactual_linear_ranker_rev0049,outcome_ranker_blend_counter_rev0025,mulligan_repeated_counterfactual_ranker_rev0030,land_band_business,20,0,4949010,4949010,5949013,1,0.0,1.0,0.0,1.0,False,False,player_0_attempted_to_draw_from_empty_library,366,0,35,draw_half_reporting_terminal_only_training,public_decision_frame,0.0,1.0,g00010_life20_sp0_cf49_fjace_vs_outcome_counter_wall_r0,900,True,terminal
rev0049,cf49_fjace,outcome_counter_wall,forty_force_jace_pressure,sixty_counterwall_jace,counterfactual_linear_ranker_rev0049,outcome_ranker_blend_counter_rev0025,mulligan_repeated_counterfactual_ranker_rev0030,land_band_business,20,1,4949011,4949011,5949014,1,0.0,1.0,0.0,1.0,False,False,player_0_life_total_zero_or_less,110,0,10,draw_half_reporting_terminal_only_training,public_decision_frame,0.0,1.0,g00011_life20_sp1_cf49_fjace_vs_outcome_counter_wall_r0,900,True,terminal
rev0049,cf49_counter_wall,cf49_fjace,sixty_counterwall_jace,forty_force_jace_pressure,counterfactual_ranker_blend_counter_rev0049,counterfactual_linear_ranker_rev0049,mulligan_outcome_ranker_rev0027,mulligan_repeated_counterfactual_ranker_rev0030,20,0,4949012,4949012,5949015,0,1.0,0.0,1.0,0.0,False,False,player_1_attempted_to_draw_from_empty_library,262,0,17,draw_half_reporting_terminal_only_training,public_decision_frame,1.0,0.0,g00012_life20_sp0_cf49_counter_wall_vs_cf49_fjace_r0,900,True,terminal
rev0049,cf49_counter_wall,cf49_fjace,sixty_counterwall_jace,forty_force_jace_pressure,counterfactual_ranker_blend_counter_rev0049,counterfactual_linear_ranker_rev0049,mulligan_outcome_ranker_rev0027,mulligan_repeated_counterfactual_ranker_rev0030,20,1,4949013,4949013,5949016,0,1.0,0.0,1.0,0.0,False,False,player_1_attempted_to_draw_from_empty_library,334,0,23,draw_half_reporting_terminal_only_training,public_decision_frame,1.0,0.0,g00013_life20_sp1_cf49_counter_wall_vs_cf49_fjace_r0,900,True,terminal
rev0049,cf49_counter_wall,cf49_counter_wall,sixty_counterwall_jace,sixty_counterwall_jace,counterfactual_ranker_blend_counter_rev0049,counterfactual_ranker_blend_counter_rev0049,mulligan_outcome_ranker_rev0027,mulligan_outcome_ranker_rev0027,20,0,4949014,4949014,5949017,1,0.0,1.0,0.0,1.0,False,False,player_0_attempted_to_draw_from_empty_library,451,0,40,draw_half_reporting_terminal_only_training,public_decision_frame,0.0,1.0,g00014_life20_sp0_cf49_counter_wall_vs_cf49_counter_wall_r0,900,True,terminal
rev0049,cf49_counter_wall,cf49_counter_wall,sixty_counterwall_jace,sixty_counterwall_jace,counterfactual_ranker_blend_counter_rev0049,counterfactual_ranker_blend_counter_rev0049,mulligan_outcome_ranker_rev0027,mulligan_outcome_ranker_rev0027,20,1,4949015,4949015,5949018,0,1.0,0.0,1.0,0.0,False,False,player_1_attempted_to_draw_from_empty_library,354,0,29,draw_half_reporting_terminal_only_training,public_decision_frame,1.0,0.0,g00015_life20_sp1_cf49_counter_wall_vs_cf49_counter_wall_r0,900,True,terminal
rev0049,cf49_counter_wall,cf49_threat_overlord,sixty_counterwall_jace,forty_overlord_impending,counterfactual_ranker_blend_counter_rev0049,counterfactual_ranker_blend_threat_rev0049,mulligan_outcome_ranker_rev0027,land_band_business,20,0,4949016,4949016,5949019,1,0.0,1.0,0.0,1.0,False,False,player_0_attempted_to_draw_from_empty_library,373,0,30,draw_half_reporting_terminal_only_training,public_decision_frame,0.0,1.0,g00016_life20_sp0_cf49_counter_wall_vs_cf49_threat_overlord_r0,900,True,terminal
rev0049,cf49_counter_wall,cf49_threat_overlord,sixty_counterwall_jace,forty_overlord_impending,counterfactual_ranker_blend_counter_rev0049,counterfactual_ranker_blend_threat_rev0049,mulligan_outcome_ranker_rev0027,land_band_business,20,1,4949017,4949017,5949020,0,1.0,0.0,1.0,0.0,False,False,player_1_attempted_to_draw_from_empty_library,270,0,25,draw_half_reporting_terminal_only_training,public_decision_frame,1.0,0.0,g00017_life20_sp1_cf49_counter_wall_vs_cf49_threat_overlord_r0,900,True,terminal
rev0049,cf49_counter_wall,cf47_counter_wall,sixty_counterwall_jace,sixty_counterwall_jace,counterfactual_ranker_blend_counter_rev0049,counterfactual_ranker_blend_counter_rev0047,mulligan_outcome_ranker_rev0027,mulligan_outcome_ranker_rev0027,20,0,4949018,4949018,5949021,0,1.0,0.0,1.0,0.0,False,False,player_1_attempted_to_draw_from_empty_library,349,0,28,draw_half_reporting_terminal_only_training,public_decision_frame,1.0,0.0,g00018_life20_sp0_cf49_counter_wall_vs_cf47_counter_wall_r0,900,True,terminal
rev0049,cf49_counter_wall,cf47_counter_wall,sixty_counterwall_jace,sixty_counterwall_jace,counterfactual_ranker_blend_counter_rev0049,counterfactual_ranker_blend_counter_rev0047,mulligan_outcome_ranker_rev0027,mulligan_outcome_ranker_rev0027,20,1,4949019,4949019,5949022,0,1.0,0.0,1.0,0.0,False,False,player_1_attempted_to_draw_from_empty_library,497,0,50,draw_half_reporting_terminal_only_training,public_decision_frame,1.0,0.0,g00019_life20_sp1_cf49_counter_wall_vs_cf47_counter_wall_r0,900,True,terminal
rev0049,cf49_counter_wall,cf34_counter_wall,sixty_counterwall_jace,sixty_counterwall_jace,counterfactual_ranker_blend_counter_rev0049,counterfactual_ranker_blend_counter_rev0034,mulligan_outcome_ranker_rev0027,mulligan_outcome_ranker_rev0027,20,0,4949020,4949020,5949023,0,1.0,0.0,1.0,0.0,False,False,player_1_attempted_to_draw_from_empty_library,424,0,39,draw_half_reporting_terminal_only_training,public_decision_frame,1.0,0.0,g00020_life20_sp0_cf49_counter_wall_vs_cf34_counter_wall_r0,900,True,terminal
rev0049,cf49_counter_wall,cf34_counter_wall,sixty_counterwall_jace,sixty_counterwall_jace,counterfactual_ranker_blend_counter_rev0049,counterfactual_ranker_blend_counter_rev0034,mulligan_outcome_ranker_rev0027,mulligan_outcome_ranker_rev0027,20,1,4949021,4949021,5949024,1,0.0,1.0,0.0,1.0,False,False,player_0_attempted_to_draw_from_empty_library,439,0,29,draw_half_reporting_terminal_only_training,public_decision_frame,0.0,1.0,g00021_life20_sp1_cf49_counter_wall_vs_cf34_counter_wall_r0,900,True,terminal
rev0049,cf49_counter_wall,outcome_counter_wall,sixty_counterwall_jace,sixty_counterwall_jace,counterfactual_ranker_blend_counter_rev0049,outcome_ranker_blend_counter_rev0025,mulligan_outcome_ranker_rev0027,land_band_business,20,0,4949022,4949022,5949025,0,1.0,0.0,1.0,0.0,False,False,player_1_attempted_to_draw_from_empty_library,447,0,27,draw_half_reporting_terminal_only_training,public_decision_frame,1.0,0.0,g00022_life20_sp0_cf49_counter_wall_vs_outcome_counter_wall_r0,900,True,terminal
rev0049,cf49_counter_wall,outcome_counter_wall,sixty_counterwall_jace,sixty_counterwall_jace,counterfactual_ranker_blend_counter_rev0049,outcome_ranker_blend_counter_rev0025,mulligan_outcome_ranker_rev0027,land_band_business,20,1,4949023,4949023,5949026,1,0.0,1.0,0.0,1.0,False,False,player_0_attempted_to_draw_from_empty_library,335,0,29,draw_half_reporting_terminal_only_training,public_decision_frame,0.0,1.0,g00023_life20_sp1_cf49_counter_wall_vs_outcome_counter_wall_r0,900,True,terminal
rev0049,cf49_threat_overlord,cf49_fjace,forty_overlord_impending,forty_force_jace_pressure,counterfactual_ranker_blend_threat_rev0049,counterfactual_linear_ranker_rev0049,land_band_business,mulligan_repeated_counterfactual_ranker_rev0030,20,0,4949024,4949024,5949027,0,1.0,0.0,1.0,0.0,False,False,player_1_attempted_to_draw_from_empty_library,200,0,16,draw_half_reporting_terminal_only_training,public_decision_frame,1.0,0.0,g00024_life20_sp0_cf49_threat_overlord_vs_cf49_fjace_r0,900,True,terminal
rev0049,cf49_threat_overlord,cf49_fjace,forty_overlord_impending,forty_force_jace_pressure,counterfactual_ranker_blend_threat_rev0049,counterfactual_linear_ranker_rev0049,land_band_business,mulligan_repeated_counterfactual_ranker_rev0030,20,1,4949025,4949025,5949028,1,0.0,1.0,0.0,1.0,False,False,player_0_attempted_to_draw_from_empty_library,222,0,14,draw_half_reporting_terminal_only_training,public_decision_frame,0.0,1.0,g00025_life20_sp1_cf49_threat_overlord_vs_cf49_fjace_r0,900,True,terminal
rev0049,cf49_threat_overlord,cf49_counter_wall,forty_overlord_impending,sixty_counterwall_jace,counterfactual_ranker_blend_threat_rev0049,counterfactual_ranker_blend_counter_rev0049,land_band_business,mulligan_outcome_ranker_rev0027,20,0,4949026,4949026,5949029,0,1.0,0.0,1.0,0.0,False,False,player_1_attempted_to_draw_from_empty_library,350,0,27,draw_half_reporting_terminal_only_training,public_decision_frame,1.0,0.0,g00026_life20_sp0_cf49_threat_overlord_vs_cf49_counter_wall_r0,900,True,terminal
rev0049,cf49_threat_overlord,cf49_counter_wall,forty_overlord_impending,sixty_counterwall_jace,counterfactual_ranker_blend_threat_rev0049,counterfactual_ranker_blend_counter_rev0049,land_band_business,mulligan_outcome_ranker_rev0027,20,1,4949027,4949027,5949030,0,1.0,0.0,1.0,0.0,False,False,player_1_life_total_zero_or_less,109,0,11,draw_half_reporting_terminal_only_training,public_decision_frame,1.0,0.0,g00027_life20_sp1_cf49_threat_overlord_vs_cf49_counter_wall_r0,900,True,terminal
rev0049,cf49_threat_overlord,cf49_threat_overlord,forty_overlord_impending,forty_overlord_impending,counterfactual_ranker_blend_threat_rev0049,counterfactual_ranker_blend_threat_rev0049,land_band_business,land_band_business,20,0,4949028,4949028,5949031,1,0.0,1.0,0.0,1.0,False,False,player_0_attempted_to_draw_from_empty_library,274,0,17,draw_half_reporting_terminal_only_training,public_decision_frame,0.0,1.0,g00028_life20_sp0_cf49_threat_overlord_vs_cf49_threat_overlord_r0,900,True,terminal
rev0049,cf49_threat_overlord,cf49_threat_overlord,forty_overlord_impending,forty_overlord_impending,counterfactual_ranker_blend_threat_rev0049,counterfactual_ranker_blend_threat_rev0049,land_band_business,land_band_business,20,1,4949029,4949029,5949032,1,0.0,1.0,0.0,1.0,False,False,player_0_attempted_to_draw_from_empty_library,257,0,19,draw_half_reporting_terminal_only_training,public_decision_frame,0.0,1.0,g00029_life20_sp1_cf49_threat_overlord_vs_cf49_threat_overlord_r0,900,True,terminal
rev0049,cf49_threat_overlord,cf47_counter_wall,forty_overlord_impending,sixty_counterwall_jace,counterfactual_ranker_blend_threat_rev0049,counterfactual_ranker_blend_counter_rev0047,land_band_business,mulligan_outcome_ranker_rev0027,20,0,4949030,4949030,5949033,1,0.0,1.0,0.0,1.0,False,False,player_0_attempted_to_draw_from_empty_library,227,0,16,draw_half_reporting_terminal_only_training,public_decision_frame,0.0,1.0,g00030_life20_sp0_cf49_threat_overlord_vs_cf47_counter_wall_r0,900,True,terminal
rev0049,cf49_threat_overlord,cf47_counter_wall,forty_overlord_impending,sixty_counterwall_jace,counterfactual_ranker_blend_threat_rev0049,counterfactual_ranker_blend_counter_rev0047,land_band_business,mulligan_outcome_ranker_rev0027,20,1,4949031,4949031,5949034,1,0.0,1.0,0.0,1.0,False,False,player_0_attempted_to_draw_from_empty_library,342,0,27,draw_half_reporting_terminal_only_training,public_decision_frame,0.0,1.0,g00031_life20_sp1_cf49_threat_overlord_vs_cf47_counter_wall_r0,900,True,terminal
rev0049,cf49_threat_overlord,cf34_counter_wall,forty_overlord_impending,sixty_counterwall_jace,counterfactual_ranker_blend_threat_rev0049,counterfactual_ranker_blend_counter_rev0034,land_band_business,mulligan_outcome_ranker_rev0027,20,0,4949032,4949032,5949035,1,0.0,1.0,0.0,1.0,False,False,player_0_attempted_to_draw_from_empty_library,335,0,35,draw_half_reporting_terminal_only_training,public_decision_frame,0.0,1.0,g00032_life20_sp0_cf49_threat_overlord_vs_cf34_counter_wall_r0,900,True,terminal
rev0049,cf49_threat_overlord,cf34_counter_wall,forty_overlord_impending,sixty_counterwall_jace,counterfactual_ranker_blend_threat_rev0049,counterfactual_ranker_blend_counter_rev0034,land_band_business,mulligan_outcome_ranker_rev0027,20,1,4949033,4949033,5949036,1,0.0,1.0,0.0,1.0,False,False,player_0_attempted_to_draw_from_empty_library,275,0,19,draw_half_reporting_terminal_only_training,public_decision_frame,0.0,1.0,g00033_life20_sp1_cf49_threat_overlord_vs_cf34_counter_wall_r0,900,True,terminal
rev0049,cf49_threat_overlord,outcome_counter_wall,forty_overlord_impending,sixty_counterwall_jace,counterfactual_ranker_blend_threat_rev0049,outcome_ranker_blend_counter_rev0025,land_band_business,land_band_business,20,0,4949034,4949034,5949037,1,0.0,1.0,0.0,1.0,False,False,player_0_attempted_to_draw_from_empty_library,354,0,25,draw_half_reporting_terminal_only_training,public_decision_frame,0.0,1.0,g00034_life20_sp0_cf49_threat_overlord_vs_outcome_counter_wall_r0,900,True,terminal
rev0049,cf49_threat_overlord,outcome_counter_wall,forty_overlord_impending,sixty_counterwall_jace,counterfactual_ranker_blend_threat_rev0049,outcome_ranker_blend_counter_rev0025,land_band_business,land_band_business,20,1,4949035,4949035,5949038,1,0.0,1.0,0.0,1.0,False,False,player_0_attempted_to_draw_from_empty_library,268,0,18,draw_half_reporting_terminal_only_training,public_decision_frame,0.0,1.0,g00035_life20_sp1_cf49_threat_overlord_vs_outcome_counter_wall_r0,900,True,terminal
rev0049,cf47_counter_wall,cf49_fjace,sixty_counterwall_jace,forty_force_jace_pressure,counterfactual_ranker_blend_counter_rev0047,counterfactual_linear_ranker_rev0049,mulligan_outcome_ranker_rev0027,mulligan_repeated_counterfactual_ranker_rev0030,20,0,4949036,4949036,5949039,0,1.0,0.0,1.0,0.0,False,False,player_1_life_total_zero_or_less,189,0,14,draw_half_reporting_terminal_only_training,public_decision_frame,1.0,0.0,g00036_life20_sp0_cf47_counter_wall_vs_cf49_fjace_r0,900,True,terminal
rev0049,cf47_counter_wall,cf49_fjace,sixty_counterwall_jace,forty_force_jace_pressure,counterfactual_ranker_blend_counter_rev0047,counterfactual_linear_ranker_rev0049,mulligan_outcome_ranker_rev0027,mulligan_repeated_counterfactual_ranker_rev0030,20,1,4949037,4949037,5949040,0,1.0,0.0,1.0,0.0,False,False,player_1_attempted_to_draw_from_empty_library,341,0,25,draw_half_reporting_terminal_only_training,public_decision_frame,1.0,0.0,g00037_life20_sp1_cf47_counter_wall_vs_cf49_fjace_r0,900,True,terminal
rev0049,cf47_counter_wall,cf49_counter_wall,sixty_counterwall_jace,sixty_counterwall_jace,counterfactual_ranker_blend_counter_rev0047,counterfactual_ranker_blend_counter_rev0049,mulligan_outcome_ranker_rev0027,mulligan_outcome_ranker_rev0027,20,0,4949038,4949038,5949041,0,1.0,0.0,1.0,0.0,False,False,player_1_attempted_to_draw_from_empty_library,434,0,27,draw_half_reporting_terminal_only_training,public_decision_frame,1.0,0.0,g00038_life20_sp0_cf47_counter_wall_vs_cf49_counter_wall_r0,900,True,terminal
rev0049,cf47_counter_wall,cf49_counter_wall,sixty_counterwall_jace,sixty_counterwall_jace,counterfactual_ranker_blend_counter_rev0047,counterfactual_ranker_blend_counter_rev0049,mulligan_outcome_ranker_rev0027,mulligan_outcome_ranker_rev0027,20,1,4949039,4949039,5949042,1,0.0,1.0,0.0,1.0,False,False,player_0_attempted_to_draw_from_empty_library,440,0,29,draw_half_reporting_terminal_only_training,public_decision_frame,0.0,1.0,g00039_life20_sp1_cf47_counter_wall_vs_cf49_counter_wall_r0,900,True,terminal
rev0049,cf47_counter_wall,cf49_threat_overlord,sixty_counterwall_jace,forty_overlord_impending,counterfactual_ranker_blend_counter_rev0047,counterfactual_ranker_blend_threat_rev0049,mulligan_outcome_ranker_rev0027,land_band_business,20,0,4949040,4949040,5949043,0,1.0,0.0,1.0,0.0,False,False,player_1_attempted_to_draw_from_empty_library,270,0,17,draw_half_reporting_terminal_only_training,public_decision_frame,1.0,0.0,g00040_life20_sp0_cf47_counter_wall_vs_cf49_threat_overlord_r0,900,True,terminal
rev0049,cf47_counter_wall,cf49_threat_overlord,sixty_counterwall_jace,forty_overlord_impending,counterfactual_ranker_blend_counter_rev0047,counterfactual_ranker_blend_threat_rev0049,mulligan_outcome_ranker_rev0027,land_band_business,20,1,4949041,4949041,5949044,1,0.0,1.0,0.0,1.0,False,False,player_0_life_total_zero_or_less,158,0,14,draw_half_reporting_terminal_only_training,public_decision_frame,0.0,1.0,g00041_life20_sp1_cf47_counter_wall_vs_cf49_threat_overlord_r0,900,True,terminal
rev0049,cf47_counter_wall,cf47_counter_wall,sixty_counterwall_jace,sixty_counterwall_jace,counterfactual_ranker_blend_counter_rev0047,counterfactual_ranker_blend_counter_rev0047,mulligan_outcome_ranker_rev0027,mulligan_outcome_ranker_rev0027,20,0,4949042,4949042,5949045,0,1.0,0.0,1.0,0.0,False,False,player_1_attempted_to_draw_from_empty_library,357,0,27,draw_half_reporting_terminal_only_training,public_decision_frame,1.0,0.0,g00042_life20_sp0_cf47_counter_wall_vs_cf47_counter_wall_r0,900,True,terminal
rev0049,cf47_counter_wall,cf47_counter_wall,sixty_counterwall_jace,sixty_counterwall_jace,counterfactual_ranker_blend_counter_rev0047,counterfactual_ranker_blend_counter_rev0047,mulligan_outcome_ranker_rev0027,mulligan_outcome_ranker_rev0027,20,1,4949043,4949043,5949046,1,0.0,1.0,0.0,1.0,False,False,player_0_attempted_to_draw_from_empty_library,444,0,30,draw_half_reporting_terminal_only_training,public_decision_frame,0.0,1.0,g00043_life20_sp1_cf47_counter_wall_vs_cf47_counter_wall_r0,900,True,terminal
rev0049,cf47_counter_wall,cf34_counter_wall,sixty_counterwall_jace,sixty_counterwall_jace,counterfactual_ranker_blend_counter_rev0047,counterfactual_ranker_blend_counter_rev0034,mulligan_outcome_ranker_rev0027,mulligan_outcome_ranker_rev0027,20,0,4949044,4949044,5949047,0,1.0,0.0,1.0,0.0,False,False,player_1_attempted_to_draw_from_empty_library,403,0,36,draw_half_reporting_terminal_only_training,public_decision_frame,1.0,0.0,g00044_life20_sp0_cf47_counter_wall_vs_cf34_counter_wall_r0,900,True,terminal
rev0049,cf47_counter_wall,cf34_counter_wall,sixty_counterwall_jace,sixty_counterwall_jace,counterfactual_ranker_blend_counter_rev0047,counterfactual_ranker_blend_counter_rev0034,mulligan_outcome_ranker_rev0027,mulligan_outcome_ranker_rev0027,20,1,4949045,4949045,5949048,1,0.0,1.0,0.0,1.0,False,False,player_0_attempted_to_draw_from_empty_library,510,0,55,draw_half_reporting_terminal_only_training,public_decision_frame,0.0,1.0,g00045_life20_sp1_cf47_counter_wall_vs_cf34_counter_wall_r0,900,True,terminal
rev0049,cf47_counter_wall,outcome_counter_wall,sixty_counterwall_jace,sixty_counterwall_jace,counterfactual_ranker_blend_counter_rev0047,outcome_ranker_blend_counter_rev0025,mulligan_outcome_ranker_rev0027,land_band_business,20,0,4949046,4949046,5949049,1,0.0,1.0,0.0,1.0,False,False,player_0_attempted_to_draw_from_empty_library,360,0,33,draw_half_reporting_terminal_only_training,public_decision_frame,0.0,1.0,g00046_life20_sp0_cf47_counter_wall_vs_outcome_counter_wall_r0,900,True,terminal
rev0049,cf47_counter_wall,outcome_counter_wall,sixty_counterwall_jace,sixty_counterwall_jace,counterfactual_ranker_blend_counter_rev0047,outcome_ranker_blend_counter_rev0025,mulligan_outcome_ranker_rev0027,land_band_business,20,1,4949047,4949047,5949050,1,0.0,1.0,0.0,1.0,False,False,player_0_attempted_to_draw_from_empty_library,420,0,28,draw_half_reporting_terminal_only_training,public_decision_frame,0.0,1.0,g00047_life20_sp1_cf47_counter_wall_vs_outcome_counter_wall_r0,900,True,terminal
rev0049,cf34_counter_wall,cf49_fjace,sixty_counterwall_jace,forty_force_jace_pressure,counterfactual_ranker_blend_counter_rev0034,counterfactual_linear_ranker_rev0049,mulligan_outcome_ranker_rev0027,mulligan_repeated_counterfactual_ranker_rev0030,20,0,4949048,4949048,5949051,0,1.0,0.0,1.0,0.0,False,False,player_1_attempted_to_draw_from_empty_library,287,0,18,draw_half_reporting_terminal_only_training,public_decision_frame,1.0,0.0,g00048_life20_sp0_cf34_counter_wall_vs_cf49_fjace_r0,900,True,terminal
rev0049,cf34_counter_wall,cf49_fjace,sixty_counterwall_jace,forty_force_jace_pressure,counterfactual_ranker_blend_counter_rev0034,counterfactual_linear_ranker_rev0049,mulligan_outcome_ranker_rev0027,mulligan_repeated_counterfactual_ranker_rev0030,20,1,4949049,4949049,5949052,1,0.0,1.0,0.0,1.0,False,False,player_0_attempted_to_draw_from_empty_library,368,0,28,draw_half_reporting_terminal_only_training,public_decision_frame,0.0,1.0,g00049_life20_sp1_cf34_counter_wall_vs_cf49_fjace_r0,900,True,terminal
rev0049,cf34_counter_wall,cf49_counter_wall,sixty_counterwall_jace,sixty_counterwall_jace,counterfactual_ranker_blend_counter_rev0034,counterfactual_ranker_blend_counter_rev0049,mulligan_outcome_ranker_rev0027,mulligan_outcome_ranker_rev0027,20,0,4949050,4949050,5949053,0,1.0,0.0,1.0,0.0,False,False,player_1_attempted_to_draw_from_empty_library,333,0,27,draw_half_reporting_terminal_only_training,public_decision_frame,1.0,0.0,g00050_life20_sp0_cf34_counter_wall_vs_cf49_counter_wall_r0,900,True,terminal
rev0049,cf34_counter_wall,cf49_counter_wall,sixty_counterwall_jace,sixty_counterwall_jace,counterfactual_ranker_blend_counter_rev0034,counterfactual_ranker_blend_counter_rev0049,mulligan_outcome_ranker_rev0027,mulligan_outcome_ranker_rev0027,20,1,4949051,4949051,5949054,1,0.0,1.0,0.0,1.0,False,False,player_0_attempted_to_draw_from_empty_library,429,0,40,draw_half_reporting_terminal_only_training,public_decision_frame,0.0,1.0,g00051_life20_sp1_cf34_counter_wall_vs_cf49_counter_wall_r0,900,True,terminal
rev0049,cf34_counter_wall,cf49_threat_overlord,sixty_counterwall_jace,forty_overlord_impending,counterfactual_ranker_blend_counter_rev0034,counterfactual_ranker_blend_threat_rev0049,mulligan_outcome_ranker_rev0027,land_band_business,20,0,4949052,4949052,5949055,0,1.0,0.0,1.0,0.0,False,False,player_1_attempted_to_draw_from_empty_library,255,0,19,draw_half_reporting_terminal_only_training,public_decision_frame,1.0,0.0,g00052_life20_sp0_cf34_counter_wall_vs_cf49_threat_overlord_r0,900,True,terminal
rev0049,cf34_counter_wall,cf49_threat_overlord,sixty_counterwall_jace,forty_overlord_impending,counterfactual_ranker_blend_counter_rev0034,counterfactual_ranker_blend_threat_rev0049,mulligan_outcome_ranker_rev0027,land_band_business,20,1,4949053,4949053,5949056,0,1.0,0.0,1.0,0.0,False,False,player_1_attempted_to_draw_from_empty_library,295,0,22,draw_half_reporting_terminal_only_training,public_decision_frame,1.0,0.0,g00053_life20_sp1_cf34_counter_wall_vs_cf49_threat_overlord_r0,900,True,terminal
rev0049,cf34_counter_wall,cf47_counter_wall,sixty_counterwall_jace,sixty_counterwall_jace,counterfactual_ranker_blend_counter_rev0034,counterfactual_ranker_blend_counter_rev0047,mulligan_outcome_ranker_rev0027,mulligan_outcome_ranker_rev0027,20,0,4949054,4949054,5949057,0,1.0,0.0,1.0,0.0,False,False,player_1_life_total_zero_or_less,116,0,12,draw_half_reporting_terminal_only_training,public_decision_frame,1.0,0.0,g00054_life20_sp0_cf34_counter_wall_vs_cf47_counter_wall_r0,900,True,terminal
rev0049,cf34_counter_wall,cf47_counter_wall,sixty_counterwall_jace,sixty_counterwall_jace,counterfactual_ranker_blend_counter_rev0034,counterfactual_ranker_blend_counter_rev0047,mulligan_outcome_ranker_rev0027,mulligan_outcome_ranker_rev0027,20,1,4949055,4949055,5949058,0,1.0,0.0,1.0,0.0,False,False,player_1_attempted_to_draw_from_empty_library,441,0,31,draw_half_reporting_terminal_only_training,public_decision_frame,1.0,0.0,g00055_life20_sp1_cf34_counter_wall_vs_cf47_counter_wall_r0,900,True,terminal
rev0049,cf34_counter_wall,cf34_counter_wall,sixty_counterwall_jace,sixty_counterwall_jace,counterfactual_ranker_blend_counter_rev0034,counterfactual_ranker_blend_counter_rev0034,mulligan_outcome_ranker_rev0027,mulligan_outcome_ranker_rev0027,20,0,4949056,4949056,5949059,1,0.0,1.0,0.0,1.0,False,False,player_0_attempted_to_draw_from_empty_library,418,0,27,draw_half_reporting_terminal_only_training,public_decision_frame,0.0,1.0,g00056_life20_sp0_cf34_counter_wall_vs_cf34_counter_wall_r0,900,True,terminal
rev0049,cf34_counter_wall,cf34_counter_wall,sixty_counterwall_jace,sixty_counterwall_jace,counterfactual_ranker_blend_counter_rev0034,counterfactual_ranker_blend_counter_rev0034,mulligan_outcome_ranker_rev0027,mulligan_outcome_ranker_rev0027,20,1,4949057,4949057,5949060,0,1.0,0.0,1.0,0.0,False,False,player_1_attempted_to_draw_from_empty_library,430,0,27,draw_half_reporting_terminal_only_training,public_decision_frame,1.0,0.0,g00057_life20_sp1_cf34_counter_wall_vs_cf34_counter_wall_r0,900,True,terminal
rev0049,cf34_counter_wall,outcome_counter_wall,sixty_counterwall_jace,sixty_counterwall_jace,counterfactual_ranker_blend_counter_rev0034,outcome_ranker_blend_counter_rev0025,mulligan_outcome_ranker_rev0027,land_band_business,20,0,4949058,4949058,5949061,1,0.0,1.0,0.0,1.0,False,False,player_0_attempted_to_draw_from_empty_library,458,0,28,draw_half_reporting_terminal_only_training,public_decision_frame,0.0,1.0,g00058_life20_sp0_cf34_counter_wall_vs_outcome_counter_wall_r0,900,True,terminal
rev0049,cf34_counter_wall,outcome_counter_wall,sixty_counterwall_jace,sixty_counterwall_jace,counterfactual_ranker_blend_counter_rev0034,outcome_ranker_blend_counter_rev0025,mulligan_outcome_ranker_rev0027,land_band_business,20,1,4949059,4949059,5949062,1,0.0,1.0,0.0,1.0,False,False,player_0_attempted_to_draw_from_empty_library,367,0,29,draw_half_reporting_terminal_only_training,public_decision_frame,0.0,1.0,g00059_life20_sp1_cf34_counter_wall_vs_outcome_counter_wall_r0,900,True,terminal
rev0049,outcome_counter_wall,cf49_fjace,sixty_counterwall_jace,forty_force_jace_pressure,outcome_ranker_blend_counter_rev0025,counterfactual_linear_ranker_rev0049,land_band_business,mulligan_repeated_counterfactual_ranker_rev0030,20,0,4949060,4949060,5949063,0,1.0,0.0,1.0,0.0,False,False,player_1_attempted_to_draw_from_empty_library,298,0,18,draw_half_reporting_terminal_only_training,public_decision_frame,1.0,0.0,g00060_life20_sp0_outcome_counter_wall_vs_cf49_fjace_r0,900,True,terminal
rev0049,outcome_counter_wall,cf49_fjace,sixty_counterwall_jace,forty_force_jace_pressure,outcome_ranker_blend_counter_rev0025,counterfactual_linear_ranker_rev0049,land_band_business,mulligan_repeated_counterfactual_ranker_rev0030,20,1,4949061,4949061,5949064,0,1.0,0.0,1.0,0.0,False,False,player_1_life_total_zero_or_less,131,0,11,draw_half_reporting_terminal_only_training,public_decision_frame,1.0,0.0,g00061_life20_sp1_outcome_counter_wall_vs_cf49_fjace_r0,900,True,terminal
rev0049,outcome_counter_wall,cf49_counter_wall,sixty_counterwall_jace,sixty_counterwall_jace,outcome_ranker_blend_counter_rev0025,counterfactual_ranker_blend_counter_rev0049,land_band_business,mulligan_outcome_ranker_rev0027,20,0,4949062,4949062,5949065,1,0.0,1.0,0.0,1.0,False,False,player_0_attempted_to_draw_from_empty_library,426,0,40,draw_half_reporting_terminal_only_training,public_decision_frame,0.0,1.0,g00062_life20_sp0_outcome_counter_wall_vs_cf49_counter_wall_r0,900,True,terminal
rev0049,outcome_counter_wall,cf49_counter_wall,sixty_counterwall_jace,sixty_counterwall_jace,outcome_ranker_blend_counter_rev0025,counterfactual_ranker_blend_counter_rev0049,land_band_business,mulligan_outcome_ranker_rev0027,20,1,4949063,4949063,5949066,1,0.0,1.0,0.0,1.0,False,False,player_0_attempted_to_draw_from_empty_library,377,0,29,draw_half_reporting_terminal_only_training,public_decision_frame,0.0,1.0,g00063_life20_sp1_outcome_counter_wall_vs_cf49_counter_wall_r0,900,True,terminal
rev0049,outcome_counter_wall,cf49_threat_overlord,sixty_counterwall_jace,forty_overlord_impending,outcome_ranker_blend_counter_rev0025,counterfactual_ranker_blend_threat_rev0049,land_band_business,land_band_business,20,0,4949064,4949064,5949067,0,1.0,0.0,1.0,0.0,False,False,player_1_attempted_to_draw_from_empty_library,266,0,26,draw_half_reporting_terminal_only_training,public_decision_frame,1.0,0.0,g00064_life20_sp0_outcome_counter_wall_vs_cf49_threat_overlord_r0,900,True,terminal
rev0049,outcome_counter_wall,cf49_threat_overlord,sixty_counterwall_jace,forty_overlord_impending,outcome_ranker_blend_counter_rev0025,counterfactual_ranker_blend_threat_rev0049,land_band_business,land_band_business,20,1,4949065,4949065,5949068,0,1.0,0.0,1.0,0.0,False,False,player_1_attempted_to_draw_from_empty_library,334,0,35,draw_half_reporting_terminal_only_training,public_decision_frame,1.0,0.0,g00065_life20_sp1_outcome_counter_wall_vs_cf49_threat_overlord_r0,900,True,terminal
rev0049,outcome_counter_wall,cf47_counter_wall,sixty_counterwall_jace,sixty_counterwall_jace,outcome_ranker_blend_counter_rev0025,counterfactual_ranker_blend_counter_rev0047,land_band_business,mulligan_outcome_ranker_rev0027,20,0,4949066,4949066,5949069,0,1.0,0.0,1.0,0.0,False,False,player_1_attempted_to_draw_from_empty_library,375,0,28,draw_half_reporting_terminal_only_training,public_decision_frame,1.0,0.0,g00066_life20_sp0_outcome_counter_wall_vs_cf47_counter_wall_r0,900,True,terminal
rev0049,outcome_counter_wall,cf47_counter_wall,sixty_counterwall_jace,sixty_counterwall_jace,outcome_ranker_blend_counter_rev0025,counterfactual_ranker_blend_counter_rev0047,land_band_business,mulligan_outcome_ranker_rev0027,20,1,4949067,4949067,5949070,0,1.0,0.0,1.0,0.0,False,False,player_1_attempted_to_draw_from_empty_library,458,0,43,draw_half_reporting_terminal_only_training,public_decision_frame,1.0,0.0,g00067_life20_sp1_outcome_counter_wall_vs_cf47_counter_wall_r0,900,True,terminal
rev0049,outcome_counter_wall,cf34_counter_wall,sixty_counterwall_jace,sixty_counterwall_jace,outcome_ranker_blend_counter_rev0025,counterfactual_ranker_blend_counter_rev0034,land_band_business,mulligan_outcome_ranker_rev0027,20,0,4949068,4949068,5949071,1,0.0,1.0,0.0,1.0,False,False,player_0_attempted_to_draw_from_empty_library,426,0,30,draw_half_reporting_terminal_only_training,public_decision_frame,0.0,1.0,g00068_life20_sp0_outcome_counter_wall_vs_cf34_counter_wall_r0,900,True,terminal
rev0049,outcome_counter_wall,cf34_counter_wall,sixty_counterwall_jace,sixty_counterwall_jace,outcome_ranker_blend_counter_rev0025,counterfactual_ranker_blend_counter_rev0034,land_band_business,mulligan_outcome_ranker_rev0027,20,1,4949069,4949069,5949072,0,1.0,0.0,1.0,0.0,False,False,player_1_attempted_to_draw_from_empty_library,359,0,29,draw_half_reporting_terminal_only_training,public_decision_frame,1.0,0.0,g00069_life20_sp1_outcome_counter_wall_vs_cf34_counter_wall_r0,900,True,terminal
rev0049,outcome_counter_wall,outcome_counter_wall,sixty_counterwall_jace,sixty_counterwall_jace,outcome_ranker_blend_counter_rev0025,outcome_ranker_blend_counter_rev0025,land_band_business,land_band_business,20,0,4949070,4949070,5949073,1,0.0,1.0,0.0,1.0,False,False,player_0_attempted_to_draw_from_empty_library,466,0,44,draw_half_reporting_terminal_only_training,public_decision_frame,0.0,1.0,g00070_life20_sp0_outcome_counter_wall_vs_outcome_counter_wall_r0,900,True,terminal
rev0049,outcome_counter_wall,outcome_counter_wall,sixty_counterwall_jace,sixty_counterwall_jace,outcome_ranker_blend_counter_rev0025,outcome_ranker_blend_counter_rev0025,land_band_business,land_band_business,20,1,4949071,4949071,5949074,0,1.0,0.0,1.0,0.0,False,False,player_1_attempted_to_draw_from_empty_library,377,0,29,draw_half_reporting_terminal_only_training,public_decision_frame,1.0,0.0,g00071_life20_sp1_outcome_counter_wall_vs_outcome_counter_wall_r0,900,True,terminal
rev0049,cf49_fjace,cf49_fjace,forty_force_jace_pressure,forty_force_jace_pressure,counterfactual_linear_ranker_rev0049,counterfactual_linear_ranker_rev0049,mulligan_repeated_counterfactual_ranker_rev0030,mulligan_repeated_counterfactual_ranker_rev0030,40,0,4949072,4949072,5949075,1,0.0,1.0,0.0,1.0,False,False,player_0_attempted_to_draw_from_empty_library,187,0,13,draw_half_reporting_terminal_only_training,public_decision_frame,0.0,1.0,g00072_life40_sp0_cf49_fjace_vs_cf49_fjace_r0,900,True,terminal
rev0049,cf49_fjace,cf49_fjace,forty_force_jace_pressure,forty_force_jace_pressure,counterfactual_linear_ranker_rev0049,counterfactual_linear_ranker_rev0049,mulligan_repeated_counterfactual_ranker_rev0030,mulligan_repeated_counterfactual_ranker_rev0030,40,1,4949073,4949073,5949076,0,1.0,0.0,1.0,0.0,False,False,player_1_attempted_to_draw_from_empty_library,183,0,14,draw_half_reporting_terminal_only_training,public_decision_frame,1.0,0.0,g00073_life40_sp1_cf49_fjace_vs_cf49_fjace_r0,900,True,terminal
rev0049,cf49_fjace,cf49_counter_wall,forty_force_jace_pressure,sixty_counterwall_jace,counterfactual_linear_ranker_rev0049,counterfactual_ranker_blend_counter_rev0049,mulligan_repeated_counterfactual_ranker_rev0030,mulligan_outcome_ranker_rev0027,40,0,4949074,4949074,5949077,1,0.0,1.0,0.0,1.0,False,False,player_0_attempted_to_draw_from_empty_library,305,0,21,draw_half_reporting_terminal_only_training,public_decision_frame,0.0,1.0,g00074_life40_sp0_cf49_fjace_vs_cf49_counter_wall_r0,900,True,terminal
rev0049,cf49_fjace,cf49_counter_wall,forty_force_jace_pressure,sixty_counterwall_jace,counterfactual_linear_ranker_rev0049,counterfactual_ranker_blend_counter_rev0049,mulligan_repeated_counterfactual_ranker_rev0030,mulligan_outcome_ranker_rev0027,40,1,4949075,4949075,5949078,1,0.0,1.0,0.0,1.0,False,False,player_0_attempted_to_draw_from_empty_library,263,0,17,draw_half_reporting_terminal_only_training,public_decision_frame,0.0,1.0,g00075_life40_sp1_cf49_fjace_vs_cf49_counter_wall_r0,900,True,terminal
rev0049,cf49_fjace,cf49_threat_overlord,forty_force_jace_pressure,forty_overlord_impending,counterfactual_linear_ranker_rev0049,counterfactual_ranker_blend_threat_rev0049,mulligan_repeated_counterfactual_ranker_rev0030,land_band_business,40,0,4949076,4949076,5949079,0,1.0,0.0,1.0,0.0,False,False,player_1_attempted_to_draw_from_empty_library,214,0,18,draw_half_reporting_terminal_only_training,public_decision_frame,1.0,0.0,g00076_life40_sp0_cf49_fjace_vs_cf49_threat_overlord_r0,900,True,terminal
rev0049,cf49_fjace,cf49_threat_overlord,forty_force_jace_pressure,forty_overlord_impending,counterfactual_linear_ranker_rev0049,counterfactual_ranker_blend_threat_rev0049,mulligan_repeated_counterfactual_ranker_rev0030,land_band_business,40,1,4949077,4949077,5949080,0,1.0,0.0,1.0,0.0,False,False,player_1_attempted_to_draw_from_empty_library,201,0,12,draw_half_reporting_terminal_only_training,public_decision_frame,1.0,0.0,g00077_life40_sp1_cf49_fjace_vs_cf49_threat_overlord_r0,900,True,terminal
rev0049,cf49_fjace,cf47_counter_wall,forty_force_jace_pressure,sixty_counterwall_jace,counterfactual_linear_ranker_rev0049,counterfactual_ranker_blend_counter_rev0047,mulligan_repeated_counterfactual_ranker_rev0030,mulligan_outcome_ranker_rev0027,40,0,4949078,4949078,5949081,1,0.0,1.0,0.0,1.0,False,False,player_0_attempted_to_draw_from_empty_library,303,0,22,draw_half_reporting_terminal_only_training,public_decision_frame,0.0,1.0,g00078_life40_sp0_cf49_fjace_vs_cf47_counter_wall_r0,900,True,terminal
rev0049,cf49_fjace,cf47_counter_wall,forty_force_jace_pressure,sixty_counterwall_jace,counterfactual_linear_ranker_rev0049,counterfactual_ranker_blend_counter_rev0047,mulligan_repeated_counterfactual_ranker_rev0030,mulligan_outcome_ranker_rev0027,40,1,4949079,4949079,5949082,1,0.0,1.0,0.0,1.0,False,False,player_0_attempted_to_draw_from_empty_library,259,0,17,draw_half_reporting_terminal_only_training,public_decision_frame,0.0,1.0,g00079_life40_sp1_cf49_fjace_vs_cf47_counter_wall_r0,900,True,terminal
rev0049,cf49_fjace,cf34_counter_wall,forty_force_jace_pressure,sixty_counterwall_jace,counterfactual_linear_ranker_rev0049,counterfactual_ranker_blend_counter_rev0034,mulligan_repeated_counterfactual_ranker_rev0030,mulligan_outcome_ranker_rev0027,40,0,4949080,4949080,5949083,1,0.0,1.0,0.0,1.0,False,False,player_0_attempted_to_draw_from_empty_library,269,0,18,draw_half_reporting_terminal_only_training,public_decision_frame,0.0,1.0,g00080_life40_sp0_cf49_fjace_vs_cf34_counter_wall_r0,900,True,terminal
rev0049,cf49_fjace,cf34_counter_wall,forty_force_jace_pressure,sixty_counterwall_jace,counterfactual_linear_ranker_rev0049,counterfactual_ranker_blend_counter_rev0034,mulligan_repeated_counterfactual_ranker_rev0030,mulligan_outcome_ranker_rev0027,40,1,4949081,4949081,5949084,1,0.0,1.0,0.0,1.0,False,False,player_0_attempted_to_draw_from_empty_library,315,0,22,draw_half_reporting_terminal_only_training,public_decision_frame,0.0,1.0,g00081_life40_sp1_cf49_fjace_vs_cf34_counter_wall_r0,900,True,terminal
rev0049,cf49_fjace,outcome_counter_wall,forty_force_jace_pressure,sixty_counterwall_jace,counterfactual_linear_ranker_rev0049,outcome_ranker_blend_counter_rev0025,mulligan_repeated_counterfactual_ranker_rev0030,land_band_business,40,0,4949082,4949082,5949085,1,0.0,1.0,0.0,1.0,False,False,player_0_attempted_to_draw_from_empty_library,247,0,17,draw_half_reporting_terminal_only_training,public_decision_frame,0.0,1.0,g00082_life40_sp0_cf49_fjace_vs_outcome_counter_wall_r0,900,True,terminal
rev0049,cf49_fjace,outcome_counter_wall,forty_force_jace_pressure,sixty_counterwall_jace,counterfactual_linear_ranker_rev0049,outcome_ranker_blend_counter_rev0025,mulligan_repeated_counterfactual_ranker_rev0030,land_band_business,40,1,4949083,4949083,5949086,1,0.0,1.0,0.0,1.0,False,False,player_0_attempted_to_draw_from_empty_library,278,0,18,draw_half_reporting_terminal_only_training,public_decision_frame,0.0,1.0,g00083_life40_sp1_cf49_fjace_vs_outcome_counter_wall_r0,900,True,terminal
rev0049,cf49_counter_wall,cf49_fjace,sixty_counterwall_jace,forty_force_jace_pressure,counterfactual_ranker_blend_counter_rev0049,counterfactual_linear_ranker_rev0049,mulligan_outcome_ranker_rev0027,mulligan_repeated_counterfactual_ranker_rev0030,40,0,4949084,4949084,5949087,1,0.0,1.0,0.0,1.0,False,False,player_0_attempted_to_draw_from_empty_library,357,0,27,draw_half_reporting_terminal_only_training,public_decision_frame,0.0,1.0,g00084_life40_sp0_cf49_counter_wall_vs_cf49_fjace_r0,900,True,terminal
rev0049,cf49_counter_wall,cf49_fjace,sixty_counterwall_jace,forty_force_jace_pressure,counterfactual_ranker_blend_counter_rev0049,counterfactual_linear_ranker_rev0049,mulligan_outcome_ranker_rev0027,mulligan_repeated_counterfactual_ranker_rev0030,40,1,4949085,4949085,5949088,0,1.0,0.0,1.0,0.0,False,False,player_1_attempted_to_draw_from_empty_library,232,0,18,draw_half_reporting_terminal_only_training,public_decision_frame,1.0,0.0,g00085_life40_sp1_cf49_counter_wall_vs_cf49_fjace_r0,900,True,terminal
rev0049,cf49_counter_wall,cf49_counter_wall,sixty_counterwall_jace,sixty_counterwall_jace,counterfactual_ranker_blend_counter_rev0049,counterfactual_ranker_blend_counter_rev0049,mulligan_outcome_ranker_rev0027,mulligan_outcome_ranker_rev0027,40,0,4949086,4949086,5949089,1,0.0,1.0,0.0,1.0,False,False,player_0_attempted_to_draw_from_empty_library,428,0,28,draw_half_reporting_terminal_only_training,public_decision_frame,0.0,1.0,g00086_life40_sp0_cf49_counter_wall_vs_cf49_counter_wall_r0,900,True,terminal
rev0049,cf49_counter_wall,cf49_counter_wall,sixty_counterwall_jace,sixty_counterwall_jace,counterfactual_ranker_blend_counter_rev0049,counterfactual_ranker_blend_counter_rev0049,mulligan_outcome_ranker_rev0027,mulligan_outcome_ranker_rev0027,40,1,4949087,4949087,5949090,1,0.0,1.0,0.0,1.0,False,False,player_0_attempted_to_draw_from_empty_library,398,0,34,draw_half_reporting_terminal_only_training,public_decision_frame,0.0,1.0,g00087_life40_sp1_cf49_counter_wall_vs_cf49_counter_wall_r0,900,True,terminal
rev0049,cf49_counter_wall,cf49_threat_overlord,sixty_counterwall_jace,forty_overlord_impending,counterfactual_ranker_blend_counter_rev0049,counterfactual_ranker_blend_threat_rev0049,mulligan_outcome_ranker_rev0027,land_band_business,40,0,4949088,4949088,5949091,0,1.0,0.0,1.0,0.0,False,False,player_1_attempted_to_draw_from_empty_library,152,0,12,draw_half_reporting_terminal_only_training,public_decision_frame,1.0,0.0,g00088_life40_sp0_cf49_counter_wall_vs_cf49_threat_overlord_r0,900,True,terminal
rev0049,cf49_counter_wall,cf49_threat_overlord,sixty_counterwall_jace,forty_overlord_impending,counterfactual_ranker_blend_counter_rev0049,counterfactual_ranker_blend_threat_rev0049,mulligan_outcome_ranker_rev0027,land_band_business,40,1,4949089,4949089,5949092,0,1.0,0.0,1.0,0.0,False,False,player_1_attempted_to_draw_from_empty_library,231,0,18,draw_half_reporting_terminal_only_training,public_decision_frame,1.0,0.0,g00089_life40_sp1_cf49_counter_wall_vs_cf49_threat_overlord_r0,900,True,terminal
rev0049,cf49_counter_wall,cf47_counter_wall,sixty_counterwall_jace,sixty_counterwall_jace,counterfactual_ranker_blend_counter_rev0049,counterfactual_ranker_blend_counter_rev0047,mulligan_outcome_ranker_rev0027,mulligan_outcome_ranker_rev0027,40,0,4949090,4949090,5949093,1,0.0,1.0,0.0,1.0,False,False,player_0_attempted_to_draw_from_empty_library,394,0,34,draw_half_reporting_terminal_only_training,public_decision_frame,0.0,1.0,g00090_life40_sp0_cf49_counter_wall_vs_cf47_counter_wall_r0,900,True,terminal
rev0049,cf49_counter_wall,cf47_counter_wall,sixty_counterwall_jace,sixty_counterwall_jace,counterfactual_ranker_blend_counter_rev0049,counterfactual_ranker_blend_counter_rev0047,mulligan_outcome_ranker_rev0027,mulligan_outcome_ranker_rev0027,40,1,4949091,4949091,5949094,0,1.0,0.0,1.0,0.0,False,False,player_1_attempted_to_draw_from_empty_library,391,0,28,draw_half_reporting_terminal_only_training,public_decision_frame,1.0,0.0,g00091_life40_sp1_cf49_counter_wall_vs_cf47_counter_wall_r0,900,True,terminal
rev0049,cf49_counter_wall,cf34_counter_wall,sixty_counterwall_jace,sixty_counterwall_jace,counterfactual_ranker_blend_counter_rev0049,counterfactual_ranker_blend_counter_rev0034,mulligan_outcome_ranker_rev0027,mulligan_outcome_ranker_rev0027,40,0,4949092,4949092,5949095,1,0.0,1.0,0.0,1.0,False,False,player_0_attempted_to_draw_from_empty_library,392,0,32,draw_half_reporting_terminal_only_training,public_decision_frame,0.0,1.0,g00092_life40_sp0_cf49_counter_wall_vs_cf34_counter_wall_r0,900,True,terminal
rev0049,cf49_counter_wall,cf34_counter_wall,sixty_counterwall_jace,sixty_counterwall_jace,counterfactual_ranker_blend_counter_rev0049,counterfactual_ranker_blend_counter_rev0034,mulligan_outcome_ranker_rev0027,mulligan_outcome_ranker_rev0027,40,1,4949093,4949093,5949096,0,1.0,0.0,1.0,0.0,False,False,player_1_attempted_to_draw_from_empty_library,421,0,30,draw_half_reporting_terminal_only_training,public_decision_frame,1.0,0.0,g00093_life40_sp1_cf49_counter_wall_vs_cf34_counter_wall_r0,900,True,terminal
rev0049,cf49_counter_wall,outcome_counter_wall,sixty_counterwall_jace,sixty_counterwall_jace,counterfactual_ranker_blend_counter_rev0049,outcome_ranker_blend_counter_rev0025,mulligan_outcome_ranker_rev0027,land_band_business,40,0,4949094,4949094,5949097,0,1.0,0.0,1.0,0.0,False,False,player_1_attempted_to_draw_from_empty_library,484,0,47,draw_half_reporting_terminal_only_training,public_decision_frame,1.0,0.0,g00094_life40_sp0_cf49_counter_wall_vs_outcome_counter_wall_r0,900,True,terminal
rev0049,cf49_counter_wall,outcome_counter_wall,sixty_counterwall_jace,sixty_counterwall_jace,counterfactual_ranker_blend_counter_rev0049,outcome_ranker_blend_counter_rev0025,mulligan_outcome_ranker_rev0027,land_band_business,40,1,4949095,4949095,5949098,1,0.0,1.0,0.0,1.0,False,False,player_0_attempted_to_draw_from_empty_library,432,0,28,draw_half_reporting_terminal_only_training,public_decision_frame,0.0,1.0,g00095_life40_sp1_cf49_counter_wall_vs_outcome_counter_wall_r0,900,True,terminal
rev0049,cf49_threat_overlord,cf49_fjace,forty_overlord_impending,forty_force_jace_pressure,counterfactual_ranker_blend_threat_rev0049,counterfactual_linear_ranker_rev0049,land_band_business,mulligan_repeated_counterfactual_ranker_rev0030,40,0,4949096,4949096,5949099,1,0.0,1.0,0.0,1.0,False,False,player_0_attempted_to_draw_from_empty_library,231,0,15,draw_half_reporting_terminal_only_training,public_decision_frame,0.0,1.0,g00096_life40_sp0_cf49_threat_overlord_vs_cf49_fjace_r0,900,True,terminal
rev0049,cf49_threat_overlord,cf49_fjace,forty_overlord_impending,forty_force_jace_pressure,counterfactual_ranker_blend_threat_rev0049,counterfactual_linear_ranker_rev0049,land_band_business,mulligan_repeated_counterfactual_ranker_rev0030,40,1,4949097,4949097,5949100,1,0.0,1.0,0.0,1.0,False,False,player_0_attempted_to_draw_from_empty_library,142,0,11,draw_half_reporting_terminal_only_training,public_decision_frame,0.0,1.0,g00097_life40_sp1_cf49_threat_overlord_vs_cf49_fjace_r0,900,True,terminal
rev0049,cf49_threat_overlord,cf49_counter_wall,forty_overlord_impending,sixty_counterwall_jace,counterfactual_ranker_blend_threat_rev0049,counterfactual_ranker_blend_counter_rev0049,land_band_business,mulligan_outcome_ranker_rev0027,40,0,4949098,4949098,5949101,1,0.0,1.0,0.0,1.0,False,False,player_0_attempted_to_draw_from_empty_library,241,0,19,draw_half_reporting_terminal_only_training,public_decision_frame,0.0,1.0,g00098_life40_sp0_cf49_threat_overlord_vs_cf49_counter_wall_r0,900,True,terminal
rev0049,cf49_threat_overlord,cf49_counter_wall,forty_overlord_impending,sixty_counterwall_jace,counterfactual_ranker_blend_threat_rev0049,counterfactual_ranker_blend_counter_rev0049,land_band_business,mulligan_outcome_ranker_rev0027,40,1,4949099,4949099,5949102,1,0.0,1.0,0.0,1.0,False,False,player_0_attempted_to_draw_from_empty_library,143,0,13,draw_half_reporting_terminal_only_training,public_decision_frame,0.0,1.0,g00099_life40_sp1_cf49_threat_overlord_vs_cf49_counter_wall_r0,900,True,terminal
rev0049,cf49_threat_overlord,cf49_threat_overlord,forty_overlord_impending,forty_overlord_impending,counterfactual_ranker_blend_threat_rev0049,counterfactual_ranker_blend_threat_rev0049,land_band_business,land_band_business,40,0,4949100,4949100,5949103,1,0.0,1.0,0.0,1.0,False,False,player_0_attempted_to_draw_from_empty_library,193,0,18,draw_half_reporting_terminal_only_training,public_decision_frame,0.0,1.0,g00100_life40_sp0_cf49_threat_overlord_vs_cf49_threat_overlord_r0,900,True,terminal
rev0049,cf49_threat_overlord,cf49_threat_overlord,forty_overlord_impending,forty_overlord_impending,counterfactual_ranker_blend_threat_rev0049,counterfactual_ranker_blend_threat_rev0049,land_band_business,land_band_business,40,1,4949101,4949101,5949104,1,0.0,1.0,0.0,1.0,False,False,player_0_attempted_to_draw_from_empty_library,268,0,20,draw_half_reporting_terminal_only_training,public_decision_frame,0.0,1.0,g00101_life40_sp1_cf49_threat_overlord_vs_cf49_threat_overlord_r0,900,True,terminal
rev0049,cf49_threat_overlord,cf47_counter_wall,forty_overlord_impending,sixty_counterwall_jace,counterfactual_ranker_blend_threat_rev0049,counterfactual_ranker_blend_counter_rev0047,land_band_business,mulligan_outcome_ranker_rev0027,40,0,4949102,4949102,5949105,0,1.0,0.0,1.0,0.0,False,False,player_1_attempted_to_draw_from_empty_library,347,0,27,draw_half_reporting_terminal_only_training,public_decision_frame,1.0,0.0,g00102_life40_sp0_cf49_threat_overlord_vs_cf47_counter_wall_r0,900,True,terminal
rev0049,cf49_threat_overlord,cf47_counter_wall,forty_overlord_impending,sixty_counterwall_jace,counterfactual_ranker_blend_threat_rev0049,counterfactual_ranker_blend_counter_rev0047,land_band_business,mulligan_outcome_ranker_rev0027,40,1,4949103,4949103,5949106,1,0.0,1.0,0.0,1.0,False,False,player_0_attempted_to_draw_from_empty_library,225,0,18,draw_half_reporting_terminal_only_training,public_decision_frame,0.0,1.0,g00103_life40_sp1_cf49_threat_overlord_vs_cf47_counter_wall_r0,900,True,terminal
rev0049,cf49_threat_overlord,cf34_counter_wall,forty_overlord_impending,sixty_counterwall_jace,counterfactual_ranker_blend_threat_rev0049,counterfactual_ranker_blend_counter_rev0034,land_band_business,mulligan_outcome_ranker_rev0027,40,0,4949104,4949104,5949107,1,0.0,1.0,0.0,1.0,False,False,player_0_attempted_to_draw_from_empty_library,328,0,35,draw_half_reporting_terminal_only_training,public_decision_frame,0.0,1.0,g00104_life40_sp0_cf49_threat_overlord_vs_cf34_counter_wall_r0,900,True,terminal
rev0049,cf49_threat_overlord,cf34_counter_wall,forty_overlord_impending,sixty_counterwall_jace,counterfactual_ranker_blend_threat_rev0049,counterfactual_ranker_blend_counter_rev0034,land_band_business,mulligan_outcome_ranker_rev0027,40,1,4949105,4949105,5949108,1,0.0,1.0,0.0,1.0,False,False,player_0_attempted_to_draw_from_empty_library,365,0,29,draw_half_reporting_terminal_only_training,public_decision_frame,0.0,1.0,g00105_life40_sp1_cf49_threat_overlord_vs_cf34_counter_wall_r0,900,True,terminal
rev0049,cf49_threat_overlord,outcome_counter_wall,forty_overlord_impending,sixty_counterwall_jace,counterfactual_ranker_blend_threat_rev0049,outcome_ranker_blend_counter_rev0025,land_band_business,land_band_business,40,0,4949106,4949106,5949109,1,0.0,1.0,0.0,1.0,False,False,player_0_attempted_to_draw_from_empty_library,289,0,18,draw_half_reporting_terminal_only_training,public_decision_frame,0.0,1.0,g00106_life40_sp0_cf49_threat_overlord_vs_outcome_counter_wall_r0,900,True,terminal
rev0049,cf49_threat_overlord,outcome_counter_wall,forty_overlord_impending,sixty_counterwall_jace,counterfactual_ranker_blend_threat_rev0049,outcome_ranker_blend_counter_rev0025,land_band_business,land_band_business,40,1,4949107,4949107,5949110,1,0.0,1.0,0.0,1.0,False,False,player_0_attempted_to_draw_from_empty_library,281,0,19,draw_half_reporting_terminal_only_training,public_decision_frame,0.0,1.0,g00107_life40_sp1_cf49_threat_overlord_vs_outcome_counter_wall_r0,900,True,terminal
rev0049,cf47_counter_wall,cf49_fjace,sixty_counterwall_jace,forty_force_jace_pressure,counterfactual_ranker_blend_counter_rev0047,counterfactual_linear_ranker_rev0049,mulligan_outcome_ranker_rev0027,mulligan_repeated_counterfactual_ranker_rev0030,40,0,4949108,4949108,5949111,1,0.0,1.0,0.0,1.0,False,False,player_0_attempted_to_draw_from_empty_library,377,0,28,draw_half_reporting_terminal_only_training,public_decision_frame,0.0,1.0,g00108_life40_sp0_cf47_counter_wall_vs_cf49_fjace_r0,900,True,terminal
rev0049,cf47_counter_wall,cf49_fjace,sixty_counterwall_jace,forty_force_jace_pressure,counterfactual_ranker_blend_counter_rev0047,counterfactual_linear_ranker_rev0049,mulligan_outcome_ranker_rev0027,mulligan_repeated_counterfactual_ranker_rev0030,40,1,4949109,4949109,5949112,0,1.0,0.0,1.0,0.0,False,False,player_1_life_total_zero_or_less,208,0,21,draw_half_reporting_terminal_only_training,public_decision_frame,1.0,0.0,g00109_life40_sp1_cf47_counter_wall_vs_cf49_fjace_r0,900,True,terminal
rev0049,cf47_counter_wall,cf49_counter_wall,sixty_counterwall_jace,sixty_counterwall_jace,counterfactual_ranker_blend_counter_rev0047,counterfactual_ranker_blend_counter_rev0049,mulligan_outcome_ranker_rev0027,mulligan_outcome_ranker_rev0027,40,0,4949110,4949110,5949113,1,0.0,1.0,0.0,1.0,False,False,player_0_attempted_to_draw_from_empty_library,498,0,51,draw_half_reporting_terminal_only_training,public_decision_frame,0.0,1.0,g00110_life40_sp0_cf47_counter_wall_vs_cf49_counter_wall_r0,900,True,terminal
rev0049,cf47_counter_wall,cf49_counter_wall,sixty_counterwall_jace,sixty_counterwall_jace,counterfactual_ranker_blend_counter_rev0047,counterfactual_ranker_blend_counter_rev0049,mulligan_outcome_ranker_rev0027,mulligan_outcome_ranker_rev0027,40,1,4949111,4949111,5949114,1,0.0,1.0,0.0,1.0,False,False,player_0_attempted_to_draw_from_empty_library,425,0,40,draw_half_reporting_terminal_only_training,public_decision_frame,0.0,1.0,g00111_life40_sp1_cf47_counter_wall_vs_cf49_counter_wall_r0,900,True,terminal
rev0049,cf47_counter_wall,cf49_threat_overlord,sixty_counterwall_jace,forty_overlord_impending,counterfactual_ranker_blend_counter_rev0047,counterfactual_ranker_blend_threat_rev0049,mulligan_outcome_ranker_rev0027,land_band_business,40,0,4949112,4949112,5949115,1,0.0,1.0,0.0,1.0,False,False,player_0_attempted_to_draw_from_empty_library,372,0,28,draw_half_reporting_terminal_only_training,public_decision_frame,0.0,1.0,g00112_life40_sp0_cf47_counter_wall_vs_cf49_threat_overlord_r0,900,True,terminal
rev0049,cf47_counter_wall,cf49_threat_overlord,sixty_counterwall_jace,forty_overlord_impending,counterfactual_ranker_blend_counter_rev0047,counterfactual_ranker_blend_threat_rev0049,mulligan_outcome_ranker_rev0027,land_band_business,40,1,4949113,4949113,5949116,0,1.0,0.0,1.0,0.0,False,False,player_1_attempted_to_draw_from_empty_library,253,0,18,draw_half_reporting_terminal_only_training,public_decision_frame,1.0,0.0,g00113_life40_sp1_cf47_counter_wall_vs_cf49_threat_overlord_r0,900,True,terminal
rev0049,cf47_counter_wall,cf47_counter_wall,sixty_counterwall_jace,sixty_counterwall_jace,counterfactual_ranker_blend_counter_rev0047,counterfactual_ranker_blend_counter_rev0047,mulligan_outcome_ranker_rev0027,mulligan_outcome_ranker_rev0027,40,0,4949114,4949114,5949117,0,1.0,0.0,1.0,0.0,False,False,player_1_attempted_to_draw_from_empty_library,461,0,43,draw_half_reporting_terminal_only_training,public_decision_frame,1.0,0.0,g00114_life40_sp0_cf47_counter_wall_vs_cf47_counter_wall_r0,900,True,terminal
rev0049,cf47_counter_wall,cf47_counter_wall,sixty_counterwall_jace,sixty_counterwall_jace,counterfactual_ranker_blend_counter_rev0047,counterfactual_ranker_blend_counter_rev0047,mulligan_outcome_ranker_rev0027,mulligan_outcome_ranker_rev0027,40,1,4949115,4949115,5949118,1,0.0,1.0,0.0,1.0,False,False,player_0_attempted_to_draw_from_empty_library,493,0,49,draw_half_reporting_terminal_only_training,public_decision_frame,0.0,1.0,g00115_life40_sp1_cf47_counter_wall_vs_cf47_counter_wall_r0,900,True,terminal
rev0049,cf47_counter_wall,cf34_counter_wall,sixty_counterwall_jace,sixty_counterwall_jace,counterfactual_ranker_blend_counter_rev0047,counterfactual_ranker_blend_counter_rev0034,mulligan_outcome_ranker_rev0027,mulligan_outcome_ranker_rev0027,40,0,4949116,4949116,5949119,0,1.0,0.0,1.0,0.0,False,False,player_1_attempted_to_draw_from_empty_library,431,0,27,draw_half_reporting_terminal_only_training,public_decision_frame,1.0,0.0,g00116_life40_sp0_cf47_counter_wall_vs_cf34_counter_wall_r0,900,True,terminal
rev0049,cf47_counter_wall,cf34_counter_wall,sixty_counterwall_jace,sixty_counterwall_jace,counterfactual_ranker_blend_counter_rev0047,counterfactual_ranker_blend_counter_rev0034,mulligan_outcome_ranker_rev0027,mulligan_outcome_ranker_rev0027,40,1,4949117,4949117,5949120,1,0.0,1.0,0.0,1.0,False,False,player_0_attempted_to_draw_from_empty_library,344,0,27,draw_half_reporting_terminal_only_training,public_decision_frame,0.0,1.0,g00117_life40_sp1_cf47_counter_wall_vs_cf34_counter_wall_r0,900,True,terminal
rev0049,cf47_counter_wall,outcome_counter_wall,sixty_counterwall_jace,sixty_counterwall_jace,counterfactual_ranker_blend_counter_rev0047,outcome_ranker_blend_counter_rev0025,mulligan_outcome_ranker_rev0027,land_band_business,40,0,4949118,4949118,5949121,1,0.0,1.0,0.0,1.0,False,False,player_0_attempted_to_draw_from_empty_library,353,0,28,draw_half_reporting_terminal_only_training,public_decision_frame,0.0,1.0,g00118_life40_sp0_cf47_counter_wall_vs_outcome_counter_wall_r0,900,True,terminal
rev0049,cf47_counter_wall,outcome_counter_wall,sixty_counterwall_jace,sixty_counterwall_jace,counterfactual_ranker_blend_counter_rev0047,outcome_ranker_blend_counter_rev0025,mulligan_outcome_ranker_rev0027,land_band_business,40,1,4949119,4949119,5949122,1,0.0,1.0,0.0,1.0,False,False,player_0_attempted_to_draw_from_empty_library,390,0,32,draw_half_reporting_terminal_only_training,public_decision_frame,0.0,1.0,g00119_life40_sp1_cf47_counter_wall_vs_outcome_counter_wall_r0,900,True,terminal
rev0049,cf34_counter_wall,cf49_fjace,sixty_counterwall_jace,forty_force_jace_pressure,counterfactual_ranker_blend_counter_rev0034,counterfactual_linear_ranker_rev0049,mulligan_outcome_ranker_rev0027,mulligan_repeated_counterfactual_ranker_rev0030,40,0,4949120,4949120,5949123,0,1.0,0.0,1.0,0.0,False,False,player_1_attempted_to_draw_from_empty_library,277,0,18,draw_half_reporting_terminal_only_training,public_decision_frame,1.0,0.0,g00120_life40_sp0_cf34_counter_wall_vs_cf49_fjace_r0,900,True,terminal
rev0049,cf34_counter_wall,cf49_fjace,sixty_counterwall_jace,forty_force_jace_pressure,counterfactual_ranker_blend_counter_rev0034,counterfactual_linear_ranker_rev0049,mulligan_outcome_ranker_rev0027,mulligan_repeated_counterfactual_ranker_rev0030,40,1,4949121,4949121,5949124,0,1.0,0.0,1.0,0.0,False,False,player_1_attempted_to_draw_from_empty_library,327,0,23,draw_half_reporting_terminal_only_training,public_decision_frame,1.0,0.0,g00121_life40_sp1_cf34_counter_wall_vs_cf49_fjace_r0,900,True,terminal
rev0049,cf34_counter_wall,cf49_counter_wall,sixty_counterwall_jace,sixty_counterwall_jace,counterfactual_ranker_blend_counter_rev0034,counterfactual_ranker_blend_counter_rev0049,mulligan_outcome_ranker_rev0027,mulligan_outcome_ranker_rev0027,40,0,4949122,4949122,5949125,0,1.0,0.0,1.0,0.0,False,False,player_1_attempted_to_draw_from_empty_library,345,0,29,draw_half_reporting_terminal_only_training,public_decision_frame,1.0,0.0,g00122_life40_sp0_cf34_counter_wall_vs_cf49_counter_wall_r0,900,True,terminal
rev0049,cf34_counter_wall,cf49_counter_wall,sixty_counterwall_jace,sixty_counterwall_jace,counterfactual_ranker_blend_counter_rev0034,counterfactual_ranker_blend_counter_rev0049,mulligan_outcome_ranker_rev0027,mulligan_outcome_ranker_rev0027,40,1,4949123,4949123,5949126,1,0.0,1.0,0.0,1.0,False,False,player_0_attempted_to_draw_from_empty_library,443,0,29,draw_half_reporting_terminal_only_training,public_decision_frame,0.0,1.0,g00123_life40_sp1_cf34_counter_wall_vs_cf49_counter_wall_r0,900,True,terminal
rev0049,cf34_counter_wall,cf49_threat_overlord,sixty_counterwall_jace,forty_overlord_impending,counterfactual_ranker_blend_counter_rev0034,counterfactual_ranker_blend_threat_rev0049,mulligan_outcome_ranker_rev0027,land_band_business,40,0,4949124,4949124,5949127,0,1.0,0.0,1.0,0.0,False,False,player_1_attempted_to_draw_from_empty_library,285,0,19,draw_half_reporting_terminal_only_training,public_decision_frame,1.0,0.0,g00124_life40_sp0_cf34_counter_wall_vs_cf49_threat_overlord_r0,900,True,terminal
rev0049,cf34_counter_wall,cf49_threat_overlord,sixty_counterwall_jace,forty_overlord_impending,counterfactual_ranker_blend_counter_rev0034,counterfactual_ranker_blend_threat_rev0049,mulligan_outcome_ranker_rev0027,land_band_business,40,1,4949125,4949125,5949128,1,0.0,1.0,0.0,1.0,False,False,player_0_attempted_to_draw_from_empty_library,362,0,28,draw_half_reporting_terminal_only_training,public_decision_frame,0.0,1.0,g00125_life40_sp1_cf34_counter_wall_vs_cf49_threat_overlord_r0,900,True,terminal
rev0049,cf34_counter_wall,cf47_counter_wall,sixty_counterwall_jace,sixty_counterwall_jace,counterfactual_ranker_blend_counter_rev0034,counterfactual_ranker_blend_counter_rev0047,mulligan_outcome_ranker_rev0027,mulligan_outcome_ranker_rev0027,40,0,4949126,4949126,5949129,0,1.0,0.0,1.0,0.0,False,False,player_1_attempted_to_draw_from_empty_library,385,0,29,draw_half_reporting_terminal_only_training,public_decision_frame,1.0,0.0,g00126_life40_sp0_cf34_counter_wall_vs_cf47_counter_wall_r0,900,True,terminal
rev0049,cf34_counter_wall,cf47_counter_wall,sixty_counterwall_jace,sixty_counterwall_jace,counterfactual_ranker_blend_counter_rev0034,counterfactual_ranker_blend_counter_rev0047,mulligan_outcome_ranker_rev0027,mulligan_outcome_ranker_rev0027,40,1,4949127,4949127,5949130,0,1.0,0.0,1.0,0.0,False,False,player_1_attempted_to_draw_from_empty_library,378,0,31,draw_half_reporting_terminal_only_training,public_decision_frame,1.0,0.0,g00127_life40_sp1_cf34_counter_wall_vs_cf47_counter_wall_r0,900,True,terminal
rev0049,cf34_counter_wall,cf34_counter_wall,sixty_counterwall_jace,sixty_counterwall_jace,counterfactual_ranker_blend_counter_rev0034,counterfactual_ranker_blend_counter_rev0034,mulligan_outcome_ranker_rev0027,mulligan_outcome_ranker_rev0027,40,0,4949128,4949128,5949131,1,0.0,1.0,0.0,1.0,False,False,player_0_attempted_to_draw_from_empty_library,426,0,36,draw_half_reporting_terminal_only_training,public_decision_frame,0.0,1.0,g00128_life40_sp0_cf34_counter_wall_vs_cf34_counter_wall_r0,900,True,terminal
rev0049,cf34_counter_wall,cf34_counter_wall,sixty_counterwall_jace,sixty_counterwall_jace,counterfactual_ranker_blend_counter_rev0034,counterfactual_ranker_blend_counter_rev0034,mulligan_outcome_ranker_rev0027,mulligan_outcome_ranker_rev0027,40,1,4949129,4949129,5949132,1,0.0,1.0,0.0,1.0,False,False,player_0_attempted_to_draw_from_empty_library,412,0,33,draw_half_reporting_terminal_only_training,public_decision_frame,0.0,1.0,g00129_life40_sp1_cf34_counter_wall_vs_cf34_counter_wall_r0,900,True,terminal
rev0049,cf34_counter_wall,outcome_counter_wall,sixty_counterwall_jace,sixty_counterwall_jace,counterfactual_ranker_blend_counter_rev0034,outcome_ranker_blend_counter_rev0025,mulligan_outcome_ranker_rev0027,land_band_business,40,0,4949130,4949130,5949133,0,1.0,0.0,1.0,0.0,False,False,player_1_attempted_to_draw_from_empty_library,376,0,28,draw_half_reporting_terminal_only_training,public_decision_frame,1.0,0.0,g00130_life40_sp0_cf34_counter_wall_vs_outcome_counter_wall_r0,900,True,terminal
rev0049,cf34_counter_wall,outcome_counter_wall,sixty_counterwall_jace,sixty_counterwall_jace,counterfactual_ranker_blend_counter_rev0034,outcome_ranker_blend_counter_rev0025,mulligan_outcome_ranker_rev0027,land_band_business,40,1,4949131,4949131,5949134,0,1.0,0.0,1.0,0.0,False,False,player_1_attempted_to_draw_from_empty_library,397,0,34,draw_half_reporting_terminal_only_training,public_decision_frame,1.0,0.0,g00131_life40_sp1_cf34_counter_wall_vs_outcome_counter_wall_r0,900,True,terminal
rev0049,outcome_counter_wall,cf49_fjace,sixty_counterwall_jace,forty_force_jace_pressure,outcome_ranker_blend_counter_rev0025,counterfactual_linear_ranker_rev0049,land_band_business,mulligan_repeated_counterfactual_ranker_rev0030,40,0,4949132,4949132,5949135,0,1.0,0.0,1.0,0.0,False,False,player_1_life_total_zero_or_less,159,0,14,draw_half_reporting_terminal_only_training,public_decision_frame,1.0,0.0,g00132_life40_sp0_outcome_counter_wall_vs_cf49_fjace_r0,900,True,terminal
rev0049,outcome_counter_wall,cf49_fjace,sixty_counterwall_jace,forty_force_jace_pressure,outcome_ranker_blend_counter_rev0025,counterfactual_linear_ranker_rev0049,land_band_business,mulligan_repeated_counterfactual_ranker_rev0030,40,1,4949133,4949133,5949136,0,1.0,0.0,1.0,0.0,False,False,player_1_attempted_to_draw_from_empty_library,363,0,24,draw_half_reporting_terminal_only_training,public_decision_frame,1.0,0.0,g00133_life40_sp1_outcome_counter_wall_vs_cf49_fjace_r0,900,True,terminal
rev0049,outcome_counter_wall,cf49_counter_wall,sixty_counterwall_jace,sixty_counterwall_jace,outcome_ranker_blend_counter_rev0025,counterfactual_ranker_blend_counter_rev0049,land_band_business,mulligan_outcome_ranker_rev0027,40,0,4949134,4949134,5949137,1,0.0,1.0,0.0,1.0,False,False,player_0_attempted_to_draw_from_empty_library,495,0,51,draw_half_reporting_terminal_only_training,public_decision_frame,0.0,1.0,g00134_life40_sp0_outcome_counter_wall_vs_cf49_counter_wall_r0,900,True,terminal
rev0049,outcome_counter_wall,cf49_counter_wall,sixty_counterwall_jace,sixty_counterwall_jace,outcome_ranker_blend_counter_rev0025,counterfactual_ranker_blend_counter_rev0049,land_band_business,mulligan_outcome_ranker_rev0027,40,1,4949135,4949135,5949138,1,0.0,1.0,0.0,1.0,False,False,player_0_attempted_to_draw_from_empty_library,403,0,31,draw_half_reporting_terminal_only_training,public_decision_frame,0.0,1.0,g00135_life40_sp1_outcome_counter_wall_vs_cf49_counter_wall_r0,900,True,terminal
rev0049,outcome_counter_wall,cf49_threat_overlord,sixty_counterwall_jace,forty_overlord_impending,outcome_ranker_blend_counter_rev0025,counterfactual_ranker_blend_threat_rev0049,land_band_business,land_band_business,40,0,4949136,4949136,5949139,0,1.0,0.0,1.0,0.0,False,False,player_1_attempted_to_draw_from_empty_library,370,0,27,draw_half_reporting_terminal_only_training,public_decision_frame,1.0,0.0,g00136_life40_sp0_outcome_counter_wall_vs_cf49_threat_overlord_r0,900,True,terminal
rev0049,outcome_counter_wall,cf49_threat_overlord,sixty_counterwall_jace,forty_overlord_impending,outcome_ranker_blend_counter_rev0025,counterfactual_ranker_blend_threat_rev0049,land_band_business,land_band_business,40,1,4949137,4949137,5949140,0,1.0,0.0,1.0,0.0,False,False,player_1_attempted_to_draw_from_empty_library,226,0,16,draw_half_reporting_terminal_only_training,public_decision_frame,1.0,0.0,g00137_life40_sp1_outcome_counter_wall_vs_cf49_threat_overlord_r0,900,True,terminal
rev0049,outcome_counter_wall,cf47_counter_wall,sixty_counterwall_jace,sixty_counterwall_jace,outcome_ranker_blend_counter_rev0025,counterfactual_ranker_blend_counter_rev0047,land_band_business,mulligan_outcome_ranker_rev0027,40,0,4949138,4949138,5949141,0,1.0,0.0,1.0,0.0,False,False,player_1_attempted_to_draw_from_empty_library,518,0,54,draw_half_reporting_terminal_only_training,public_decision_frame,1.0,0.0,g00138_life40_sp0_outcome_counter_wall_vs_cf47_counter_wall_r0,900,True,terminal
rev0049,outcome_counter_wall,cf47_counter_wall,sixty_counterwall_jace,sixty_counterwall_jace,outcome_ranker_blend_counter_rev0025,counterfactual_ranker_blend_counter_rev0047,land_band_business,mulligan_outcome_ranker_rev0027,40,1,4949139,4949139,5949142,0,1.0,0.0,1.0,0.0,False,False,player_1_attempted_to_draw_from_empty_library,359,0,29,draw_half_reporting_terminal_only_training,public_decision_frame,1.0,0.0,g00139_life40_sp1_outcome_counter_wall_vs_cf47_counter_wall_r0,900,True,terminal
rev0049,outcome_counter_wall,cf34_counter_wall,sixty_counterwall_jace,sixty_counterwall_jace,outcome_ranker_blend_counter_rev0025,counterfactual_ranker_blend_counter_rev0034,land_band_business,mulligan_outcome_ranker_rev0027,40,0,4949140,4949140,5949143,1,0.0,1.0,0.0,1.0,False,False,player_0_attempted_to_draw_from_empty_library,375,0,30,draw_half_reporting_terminal_only_training,public_decision_frame,0.0,1.0,g00140_life40_sp0_outcome_counter_wall_vs_cf34_counter_wall_r0,900,True,terminal
rev0049,outcome_counter_wall,cf34_counter_wall,sixty_counterwall_jace,sixty_counterwall_jace,outcome_ranker_blend_counter_rev0025,counterfactual_ranker_blend_counter_rev0034,land_band_business,mulligan_outcome_ranker_rev0027,40,1,4949141,4949141,5949144,1,0.0,1.0,0.0,1.0,False,False,player_0_attempted_to_draw_from_empty_library,366,0,29,draw_half_reporting_terminal_only_training,public_decision_frame,0.0,1.0,g00141_life40_sp1_outcome_counter_wall_vs_cf34_counter_wall_r0,900,True,terminal
rev0049,outcome_counter_wall,outcome_counter_wall,sixty_counterwall_jace,sixty_counterwall_jace,outcome_ranker_blend_counter_rev0025,outcome_ranker_blend_counter_rev0025,land_band_business,land_band_business,40,0,4949142,4949142,5949145,0,1.0,0.0,1.0,0.0,False,False,player_1_attempted_to_draw_from_empty_library,490,0,48,draw_half_reporting_terminal_only_training,public_decision_frame,1.0,0.0,g00142_life40_sp0_outcome_counter_wall_vs_outcome_counter_wall_r0,900,True,terminal
rev0049,outcome_counter_wall,outcome_counter_wall,sixty_counterwall_jace,sixty_counterwall_jace,outcome_ranker_blend_counter_rev0025,outcome_ranker_blend_counter_rev0025,land_band_business,land_band_business,40,1,4949143,4949143,5949146,1,0.0,1.0,0.0,1.0,False,False,player_0_attempted_to_draw_from_empty_library,436,0,39,draw_half_reporting_terminal_only_training,public_decision_frame,0.0,1.0,g00143_life40_sp1_outcome_counter_wall_vs_outcome_counter_wall_r0,900,True,terminal
