revision,situation_id,source_candidate_id,behavior_game_id,step,player,action_count,behavior_chosen_index,behavior_chosen_action,screen_unique_votes,screen_vote_entropy_proxy,screen_score,screener,action_index,action
rev0044,rev0044_s0000_acf_g0008_life20_outcome_fjace_vs_cf35_counter_wall_step0067,rev0044_cand0824_acf_g0008_life20_outcome_fjace_vs_cf35_counter_wall_step0067,acf_g0008_life20_outcome_fjace_vs_cf35_counter_wall,67,0,22,11,"CHOOSE_FOR_EFFECT(effect=jace_brainstorm_putback, first_draw=Island, second_draw=ForceOfWill)",3,0.4,0.6175806451612903,counter_happy,20,"CHOOSE_FOR_EFFECT(effect=jace_brainstorm_putback, first_draw=OverlordOfTheFloodpits, second_draw=Island)"
rev0044,rev0044_s0000_acf_g0008_life20_outcome_fjace_vs_cf35_counter_wall_step0067,rev0044_cand0824_acf_g0008_life20_outcome_fjace_vs_cf35_counter_wall_step0067,acf_g0008_life20_outcome_fjace_vs_cf35_counter_wall,67,0,22,11,"CHOOSE_FOR_EFFECT(effect=jace_brainstorm_putback, first_draw=Island, second_draw=ForceOfWill)",3,0.4,0.6175806451612903,threat_rush,20,"CHOOSE_FOR_EFFECT(effect=jace_brainstorm_putback, first_draw=OverlordOfTheFloodpits, second_draw=Island)"
rev0044,rev0044_s0000_acf_g0008_life20_outcome_fjace_vs_cf35_counter_wall_step0067,rev0044_cand0824_acf_g0008_life20_outcome_fjace_vs_cf35_counter_wall_step0067,acf_g0008_life20_outcome_fjace_vs_cf35_counter_wall,67,0,22,11,"CHOOSE_FOR_EFFECT(effect=jace_brainstorm_putback, first_draw=Island, second_draw=ForceOfWill)",3,0.4,0.6175806451612903,patient,13,"CHOOSE_FOR_EFFECT(effect=jace_brainstorm_putback, first_draw=Island, second_draw=OverlordOfTheFloodpits)"
rev0044,rev0044_s0000_acf_g0008_life20_outcome_fjace_vs_cf35_counter_wall_step0067,rev0044_cand0824_acf_g0008_life20_outcome_fjace_vs_cf35_counter_wall_step0067,acf_g0008_life20_outcome_fjace_vs_cf35_counter_wall,67,0,22,11,"CHOOSE_FOR_EFFECT(effect=jace_brainstorm_putback, first_draw=Island, second_draw=ForceOfWill)",3,0.4,0.6175806451612903,code_jace_lock_rev0013,21,"CHOOSE_FOR_EFFECT(effect=jace_brainstorm_putback, first_draw=OverlordOfTheFloodpits, second_draw=JaceTheMindSculptor)"
rev0044,rev0044_s0000_acf_g0008_life20_outcome_fjace_vs_cf35_counter_wall_step0067,rev0044_cand0824_acf_g0008_life20_outcome_fjace_vs_cf35_counter_wall_step0067,acf_g0008_life20_outcome_fjace_vs_cf35_counter_wall,67,0,22,11,"CHOOSE_FOR_EFFECT(effect=jace_brainstorm_putback, first_draw=Island, second_draw=ForceOfWill)",3,0.4,0.6175806451612903,outcome_ranker_blend_counter_rev0025,20,"CHOOSE_FOR_EFFECT(effect=jace_brainstorm_putback, first_draw=OverlordOfTheFloodpits, second_draw=Island)"
rev0044,rev0044_s0001_acf_g0001_life20_outcome_fjace_vs_outcome_threat_fovr_step0051,rev0044_cand0134_acf_g0001_life20_outcome_fjace_vs_outcome_threat_fovr_step0051,acf_g0001_life20_outcome_fjace_vs_outcome_threat_fovr,51,1,15,10,"CHOOSE_FOR_EFFECT(effect=jace_brainstorm_putback, first_draw=Island, second_draw=OverlordOfTheFloodpits)",3,0.6,0.6675806451612903,counter_happy,10,"CHOOSE_FOR_EFFECT(effect=jace_brainstorm_putback, first_draw=Island, second_draw=OverlordOfTheFloodpits)"
rev0044,rev0044_s0001_acf_g0001_life20_outcome_fjace_vs_outcome_threat_fovr_step0051,rev0044_cand0134_acf_g0001_life20_outcome_fjace_vs_outcome_threat_fovr_step0051,acf_g0001_life20_outcome_fjace_vs_outcome_threat_fovr,51,1,15,10,"CHOOSE_FOR_EFFECT(effect=jace_brainstorm_putback, first_draw=Island, second_draw=OverlordOfTheFloodpits)",3,0.6,0.6675806451612903,threat_rush,13,"CHOOSE_FOR_EFFECT(effect=jace_brainstorm_putback, first_draw=OverlordOfTheFloodpits, second_draw=Island)"
rev0044,rev0044_s0001_acf_g0001_life20_outcome_fjace_vs_outcome_threat_fovr_step0051,rev0044_cand0134_acf_g0001_life20_outcome_fjace_vs_outcome_threat_fovr_step0051,acf_g0001_life20_outcome_fjace_vs_outcome_threat_fovr,51,1,15,10,"CHOOSE_FOR_EFFECT(effect=jace_brainstorm_putback, first_draw=Island, second_draw=OverlordOfTheFloodpits)",3,0.6,0.6675806451612903,patient,13,"CHOOSE_FOR_EFFECT(effect=jace_brainstorm_putback, first_draw=OverlordOfTheFloodpits, second_draw=Island)"
rev0044,rev0044_s0001_acf_g0001_life20_outcome_fjace_vs_outcome_threat_fovr_step0051,rev0044_cand0134_acf_g0001_life20_outcome_fjace_vs_outcome_threat_fovr_step0051,acf_g0001_life20_outcome_fjace_vs_outcome_threat_fovr,51,1,15,10,"CHOOSE_FOR_EFFECT(effect=jace_brainstorm_putback, first_draw=Island, second_draw=OverlordOfTheFloodpits)",3,0.6,0.6675806451612903,code_jace_lock_rev0013,4,"CHOOSE_FOR_EFFECT(effect=jace_brainstorm_putback, first_draw=ForceOfWill, second_draw=Counterspell)"
rev0044,rev0044_s0001_acf_g0001_life20_outcome_fjace_vs_outcome_threat_fovr_step0051,rev0044_cand0134_acf_g0001_life20_outcome_fjace_vs_outcome_threat_fovr_step0051,acf_g0001_life20_outcome_fjace_vs_outcome_threat_fovr,51,1,15,10,"CHOOSE_FOR_EFFECT(effect=jace_brainstorm_putback, first_draw=Island, second_draw=OverlordOfTheFloodpits)",3,0.6,0.6675806451612903,outcome_ranker_blend_counter_rev0025,10,"CHOOSE_FOR_EFFECT(effect=jace_brainstorm_putback, first_draw=Island, second_draw=OverlordOfTheFloodpits)"
rev0044,rev0044_s0002_acf_g0011_life20_outcome_threat_fovr_vs_outcome_fjace_step0035,rev0044_cand1083_acf_g0011_life20_outcome_threat_fovr_vs_outcome_fjace_step0035,acf_g0011_life20_outcome_threat_fovr_vs_outcome_fjace,35,1,14,8,"CHOOSE_FOR_EFFECT(effect=jace_brainstorm_putback, first_draw=Island, second_draw=ForceOfWill)",3,0.6,0.6507142857142857,counter_happy,9,"CHOOSE_FOR_EFFECT(effect=jace_brainstorm_putback, first_draw=Island, second_draw=JaceTheMindSculptor)"
rev0044,rev0044_s0002_acf_g0011_life20_outcome_threat_fovr_vs_outcome_fjace_step0035,rev0044_cand1083_acf_g0011_life20_outcome_threat_fovr_vs_outcome_fjace_step0035,acf_g0011_life20_outcome_threat_fovr_vs_outcome_fjace,35,1,14,8,"CHOOSE_FOR_EFFECT(effect=jace_brainstorm_putback, first_draw=Island, second_draw=ForceOfWill)",3,0.6,0.6507142857142857,threat_rush,9,"CHOOSE_FOR_EFFECT(effect=jace_brainstorm_putback, first_draw=Island, second_draw=JaceTheMindSculptor)"
rev0044,rev0044_s0002_acf_g0011_life20_outcome_threat_fovr_vs_outcome_fjace_step0035,rev0044_cand1083_acf_g0011_life20_outcome_threat_fovr_vs_outcome_fjace_step0035,acf_g0011_life20_outcome_threat_fovr_vs_outcome_fjace,35,1,14,8,"CHOOSE_FOR_EFFECT(effect=jace_brainstorm_putback, first_draw=Island, second_draw=ForceOfWill)",3,0.6,0.6507142857142857,patient,12,"CHOOSE_FOR_EFFECT(effect=jace_brainstorm_putback, first_draw=JaceTheMindSculptor, second_draw=Island)"
rev0044,rev0044_s0002_acf_g0011_life20_outcome_threat_fovr_vs_outcome_fjace_step0035,rev0044_cand1083_acf_g0011_life20_outcome_threat_fovr_vs_outcome_fjace_step0035,acf_g0011_life20_outcome_threat_fovr_vs_outcome_fjace,35,1,14,8,"CHOOSE_FOR_EFFECT(effect=jace_brainstorm_putback, first_draw=Island, second_draw=ForceOfWill)",3,0.6,0.6507142857142857,code_jace_lock_rev0013,1,"CHOOSE_FOR_EFFECT(effect=jace_brainstorm_putback, first_draw=Counterspell, second_draw=ForceOfWill)"
rev0044,rev0044_s0002_acf_g0011_life20_outcome_threat_fovr_vs_outcome_fjace_step0035,rev0044_cand1083_acf_g0011_life20_outcome_threat_fovr_vs_outcome_fjace_step0035,acf_g0011_life20_outcome_threat_fovr_vs_outcome_fjace,35,1,14,8,"CHOOSE_FOR_EFFECT(effect=jace_brainstorm_putback, first_draw=Island, second_draw=ForceOfWill)",3,0.6,0.6507142857142857,outcome_ranker_blend_counter_rev0025,12,"CHOOSE_FOR_EFFECT(effect=jace_brainstorm_putback, first_draw=JaceTheMindSculptor, second_draw=Island)"
rev0044,rev0044_s0003_acf_g0018_life20_outcome_threat_fovr_vs_cf35_fjace_step0125,rev0044_cand1756_acf_g0018_life20_outcome_threat_fovr_vs_cf35_fjace_step0125,acf_g0018_life20_outcome_threat_fovr_vs_cf35_fjace,125,0,14,10,"CHOOSE_FOR_EFFECT(effect=jace_brainstorm_putback, first_draw=Island, second_draw=OverlordOfTheFloodpits)",3,0.4,0.6032949308755761,counter_happy,13,"CHOOSE_FOR_EFFECT(effect=jace_brainstorm_putback, first_draw=OverlordOfTheFloodpits, second_draw=Island)"
rev0044,rev0044_s0003_acf_g0018_life20_outcome_threat_fovr_vs_cf35_fjace_step0125,rev0044_cand1756_acf_g0018_life20_outcome_threat_fovr_vs_cf35_fjace_step0125,acf_g0018_life20_outcome_threat_fovr_vs_cf35_fjace,125,0,14,10,"CHOOSE_FOR_EFFECT(effect=jace_brainstorm_putback, first_draw=Island, second_draw=OverlordOfTheFloodpits)",3,0.4,0.6032949308755761,threat_rush,10,"CHOOSE_FOR_EFFECT(effect=jace_brainstorm_putback, first_draw=Island, second_draw=OverlordOfTheFloodpits)"
rev0044,rev0044_s0003_acf_g0018_life20_outcome_threat_fovr_vs_cf35_fjace_step0125,rev0044_cand1756_acf_g0018_life20_outcome_threat_fovr_vs_cf35_fjace_step0125,acf_g0018_life20_outcome_threat_fovr_vs_cf35_fjace,125,0,14,10,"CHOOSE_FOR_EFFECT(effect=jace_brainstorm_putback, first_draw=Island, second_draw=OverlordOfTheFloodpits)",3,0.4,0.6032949308755761,patient,10,"CHOOSE_FOR_EFFECT(effect=jace_brainstorm_putback, first_draw=Island, second_draw=OverlordOfTheFloodpits)"
rev0044,rev0044_s0003_acf_g0018_life20_outcome_threat_fovr_vs_cf35_fjace_step0125,rev0044_cand1756_acf_g0018_life20_outcome_threat_fovr_vs_cf35_fjace_step0125,acf_g0018_life20_outcome_threat_fovr_vs_cf35_fjace,125,0,14,10,"CHOOSE_FOR_EFFECT(effect=jace_brainstorm_putback, first_draw=Island, second_draw=OverlordOfTheFloodpits)",3,0.4,0.6032949308755761,code_jace_lock_rev0013,1,"CHOOSE_FOR_EFFECT(effect=jace_brainstorm_putback, first_draw=Counterspell, second_draw=ForceOfWill)"
rev0044,rev0044_s0003_acf_g0018_life20_outcome_threat_fovr_vs_cf35_fjace_step0125,rev0044_cand1756_acf_g0018_life20_outcome_threat_fovr_vs_cf35_fjace_step0125,acf_g0018_life20_outcome_threat_fovr_vs_cf35_fjace,125,0,14,10,"CHOOSE_FOR_EFFECT(effect=jace_brainstorm_putback, first_draw=Island, second_draw=OverlordOfTheFloodpits)",3,0.4,0.6032949308755761,outcome_ranker_blend_counter_rev0025,10,"CHOOSE_FOR_EFFECT(effect=jace_brainstorm_putback, first_draw=Island, second_draw=OverlordOfTheFloodpits)"
rev0044,rev0044_s0004_acf_g0019_life20_outcome_threat_fovr_vs_cf35_counter_wall_step0082,rev0044_cand1842_acf_g0019_life20_outcome_threat_fovr_vs_cf35_counter_wall_step0082,acf_g0019_life20_outcome_threat_fovr_vs_cf35_counter_wall,82,1,13,12,"CHOOSE_FOR_EFFECT(effect=jace_brainstorm_putback, first_draw=JaceTheMindSculptor, second_draw=Island)",3,0.6,0.6364285714285715,counter_happy,12,"CHOOSE_FOR_EFFECT(effect=jace_brainstorm_putback, first_draw=JaceTheMindSculptor, second_draw=Island)"
rev0044,rev0044_s0004_acf_g0019_life20_outcome_threat_fovr_vs_cf35_counter_wall_step0082,rev0044_cand1842_acf_g0019_life20_outcome_threat_fovr_vs_cf35_counter_wall_step0082,acf_g0019_life20_outcome_threat_fovr_vs_cf35_counter_wall,82,1,13,12,"CHOOSE_FOR_EFFECT(effect=jace_brainstorm_putback, first_draw=JaceTheMindSculptor, second_draw=Island)",3,0.6,0.6364285714285715,threat_rush,9,"CHOOSE_FOR_EFFECT(effect=jace_brainstorm_putback, first_draw=Island, second_draw=JaceTheMindSculptor)"
rev0044,rev0044_s0004_acf_g0019_life20_outcome_threat_fovr_vs_cf35_counter_wall_step0082,rev0044_cand1842_acf_g0019_life20_outcome_threat_fovr_vs_cf35_counter_wall_step0082,acf_g0019_life20_outcome_threat_fovr_vs_cf35_counter_wall,82,1,13,12,"CHOOSE_FOR_EFFECT(effect=jace_brainstorm_putback, first_draw=JaceTheMindSculptor, second_draw=Island)",3,0.6,0.6364285714285715,patient,9,"CHOOSE_FOR_EFFECT(effect=jace_brainstorm_putback, first_draw=Island, second_draw=JaceTheMindSculptor)"
rev0044,rev0044_s0004_acf_g0019_life20_outcome_threat_fovr_vs_cf35_counter_wall_step0082,rev0044_cand1842_acf_g0019_life20_outcome_threat_fovr_vs_cf35_counter_wall_step0082,acf_g0019_life20_outcome_threat_fovr_vs_cf35_counter_wall,82,1,13,12,"CHOOSE_FOR_EFFECT(effect=jace_brainstorm_putback, first_draw=JaceTheMindSculptor, second_draw=Island)",3,0.6,0.6364285714285715,code_jace_lock_rev0013,1,"CHOOSE_FOR_EFFECT(effect=jace_brainstorm_putback, first_draw=Counterspell, second_draw=ForceOfWill)"
rev0044,rev0044_s0004_acf_g0019_life20_outcome_threat_fovr_vs_cf35_counter_wall_step0082,rev0044_cand1842_acf_g0019_life20_outcome_threat_fovr_vs_cf35_counter_wall_step0082,acf_g0019_life20_outcome_threat_fovr_vs_cf35_counter_wall,82,1,13,12,"CHOOSE_FOR_EFFECT(effect=jace_brainstorm_putback, first_draw=JaceTheMindSculptor, second_draw=Island)",3,0.6,0.6364285714285715,outcome_ranker_blend_counter_rev0025,12,"CHOOSE_FOR_EFFECT(effect=jace_brainstorm_putback, first_draw=JaceTheMindSculptor, second_draw=Island)"
rev0044,rev0044_s0005_acf_g0008_life20_outcome_fjace_vs_cf35_counter_wall_step0057,rev0044_cand0820_acf_g0008_life20_outcome_fjace_vs_cf35_counter_wall_step0057,acf_g0008_life20_outcome_fjace_vs_cf35_counter_wall,57,0,14,7,"CHOOSE_FOR_EFFECT(effect=jace_brainstorm_putback, first_draw=ForceOfWill, second_draw=JaceTheMindSculptor)",3,0.4,0.6007142857142858,counter_happy,13,"CHOOSE_FOR_EFFECT(effect=jace_brainstorm_putback, first_draw=JaceTheMindSculptor, second_draw=Island)"
rev0044,rev0044_s0005_acf_g0008_life20_outcome_fjace_vs_cf35_counter_wall_step0057,rev0044_cand0820_acf_g0008_life20_outcome_fjace_vs_cf35_counter_wall_step0057,acf_g0008_life20_outcome_fjace_vs_cf35_counter_wall,57,0,14,7,"CHOOSE_FOR_EFFECT(effect=jace_brainstorm_putback, first_draw=ForceOfWill, second_draw=JaceTheMindSculptor)",3,0.4,0.6007142857142858,threat_rush,13,"CHOOSE_FOR_EFFECT(effect=jace_brainstorm_putback, first_draw=JaceTheMindSculptor, second_draw=Island)"
rev0044,rev0044_s0005_acf_g0008_life20_outcome_fjace_vs_cf35_counter_wall_step0057,rev0044_cand0820_acf_g0008_life20_outcome_fjace_vs_cf35_counter_wall_step0057,acf_g0008_life20_outcome_fjace_vs_cf35_counter_wall,57,0,14,7,"CHOOSE_FOR_EFFECT(effect=jace_brainstorm_putback, first_draw=ForceOfWill, second_draw=JaceTheMindSculptor)",3,0.4,0.6007142857142858,patient,10,"CHOOSE_FOR_EFFECT(effect=jace_brainstorm_putback, first_draw=Island, second_draw=JaceTheMindSculptor)"
rev0044,rev0044_s0005_acf_g0008_life20_outcome_fjace_vs_cf35_counter_wall_step0057,rev0044_cand0820_acf_g0008_life20_outcome_fjace_vs_cf35_counter_wall_step0057,acf_g0008_life20_outcome_fjace_vs_cf35_counter_wall,57,0,14,7,"CHOOSE_FOR_EFFECT(effect=jace_brainstorm_putback, first_draw=ForceOfWill, second_draw=JaceTheMindSculptor)",3,0.4,0.6007142857142858,code_jace_lock_rev0013,3,"CHOOSE_FOR_EFFECT(effect=jace_brainstorm_putback, first_draw=Counterspell, second_draw=JaceTheMindSculptor)"
rev0044,rev0044_s0005_acf_g0008_life20_outcome_fjace_vs_cf35_counter_wall_step0057,rev0044_cand0820_acf_g0008_life20_outcome_fjace_vs_cf35_counter_wall_step0057,acf_g0008_life20_outcome_fjace_vs_cf35_counter_wall,57,0,14,7,"CHOOSE_FOR_EFFECT(effect=jace_brainstorm_putback, first_draw=ForceOfWill, second_draw=JaceTheMindSculptor)",3,0.4,0.6007142857142858,outcome_ranker_blend_counter_rev0025,13,"CHOOSE_FOR_EFFECT(effect=jace_brainstorm_putback, first_draw=JaceTheMindSculptor, second_draw=Island)"
rev0044,rev0044_s0006_acf_g0010_life20_outcome_fjace_vs_cf36_counter_wall_step0176,rev0044_cand1043_acf_g0010_life20_outcome_fjace_vs_cf36_counter_wall_step0176,acf_g0010_life20_outcome_fjace_vs_cf36_counter_wall,176,0,14,13,"CHOOSE_FOR_EFFECT(effect=jace_brainstorm_putback, first_draw=JaceTheMindSculptor, second_draw=Island)",3,0.4,0.6007142857142858,counter_happy,10,"CHOOSE_FOR_EFFECT(effect=jace_brainstorm_putback, first_draw=Island, second_draw=JaceTheMindSculptor)"
rev0044,rev0044_s0006_acf_g0010_life20_outcome_fjace_vs_cf36_counter_wall_step0176,rev0044_cand1043_acf_g0010_life20_outcome_fjace_vs_cf36_counter_wall_step0176,acf_g0010_life20_outcome_fjace_vs_cf36_counter_wall,176,0,14,13,"CHOOSE_FOR_EFFECT(effect=jace_brainstorm_putback, first_draw=JaceTheMindSculptor, second_draw=Island)",3,0.4,0.6007142857142858,threat_rush,10,"CHOOSE_FOR_EFFECT(effect=jace_brainstorm_putback, first_draw=Island, second_draw=JaceTheMindSculptor)"
rev0044,rev0044_s0006_acf_g0010_life20_outcome_fjace_vs_cf36_counter_wall_step0176,rev0044_cand1043_acf_g0010_life20_outcome_fjace_vs_cf36_counter_wall_step0176,acf_g0010_life20_outcome_fjace_vs_cf36_counter_wall,176,0,14,13,"CHOOSE_FOR_EFFECT(effect=jace_brainstorm_putback, first_draw=JaceTheMindSculptor, second_draw=Island)",3,0.4,0.6007142857142858,patient,13,"CHOOSE_FOR_EFFECT(effect=jace_brainstorm_putback, first_draw=JaceTheMindSculptor, second_draw=Island)"
rev0044,rev0044_s0006_acf_g0010_life20_outcome_fjace_vs_cf36_counter_wall_step0176,rev0044_cand1043_acf_g0010_life20_outcome_fjace_vs_cf36_counter_wall_step0176,acf_g0010_life20_outcome_fjace_vs_cf36_counter_wall,176,0,14,13,"CHOOSE_FOR_EFFECT(effect=jace_brainstorm_putback, first_draw=JaceTheMindSculptor, second_draw=Island)",3,0.4,0.6007142857142858,code_jace_lock_rev0013,12,"CHOOSE_FOR_EFFECT(effect=jace_brainstorm_putback, first_draw=JaceTheMindSculptor, second_draw=ForceOfWill)"
rev0044,rev0044_s0006_acf_g0010_life20_outcome_fjace_vs_cf36_counter_wall_step0176,rev0044_cand1043_acf_g0010_life20_outcome_fjace_vs_cf36_counter_wall_step0176,acf_g0010_life20_outcome_fjace_vs_cf36_counter_wall,176,0,14,13,"CHOOSE_FOR_EFFECT(effect=jace_brainstorm_putback, first_draw=JaceTheMindSculptor, second_draw=Island)",3,0.4,0.6007142857142858,outcome_ranker_blend_counter_rev0025,10,"CHOOSE_FOR_EFFECT(effect=jace_brainstorm_putback, first_draw=Island, second_draw=JaceTheMindSculptor)"
rev0044,rev0044_s0007_acf_g0016_life20_outcome_threat_fovr_vs_cf38_counter_wall_step0124,rev0044_cand1581_acf_g0016_life20_outcome_threat_fovr_vs_cf38_counter_wall_step0124,acf_g0016_life20_outcome_threat_fovr_vs_cf38_counter_wall,124,0,14,10,"CHOOSE_FOR_EFFECT(effect=jace_brainstorm_putback, first_draw=Island, second_draw=JaceTheMindSculptor)",3,0.4,0.6007142857142858,counter_happy,13,"CHOOSE_FOR_EFFECT(effect=jace_brainstorm_putback, first_draw=JaceTheMindSculptor, second_draw=Island)"
rev0044,rev0044_s0007_acf_g0016_life20_outcome_threat_fovr_vs_cf38_counter_wall_step0124,rev0044_cand1581_acf_g0016_life20_outcome_threat_fovr_vs_cf38_counter_wall_step0124,acf_g0016_life20_outcome_threat_fovr_vs_cf38_counter_wall,124,0,14,10,"CHOOSE_FOR_EFFECT(effect=jace_brainstorm_putback, first_draw=Island, second_draw=JaceTheMindSculptor)",3,0.4,0.6007142857142858,threat_rush,10,"CHOOSE_FOR_EFFECT(effect=jace_brainstorm_putback, first_draw=Island, second_draw=JaceTheMindSculptor)"
rev0044,rev0044_s0007_acf_g0016_life20_outcome_threat_fovr_vs_cf38_counter_wall_step0124,rev0044_cand1581_acf_g0016_life20_outcome_threat_fovr_vs_cf38_counter_wall_step0124,acf_g0016_life20_outcome_threat_fovr_vs_cf38_counter_wall,124,0,14,10,"CHOOSE_FOR_EFFECT(effect=jace_brainstorm_putback, first_draw=Island, second_draw=JaceTheMindSculptor)",3,0.4,0.6007142857142858,patient,10,"CHOOSE_FOR_EFFECT(effect=jace_brainstorm_putback, first_draw=Island, second_draw=JaceTheMindSculptor)"
rev0044,rev0044_s0007_acf_g0016_life20_outcome_threat_fovr_vs_cf38_counter_wall_step0124,rev0044_cand1581_acf_g0016_life20_outcome_threat_fovr_vs_cf38_counter_wall_step0124,acf_g0016_life20_outcome_threat_fovr_vs_cf38_counter_wall,124,0,14,10,"CHOOSE_FOR_EFFECT(effect=jace_brainstorm_putback, first_draw=Island, second_draw=JaceTheMindSculptor)",3,0.4,0.6007142857142858,code_jace_lock_rev0013,6,"CHOOSE_FOR_EFFECT(effect=jace_brainstorm_putback, first_draw=ForceOfWill, second_draw=Island)"
rev0044,rev0044_s0007_acf_g0016_life20_outcome_threat_fovr_vs_cf38_counter_wall_step0124,rev0044_cand1581_acf_g0016_life20_outcome_threat_fovr_vs_cf38_counter_wall_step0124,acf_g0016_life20_outcome_threat_fovr_vs_cf38_counter_wall,124,0,14,10,"CHOOSE_FOR_EFFECT(effect=jace_brainstorm_putback, first_draw=Island, second_draw=JaceTheMindSculptor)",3,0.4,0.6007142857142858,outcome_ranker_blend_counter_rev0025,10,"CHOOSE_FOR_EFFECT(effect=jace_brainstorm_putback, first_draw=Island, second_draw=JaceTheMindSculptor)"
rev0044,rev0044_s0008_acf_g0010_life20_outcome_fjace_vs_cf36_counter_wall_step0164,rev0044_cand1037_acf_g0010_life20_outcome_fjace_vs_cf36_counter_wall_step0164,acf_g0010_life20_outcome_fjace_vs_cf36_counter_wall,164,0,13,2,"CHOOSE_FOR_EFFECT(effect=jace_brainstorm_putback, first_draw=Counterspell, second_draw=JaceTheMindSculptor)",3,0.6,0.6336699507389163,counter_happy,9,"CHOOSE_FOR_EFFECT(effect=jace_brainstorm_putback, first_draw=Island, second_draw=JaceTheMindSculptor)"
rev0044,rev0044_s0008_acf_g0010_life20_outcome_fjace_vs_cf36_counter_wall_step0164,rev0044_cand1037_acf_g0010_life20_outcome_fjace_vs_cf36_counter_wall_step0164,acf_g0010_life20_outcome_fjace_vs_cf36_counter_wall,164,0,13,2,"CHOOSE_FOR_EFFECT(effect=jace_brainstorm_putback, first_draw=Counterspell, second_draw=JaceTheMindSculptor)",3,0.6,0.6336699507389163,threat_rush,12,"CHOOSE_FOR_EFFECT(effect=jace_brainstorm_putback, first_draw=JaceTheMindSculptor, second_draw=Island)"
rev0044,rev0044_s0008_acf_g0010_life20_outcome_fjace_vs_cf36_counter_wall_step0164,rev0044_cand1037_acf_g0010_life20_outcome_fjace_vs_cf36_counter_wall_step0164,acf_g0010_life20_outcome_fjace_vs_cf36_counter_wall,164,0,13,2,"CHOOSE_FOR_EFFECT(effect=jace_brainstorm_putback, first_draw=Counterspell, second_draw=JaceTheMindSculptor)",3,0.6,0.6336699507389163,patient,9,"CHOOSE_FOR_EFFECT(effect=jace_brainstorm_putback, first_draw=Island, second_draw=JaceTheMindSculptor)"
rev0044,rev0044_s0008_acf_g0010_life20_outcome_fjace_vs_cf36_counter_wall_step0164,rev0044_cand1037_acf_g0010_life20_outcome_fjace_vs_cf36_counter_wall_step0164,acf_g0010_life20_outcome_fjace_vs_cf36_counter_wall,164,0,13,2,"CHOOSE_FOR_EFFECT(effect=jace_brainstorm_putback, first_draw=Counterspell, second_draw=JaceTheMindSculptor)",3,0.6,0.6336699507389163,code_jace_lock_rev0013,0,"CHOOSE_FOR_EFFECT(effect=jace_brainstorm_putback, first_draw=Counterspell, second_draw=ForceOfWill)"
rev0044,rev0044_s0008_acf_g0010_life20_outcome_fjace_vs_cf36_counter_wall_step0164,rev0044_cand1037_acf_g0010_life20_outcome_fjace_vs_cf36_counter_wall_step0164,acf_g0010_life20_outcome_fjace_vs_cf36_counter_wall,164,0,13,2,"CHOOSE_FOR_EFFECT(effect=jace_brainstorm_putback, first_draw=Counterspell, second_draw=JaceTheMindSculptor)",3,0.6,0.6336699507389163,outcome_ranker_blend_counter_rev0025,12,"CHOOSE_FOR_EFFECT(effect=jace_brainstorm_putback, first_draw=JaceTheMindSculptor, second_draw=Island)"
rev0044,rev0044_s0009_acf_g0000_life20_outcome_fjace_vs_outcome_fjace_step0214,rev0044_cand0104_acf_g0000_life20_outcome_fjace_vs_outcome_fjace_step0214,acf_g0000_life20_outcome_fjace_vs_outcome_fjace,214,1,15,12,"CHOOSE_FOR_EFFECT(effect=jace_brainstorm_putback, first_draw=JaceTheMindSculptor, second_draw=Counterspell)",2,0.19999999999999996,0.5369117647058823,counter_happy,10,"CHOOSE_FOR_EFFECT(effect=jace_brainstorm_putback, first_draw=Island, second_draw=Island)"
rev0044,rev0044_s0009_acf_g0000_life20_outcome_fjace_vs_outcome_fjace_step0214,rev0044_cand0104_acf_g0000_life20_outcome_fjace_vs_outcome_fjace_step0214,acf_g0000_life20_outcome_fjace_vs_outcome_fjace,214,1,15,12,"CHOOSE_FOR_EFFECT(effect=jace_brainstorm_putback, first_draw=JaceTheMindSculptor, second_draw=Counterspell)",2,0.19999999999999996,0.5369117647058823,threat_rush,10,"CHOOSE_FOR_EFFECT(effect=jace_brainstorm_putback, first_draw=Island, second_draw=Island)"
rev0044,rev0044_s0009_acf_g0000_life20_outcome_fjace_vs_outcome_fjace_step0214,rev0044_cand0104_acf_g0000_life20_outcome_fjace_vs_outcome_fjace_step0214,acf_g0000_life20_outcome_fjace_vs_outcome_fjace,214,1,15,12,"CHOOSE_FOR_EFFECT(effect=jace_brainstorm_putback, first_draw=JaceTheMindSculptor, second_draw=Counterspell)",2,0.19999999999999996,0.5369117647058823,patient,10,"CHOOSE_FOR_EFFECT(effect=jace_brainstorm_putback, first_draw=Island, second_draw=Island)"
rev0044,rev0044_s0009_acf_g0000_life20_outcome_fjace_vs_outcome_fjace_step0214,rev0044_cand0104_acf_g0000_life20_outcome_fjace_vs_outcome_fjace_step0214,acf_g0000_life20_outcome_fjace_vs_outcome_fjace,214,1,15,12,"CHOOSE_FOR_EFFECT(effect=jace_brainstorm_putback, first_draw=JaceTheMindSculptor, second_draw=Counterspell)",2,0.19999999999999996,0.5369117647058823,code_jace_lock_rev0013,5,"CHOOSE_FOR_EFFECT(effect=jace_brainstorm_putback, first_draw=ForceOfWill, second_draw=ForceOfWill)"
rev0044,rev0044_s0009_acf_g0000_life20_outcome_fjace_vs_outcome_fjace_step0214,rev0044_cand0104_acf_g0000_life20_outcome_fjace_vs_outcome_fjace_step0214,acf_g0000_life20_outcome_fjace_vs_outcome_fjace,214,1,15,12,"CHOOSE_FOR_EFFECT(effect=jace_brainstorm_putback, first_draw=JaceTheMindSculptor, second_draw=Counterspell)",2,0.19999999999999996,0.5369117647058823,outcome_ranker_blend_counter_rev0025,10,"CHOOSE_FOR_EFFECT(effect=jace_brainstorm_putback, first_draw=Island, second_draw=Island)"
