strategy0,strategy1,starting_life,games,p0_mean_score_draw_half,p1_mean_score_draw_half,p0_terminal_win_rate,mean_decisions,max_decision_games
cf34_counter_wall,cf34_counter_wall,20,2,0.0,1.0,0.0,390.0,0
cf34_counter_wall,cf34_counter_wall,40,2,0.5,0.5,0.5,358.5,0
cf34_counter_wall,cf47_counter_wall,20,2,0.5,0.5,0.5,379.0,0
cf34_counter_wall,cf47_counter_wall,40,2,0.5,0.5,0.5,440.0,0
cf34_counter_wall,cf49_counter_wall,20,2,0.5,0.5,0.5,371.0,0
cf34_counter_wall,cf49_counter_wall,40,2,0.5,0.5,0.5,382.5,0
cf34_counter_wall,cf49_fjace,20,2,1.0,0.0,1.0,287.0,0
cf34_counter_wall,cf49_fjace,40,2,0.5,0.5,0.5,304.5,0
cf34_counter_wall,cf49_threat_overlord,20,2,1.0,0.0,1.0,295.0,0
cf34_counter_wall,cf49_threat_overlord,40,2,0.5,0.5,0.5,267.5,0
cf34_counter_wall,code_jace60,20,2,1.0,0.0,1.0,222.5,0
cf34_counter_wall,code_jace60,40,2,0.0,1.0,0.0,356.5,0
cf34_counter_wall,outcome_counter_wall,20,2,0.5,0.5,0.5,470.0,0
cf34_counter_wall,outcome_counter_wall,40,2,0.5,0.5,0.5,429.0,0
cf34_counter_wall,pub_threat_overlord,20,2,1.0,0.0,1.0,250.0,0
cf34_counter_wall,pub_threat_overlord,40,2,1.0,0.0,1.0,356.5,0
cf47_counter_wall,cf34_counter_wall,20,2,0.5,0.5,0.5,363.5,0
cf47_counter_wall,cf34_counter_wall,40,2,0.5,0.5,0.5,380.5,0
cf47_counter_wall,cf47_counter_wall,20,2,0.5,0.5,0.5,340.0,0
cf47_counter_wall,cf47_counter_wall,40,2,0.5,0.5,0.5,433.5,0
cf47_counter_wall,cf49_counter_wall,20,2,0.5,0.5,0.5,357.0,0
cf47_counter_wall,cf49_counter_wall,40,2,0.5,0.5,0.5,361.5,0
cf47_counter_wall,cf49_fjace,20,2,1.0,0.0,1.0,310.0,0
cf47_counter_wall,cf49_fjace,40,2,0.5,0.5,0.5,314.5,0
cf47_counter_wall,cf49_threat_overlord,20,2,0.5,0.5,0.5,357.5,0
cf47_counter_wall,cf49_threat_overlord,40,2,1.0,0.0,1.0,278.5,0
cf47_counter_wall,code_jace60,20,2,0.5,0.5,0.5,342.5,0
cf47_counter_wall,code_jace60,40,2,0.5,0.5,0.5,436.5,0
cf47_counter_wall,outcome_counter_wall,20,2,0.5,0.5,0.5,424.0,0
cf47_counter_wall,outcome_counter_wall,40,2,0.5,0.5,0.5,527.5,0
cf47_counter_wall,pub_threat_overlord,20,2,1.0,0.0,1.0,296.5,0
cf47_counter_wall,pub_threat_overlord,40,2,1.0,0.0,1.0,226.0,0
cf49_counter_wall,cf34_counter_wall,20,2,0.5,0.5,0.5,414.0,0
cf49_counter_wall,cf34_counter_wall,40,2,0.5,0.5,0.5,379.0,0
cf49_counter_wall,cf47_counter_wall,20,2,1.0,0.0,1.0,394.5,0
cf49_counter_wall,cf47_counter_wall,40,2,0.5,0.5,0.5,409.0,0
cf49_counter_wall,cf49_counter_wall,20,2,0.0,1.0,0.0,409.5,0
cf49_counter_wall,cf49_counter_wall,40,2,0.5,0.5,0.5,399.0,0
cf49_counter_wall,cf49_fjace,20,2,1.0,0.0,1.0,259.5,0
cf49_counter_wall,cf49_fjace,40,2,1.0,0.0,1.0,291.5,0
cf49_counter_wall,cf49_threat_overlord,20,2,0.5,0.5,0.5,348.0,0
cf49_counter_wall,cf49_threat_overlord,40,2,0.5,0.5,0.5,181.5,0
cf49_counter_wall,code_jace60,20,2,0.5,0.5,0.5,155.0,0
cf49_counter_wall,code_jace60,40,2,1.0,0.0,1.0,224.5,0
cf49_counter_wall,outcome_counter_wall,20,2,0.0,1.0,0.0,434.5,0
cf49_counter_wall,outcome_counter_wall,40,2,0.5,0.5,0.5,450.5,0
cf49_counter_wall,pub_threat_overlord,20,2,0.5,0.5,0.5,315.5,0
cf49_counter_wall,pub_threat_overlord,40,2,1.0,0.0,1.0,275.0,0
cf49_fjace,cf34_counter_wall,20,2,0.0,1.0,0.0,271.0,0
cf49_fjace,cf34_counter_wall,40,2,0.5,0.5,0.5,338.5,0
cf49_fjace,cf47_counter_wall,20,2,0.0,1.0,0.0,320.5,0
cf49_fjace,cf47_counter_wall,40,2,0.0,1.0,0.0,304.0,0
cf49_fjace,cf49_counter_wall,20,2,0.0,1.0,0.0,254.5,0
cf49_fjace,cf49_counter_wall,40,2,0.5,0.5,0.5,336.0,0
cf49_fjace,cf49_fjace,20,2,0.5,0.5,0.5,216.5,0
cf49_fjace,cf49_fjace,40,2,0.5,0.5,0.5,197.5,0
cf49_fjace,cf49_threat_overlord,20,2,0.5,0.5,0.5,245.5,0
cf49_fjace,cf49_threat_overlord,40,2,0.5,0.5,0.5,199.0,0
cf49_fjace,code_jace60,20,2,0.0,1.0,0.0,228.0,0
cf49_fjace,code_jace60,40,2,0.5,0.5,0.5,216.5,0
cf49_fjace,outcome_counter_wall,20,2,0.0,1.0,0.0,305.5,0
cf49_fjace,outcome_counter_wall,40,2,0.0,1.0,0.0,281.0,0
cf49_fjace,pub_threat_overlord,20,2,0.5,0.5,0.5,163.0,0
cf49_fjace,pub_threat_overlord,40,2,0.5,0.5,0.5,192.5,0
cf49_threat_overlord,cf34_counter_wall,20,2,0.0,1.0,0.0,289.0,0
cf49_threat_overlord,cf34_counter_wall,40,2,1.0,0.0,1.0,360.5,0
cf49_threat_overlord,cf47_counter_wall,20,2,0.5,0.5,0.5,179.5,0
cf49_threat_overlord,cf47_counter_wall,40,2,0.0,1.0,0.0,339.5,0
cf49_threat_overlord,cf49_counter_wall,20,2,0.0,1.0,0.0,293.5,0
cf49_threat_overlord,cf49_counter_wall,40,2,0.0,1.0,0.0,309.0,0
cf49_threat_overlord,cf49_fjace,20,2,1.0,0.0,1.0,132.0,0
cf49_threat_overlord,cf49_fjace,40,2,0.0,1.0,0.0,199.5,0
cf49_threat_overlord,cf49_threat_overlord,20,2,0.5,0.5,0.5,237.0,0
cf49_threat_overlord,cf49_threat_overlord,40,2,0.5,0.5,0.5,163.5,0
cf49_threat_overlord,code_jace60,20,2,0.5,0.5,0.5,229.0,0
cf49_threat_overlord,code_jace60,40,2,0.0,1.0,0.0,198.0,0
cf49_threat_overlord,outcome_counter_wall,20,2,0.5,0.5,0.5,311.0,0
cf49_threat_overlord,outcome_counter_wall,40,2,0.5,0.5,0.5,283.5,0
cf49_threat_overlord,pub_threat_overlord,20,2,0.0,1.0,0.0,239.5,0
cf49_threat_overlord,pub_threat_overlord,40,2,1.0,0.0,1.0,224.5,0
code_jace60,cf34_counter_wall,20,2,1.0,0.0,1.0,358.5,0
code_jace60,cf34_counter_wall,40,2,1.0,0.0,1.0,191.5,0
code_jace60,cf47_counter_wall,20,2,1.0,0.0,1.0,368.0,0
code_jace60,cf47_counter_wall,40,2,0.5,0.5,0.5,184.5,0
code_jace60,cf49_counter_wall,20,2,1.0,0.0,1.0,266.0,0
code_jace60,cf49_counter_wall,40,2,1.0,0.0,1.0,180.0,0
code_jace60,cf49_fjace,20,2,1.0,0.0,1.0,273.0,0
code_jace60,cf49_fjace,40,2,1.0,0.0,1.0,270.5,0
code_jace60,cf49_threat_overlord,20,2,0.5,0.5,0.5,236.0,0
code_jace60,cf49_threat_overlord,40,2,0.5,0.5,0.5,177.0,0
code_jace60,code_jace60,20,2,0.5,0.5,0.5,186.5,0
code_jace60,code_jace60,40,2,1.0,0.0,1.0,216.5,0
code_jace60,outcome_counter_wall,20,2,0.5,0.5,0.5,389.5,0
code_jace60,outcome_counter_wall,40,2,0.5,0.5,0.5,270.5,0
code_jace60,pub_threat_overlord,20,2,0.5,0.5,0.5,228.0,0
code_jace60,pub_threat_overlord,40,2,0.5,0.5,0.5,203.5,0
outcome_counter_wall,cf34_counter_wall,20,2,0.0,1.0,0.0,423.5,0
outcome_counter_wall,cf34_counter_wall,40,2,0.5,0.5,0.5,382.0,0
outcome_counter_wall,cf47_counter_wall,20,2,0.5,0.5,0.5,351.0,0
outcome_counter_wall,cf47_counter_wall,40,2,0.5,0.5,0.5,468.5,0
outcome_counter_wall,cf49_counter_wall,20,2,0.5,0.5,0.5,455.0,0
outcome_counter_wall,cf49_counter_wall,40,2,0.5,0.5,0.5,396.5,0
outcome_counter_wall,cf49_fjace,20,2,1.0,0.0,1.0,223.5,0
outcome_counter_wall,cf49_fjace,40,2,1.0,0.0,1.0,210.5,0
outcome_counter_wall,cf49_threat_overlord,20,2,0.5,0.5,0.5,206.5,0
outcome_counter_wall,cf49_threat_overlord,40,2,1.0,0.0,1.0,285.5,0
outcome_counter_wall,code_jace60,20,2,0.0,1.0,0.0,398.5,0
outcome_counter_wall,code_jace60,40,2,0.0,1.0,0.0,277.5,0
outcome_counter_wall,outcome_counter_wall,20,2,0.5,0.5,0.5,459.0,0
outcome_counter_wall,outcome_counter_wall,40,2,1.0,0.0,1.0,432.0,0
outcome_counter_wall,pub_threat_overlord,20,2,0.5,0.5,0.5,350.5,0
outcome_counter_wall,pub_threat_overlord,40,2,1.0,0.0,1.0,264.0,0
pub_threat_overlord,cf34_counter_wall,20,2,0.0,1.0,0.0,281.5,0
pub_threat_overlord,cf34_counter_wall,40,2,0.0,1.0,0.0,270.5,0
pub_threat_overlord,cf47_counter_wall,20,2,0.0,1.0,0.0,277.0,0
pub_threat_overlord,cf47_counter_wall,40,2,0.0,1.0,0.0,357.0,0
pub_threat_overlord,cf49_counter_wall,20,2,0.0,1.0,0.0,287.0,0
pub_threat_overlord,cf49_counter_wall,40,2,0.5,0.5,0.5,326.5,0
pub_threat_overlord,cf49_fjace,20,2,0.5,0.5,0.5,230.0,0
pub_threat_overlord,cf49_fjace,40,2,0.0,1.0,0.0,204.0,0
pub_threat_overlord,cf49_threat_overlord,20,2,0.5,0.5,0.5,181.5,0
pub_threat_overlord,cf49_threat_overlord,40,2,1.0,0.0,1.0,233.0,0
pub_threat_overlord,code_jace60,20,2,0.0,1.0,0.0,175.5,0
pub_threat_overlord,code_jace60,40,2,0.0,1.0,0.0,175.5,0
pub_threat_overlord,outcome_counter_wall,20,2,0.5,0.5,0.5,214.0,0
pub_threat_overlord,outcome_counter_wall,40,2,0.0,1.0,0.0,322.0,0
pub_threat_overlord,pub_threat_overlord,20,2,1.0,0.0,1.0,248.0,0
pub_threat_overlord,pub_threat_overlord,40,2,1.0,0.0,1.0,241.5,0
