arm_id,starting_life,ablation_axis,target,opponent,target_result,terminal_mechanism,terminal_loser_role,games,share_of_group
A_original_size_skew,20,none_anchor,cf34_counter_wall,pub_threat_overlord,target_loss,library_out,target,2,0.08333333333333333
A_original_size_skew,20,none_anchor,cf34_counter_wall,pub_threat_overlord,target_loss,life_total,target,5,0.20833333333333334
A_original_size_skew,20,none_anchor,cf34_counter_wall,pub_threat_overlord,target_win,library_out,opponent,17,0.7083333333333334
A_original_size_skew,40,none_anchor,cf34_counter_wall,pub_threat_overlord,target_loss,library_out,target,2,0.08333333333333333
A_original_size_skew,40,none_anchor,cf34_counter_wall,pub_threat_overlord,target_loss,life_total,target,1,0.041666666666666664
A_original_size_skew,40,none_anchor,cf34_counter_wall,pub_threat_overlord,target_win,library_out,opponent,20,0.8333333333333334
A_original_size_skew,40,none_anchor,cf34_counter_wall,pub_threat_overlord,target_win,life_total,opponent,1,0.041666666666666664
G_target_no_jace60,20,target_jace_removed,cf34_counter_wall_no_jace60,pub_threat_overlord,target_loss,life_total,target,11,0.4583333333333333
G_target_no_jace60,20,target_jace_removed,cf34_counter_wall_no_jace60,pub_threat_overlord,target_win,library_out,opponent,12,0.5
G_target_no_jace60,20,target_jace_removed,cf34_counter_wall_no_jace60,pub_threat_overlord,target_win,life_total,opponent,1,0.041666666666666664
G_target_no_jace60,40,target_jace_removed,cf34_counter_wall_no_jace60,pub_threat_overlord,target_loss,life_total,target,4,0.16666666666666666
G_target_no_jace60,40,target_jace_removed,cf34_counter_wall_no_jace60,pub_threat_overlord,target_win,library_out,opponent,18,0.75
G_target_no_jace60,40,target_jace_removed,cf34_counter_wall_no_jace60,pub_threat_overlord,target_win,life_total,opponent,2,0.08333333333333333
H_target_no_counterspell60,20,target_counterspell_removed,cf34_counter_wall_no_counterspell60,pub_threat_overlord,target_loss,life_total,target,9,0.375
H_target_no_counterspell60,20,target_counterspell_removed,cf34_counter_wall_no_counterspell60,pub_threat_overlord,target_win,library_out,opponent,15,0.625
H_target_no_counterspell60,40,target_counterspell_removed,cf34_counter_wall_no_counterspell60,pub_threat_overlord,target_loss,library_out,target,1,0.041666666666666664
H_target_no_counterspell60,40,target_counterspell_removed,cf34_counter_wall_no_counterspell60,pub_threat_overlord,target_loss,life_total,target,2,0.08333333333333333
H_target_no_counterspell60,40,target_counterspell_removed,cf34_counter_wall_no_counterspell60,pub_threat_overlord,target_win,library_out,opponent,20,0.8333333333333334
H_target_no_counterspell60,40,target_counterspell_removed,cf34_counter_wall_no_counterspell60,pub_threat_overlord,target_win,life_total,opponent,1,0.041666666666666664
I_target_no_jace_no_counterspell60,20,target_jace_and_counterspell_removed,cf34_counter_wall_no_jace_no_counterspell60,pub_threat_overlord,target_loss,life_total,target,10,0.4166666666666667
I_target_no_jace_no_counterspell60,20,target_jace_and_counterspell_removed,cf34_counter_wall_no_jace_no_counterspell60,pub_threat_overlord,target_win,library_out,opponent,13,0.5416666666666666
I_target_no_jace_no_counterspell60,20,target_jace_and_counterspell_removed,cf34_counter_wall_no_jace_no_counterspell60,pub_threat_overlord,target_win,life_total,opponent,1,0.041666666666666664
I_target_no_jace_no_counterspell60,40,target_jace_and_counterspell_removed,cf34_counter_wall_no_jace_no_counterspell60,pub_threat_overlord,target_loss,life_total,target,8,0.3333333333333333
I_target_no_jace_no_counterspell60,40,target_jace_and_counterspell_removed,cf34_counter_wall_no_jace_no_counterspell60,pub_threat_overlord,target_win,library_out,opponent,16,0.6666666666666666
J_target_all_island60,20,passive_library_buffer_only,cf34_buffer_only_all_island60,pub_threat_overlord,target_loss,life_total,target,10,0.4166666666666667
J_target_all_island60,20,passive_library_buffer_only,cf34_buffer_only_all_island60,pub_threat_overlord,target_win,library_out,opponent,14,0.5833333333333334
J_target_all_island60,40,passive_library_buffer_only,cf34_buffer_only_all_island60,pub_threat_overlord,target_loss,life_total,target,7,0.2916666666666667
J_target_all_island60,40,passive_library_buffer_only,cf34_buffer_only_all_island60,pub_threat_overlord,target_win,library_out,opponent,17,0.7083333333333334
