cpp_shadow_game_id,seed,starting_life,starting_player,target_seat,threat_seat,threat_declared_attack_actions,threat_declared_attackers_total,threat_declared_attackers_to_player,threat_declared_attack_draw_cost_total,threat_declared_lethal_attack_actions,threat_selfdeck_on_attack_trigger,threat_selfdeck_on_declared_lethal_attack,threat_overlord_cast_draw_events,threat_selfdeck_on_overlord_cast,threat_jace_zero_actions,threat_jace_zero_at_library_le_10,threat_selfdeck_on_jace_zero,threat_ultimate_self_actions,threat_ultimate_opponent_actions,threat_pass_attack_actions,threat_min_library_before_draw_burst,threat_last_action_before_loss,threat_loss_vector,decisions,winner,loss_reason,target_score,threat_score,threat_final_library,target_final_library,threat_final_life,target_final_life,arm_id,question,interpretation,target,opponent,target_deck,opponent_deck,target_agent,opponent_agent,target_mulligan,opponent_mulligan,target_deck_size,opponent_deck_size,target_island_count,target_counterspell_count,target_force_count,target_jace_count,target_overlord_count,opponent_island_count,opponent_counterspell_count,opponent_force_count,opponent_jace_count,opponent_overlord_count,rep,counter_policy_axis,threat_policy_axis,size_axis
g00000_A_closure_counter40_vs_threat40_life20_seat0_sp0_r0,6767000,20,0,0,1,4,4,4,8,1,0,0,5,0,0,0,0,0,0,7,12,,other,133,1,player_0_life_total_zero_or_less,0.0,1.0,10,19,20,-1,A_closure_counter40_vs_threat40,40-vs-40 legal-size response cell.,Library-aware closure baseline repaired in rev0063/rev0064.,guard_counter_wall40,pub_threat40_closure,forty_counterwall_scaled_from60,forty_overlord_impending,counter_guard,threat_closure,mulligan_outcome_ranker_rev0027,land_band_business,40,40,21,10,5,3,1,21,7,4,2,6,0,public_counter_guard,library_aware_threat_closure_targetguarded,counter40_vs_threat40
g00001_A_closure_counter40_vs_threat40_life20_seat0_sp0_r1,6767001,20,0,0,1,0,0,0,0,0,0,0,2,0,0,0,0,0,0,10,29,,selfdeck,121,0,player_1_attempted_to_draw_from_empty_library,1.0,0.0,0,23,19,18,A_closure_counter40_vs_threat40,40-vs-40 legal-size response cell.,Library-aware closure baseline repaired in rev0063/rev0064.,guard_counter_wall40,pub_threat40_closure,forty_counterwall_scaled_from60,forty_overlord_impending,counter_guard,threat_closure,mulligan_outcome_ranker_rev0027,land_band_business,40,40,21,10,5,3,1,21,7,4,2,6,1,public_counter_guard,library_aware_threat_closure_targetguarded,counter40_vs_threat40
g00002_A_closure_counter40_vs_threat40_life20_seat0_sp1_r0,6767002,20,1,0,1,0,0,0,0,0,0,0,1,0,0,0,0,0,1,17,31,,other,175,1,player_0_attempted_to_draw_from_empty_library,0.0,1.0,17,0,19,18,A_closure_counter40_vs_threat40,40-vs-40 legal-size response cell.,Library-aware closure baseline repaired in rev0063/rev0064.,guard_counter_wall40,pub_threat40_closure,forty_counterwall_scaled_from60,forty_overlord_impending,counter_guard,threat_closure,mulligan_outcome_ranker_rev0027,land_band_business,40,40,21,10,5,3,1,21,7,4,2,6,0,public_counter_guard,library_aware_threat_closure_targetguarded,counter40_vs_threat40
g00003_A_closure_counter40_vs_threat40_life20_seat0_sp1_r1,6767003,20,1,0,1,2,2,2,4,0,0,0,7,0,0,0,0,0,0,9,13,,life_total,155,0,player_1_life_total_zero_or_less,1.0,0.0,11,12,-1,9,A_closure_counter40_vs_threat40,40-vs-40 legal-size response cell.,Library-aware closure baseline repaired in rev0063/rev0064.,guard_counter_wall40,pub_threat40_closure,forty_counterwall_scaled_from60,forty_overlord_impending,counter_guard,threat_closure,mulligan_outcome_ranker_rev0027,land_band_business,40,40,21,10,5,3,1,21,7,4,2,6,1,public_counter_guard,library_aware_threat_closure_targetguarded,counter40_vs_threat40
g00004_A_closure_counter40_vs_threat40_life20_seat1_sp0_r0,6767004,20,0,1,0,3,4,4,8,1,0,0,4,0,0,0,0,0,0,9,14,,other,141,0,player_1_life_total_zero_or_less,0.0,1.0,10,22,20,-3,A_closure_counter40_vs_threat40,40-vs-40 legal-size response cell.,Library-aware closure baseline repaired in rev0063/rev0064.,guard_counter_wall40,pub_threat40_closure,forty_counterwall_scaled_from60,forty_overlord_impending,counter_guard,threat_closure,mulligan_outcome_ranker_rev0027,land_band_business,40,40,21,10,5,3,1,21,7,4,2,6,0,public_counter_guard,library_aware_threat_closure_targetguarded,counter40_vs_threat40
g00005_A_closure_counter40_vs_threat40_life20_seat1_sp0_r1,6767005,20,0,1,0,2,2,2,4,0,0,0,10,0,0,0,0,0,0,12,5,,selfdeck,195,1,player_0_attempted_to_draw_from_empty_library,1.0,0.0,0,19,18,10,A_closure_counter40_vs_threat40,40-vs-40 legal-size response cell.,Library-aware closure baseline repaired in rev0063/rev0064.,guard_counter_wall40,pub_threat40_closure,forty_counterwall_scaled_from60,forty_overlord_impending,counter_guard,threat_closure,mulligan_outcome_ranker_rev0027,land_band_business,40,40,21,10,5,3,1,21,7,4,2,6,1,public_counter_guard,library_aware_threat_closure_targetguarded,counter40_vs_threat40
g00006_A_closure_counter40_vs_threat40_life20_seat1_sp1_r0,6767006,20,1,1,0,0,0,0,0,0,0,0,1,0,0,0,0,0,0,12,30,,life_total,135,1,player_0_life_total_zero_or_less,1.0,0.0,0,11,-1,19,A_closure_counter40_vs_threat40,40-vs-40 legal-size response cell.,Library-aware closure baseline repaired in rev0063/rev0064.,guard_counter_wall40,pub_threat40_closure,forty_counterwall_scaled_from60,forty_overlord_impending,counter_guard,threat_closure,mulligan_outcome_ranker_rev0027,land_band_business,40,40,21,10,5,3,1,21,7,4,2,6,0,public_counter_guard,library_aware_threat_closure_targetguarded,counter40_vs_threat40
g00007_A_closure_counter40_vs_threat40_life20_seat1_sp1_r1,6767007,20,1,1,0,3,4,4,8,1,0,0,3,0,0,0,0,0,0,6,16,,other,105,0,player_1_life_total_zero_or_less,0.0,1.0,12,25,18,-2,A_closure_counter40_vs_threat40,40-vs-40 legal-size response cell.,Library-aware closure baseline repaired in rev0063/rev0064.,guard_counter_wall40,pub_threat40_closure,forty_counterwall_scaled_from60,forty_overlord_impending,counter_guard,threat_closure,mulligan_outcome_ranker_rev0027,land_band_business,40,40,21,10,5,3,1,21,7,4,2,6,1,public_counter_guard,library_aware_threat_closure_targetguarded,counter40_vs_threat40
g00008_A_closure_counter40_vs_threat40_life40_seat0_sp0_r0,6767008,40,0,0,1,2,2,2,4,0,0,0,9,0,0,0,0,0,0,13,4,,selfdeck,211,0,player_1_attempted_to_draw_from_empty_library,1.0,0.0,0,4,8,30,A_closure_counter40_vs_threat40,40-vs-40 legal-size response cell.,Library-aware closure baseline repaired in rev0063/rev0064.,guard_counter_wall40,pub_threat40_closure,forty_counterwall_scaled_from60,forty_overlord_impending,counter_guard,threat_closure,mulligan_outcome_ranker_rev0027,land_band_business,40,40,21,10,5,3,1,21,7,4,2,6,0,public_counter_guard,library_aware_threat_closure_targetguarded,counter40_vs_threat40
g00009_A_closure_counter40_vs_threat40_life40_seat0_sp0_r1,6767009,40,0,0,1,0,0,0,0,0,0,0,1,0,0,0,0,0,1,13,30,,selfdeck,150,0,player_1_attempted_to_draw_from_empty_library,1.0,0.0,0,0,40,40,A_closure_counter40_vs_threat40,40-vs-40 legal-size response cell.,Library-aware closure baseline repaired in rev0063/rev0064.,guard_counter_wall40,pub_threat40_closure,forty_counterwall_scaled_from60,forty_overlord_impending,counter_guard,threat_closure,mulligan_outcome_ranker_rev0027,land_band_business,40,40,21,10,5,3,1,21,7,4,2,6,1,public_counter_guard,library_aware_threat_closure_targetguarded,counter40_vs_threat40
g00010_A_closure_counter40_vs_threat40_life40_seat0_sp1_r0,6767010,40,1,0,1,4,5,5,10,0,0,0,5,0,0,0,0,0,1,11,3,,other,175,1,player_0_attempted_to_draw_from_empty_library,0.0,1.0,1,0,38,15,A_closure_counter40_vs_threat40,40-vs-40 legal-size response cell.,Library-aware closure baseline repaired in rev0063/rev0064.,guard_counter_wall40,pub_threat40_closure,forty_counterwall_scaled_from60,forty_overlord_impending,counter_guard,threat_closure,mulligan_outcome_ranker_rev0027,land_band_business,40,40,21,10,5,3,1,21,7,4,2,6,0,public_counter_guard,library_aware_threat_closure_targetguarded,counter40_vs_threat40
g00011_A_closure_counter40_vs_threat40_life40_seat0_sp1_r1,6767011,40,1,0,1,5,8,8,16,1,0,0,3,0,0,0,0,0,0,6,5,,other,124,1,player_0_life_total_zero_or_less,0.0,1.0,3,23,39,-1,A_closure_counter40_vs_threat40,40-vs-40 legal-size response cell.,Library-aware closure baseline repaired in rev0063/rev0064.,guard_counter_wall40,pub_threat40_closure,forty_counterwall_scaled_from60,forty_overlord_impending,counter_guard,threat_closure,mulligan_outcome_ranker_rev0027,land_band_business,40,40,21,10,5,3,1,21,7,4,2,6,1,public_counter_guard,library_aware_threat_closure_targetguarded,counter40_vs_threat40
g00012_A_closure_counter40_vs_threat40_life40_seat1_sp0_r0,6767012,40,0,1,0,0,0,0,0,0,0,0,4,0,0,0,0,0,0,13,26,,selfdeck,140,1,player_0_attempted_to_draw_from_empty_library,1.0,0.0,0,20,39,39,A_closure_counter40_vs_threat40,40-vs-40 legal-size response cell.,Library-aware closure baseline repaired in rev0063/rev0064.,guard_counter_wall40,pub_threat40_closure,forty_counterwall_scaled_from60,forty_overlord_impending,counter_guard,threat_closure,mulligan_outcome_ranker_rev0027,land_band_business,40,40,21,10,5,3,1,21,7,4,2,6,0,public_counter_guard,library_aware_threat_closure_targetguarded,counter40_vs_threat40
g00013_A_closure_counter40_vs_threat40_life40_seat1_sp0_r1,6767013,40,0,1,0,0,0,0,0,0,0,0,1,0,0,0,0,0,0,13,31,,selfdeck,132,1,player_0_attempted_to_draw_from_empty_library,1.0,0.0,0,20,39,39,A_closure_counter40_vs_threat40,40-vs-40 legal-size response cell.,Library-aware closure baseline repaired in rev0063/rev0064.,guard_counter_wall40,pub_threat40_closure,forty_counterwall_scaled_from60,forty_overlord_impending,counter_guard,threat_closure,mulligan_outcome_ranker_rev0027,land_band_business,40,40,21,10,5,3,1,21,7,4,2,6,1,public_counter_guard,library_aware_threat_closure_targetguarded,counter40_vs_threat40
g00014_A_closure_counter40_vs_threat40_life40_seat1_sp1_r0,6767014,40,1,1,0,0,0,0,0,0,0,0,0,0,0,0,0,0,0,14,,,selfdeck,154,1,player_0_attempted_to_draw_from_empty_library,1.0,0.0,0,9,20,38,A_closure_counter40_vs_threat40,40-vs-40 legal-size response cell.,Library-aware closure baseline repaired in rev0063/rev0064.,guard_counter_wall40,pub_threat40_closure,forty_counterwall_scaled_from60,forty_overlord_impending,counter_guard,threat_closure,mulligan_outcome_ranker_rev0027,land_band_business,40,40,21,10,5,3,1,21,7,4,2,6,0,public_counter_guard,library_aware_threat_closure_targetguarded,counter40_vs_threat40
g00015_A_closure_counter40_vs_threat40_life40_seat1_sp1_r1,6767015,40,1,1,0,0,0,0,0,0,0,0,2,0,0,0,0,0,0,19,17,,selfdeck,216,1,player_0_attempted_to_draw_from_empty_library,1.0,0.0,0,2,12,39,A_closure_counter40_vs_threat40,40-vs-40 legal-size response cell.,Library-aware closure baseline repaired in rev0063/rev0064.,guard_counter_wall40,pub_threat40_closure,forty_counterwall_scaled_from60,forty_overlord_impending,counter_guard,threat_closure,mulligan_outcome_ranker_rev0027,land_band_business,40,40,21,10,5,3,1,21,7,4,2,6,1,public_counter_guard,library_aware_threat_closure_targetguarded,counter40_vs_threat40
g00016_A_pressure_counter40_vs_threat40_life20_seat0_sp0_r0,6767016,20,0,0,1,0,0,0,0,0,0,0,3,0,0,0,0,0,0,11,22,,selfdeck,140,0,player_1_attempted_to_draw_from_empty_library,1.0,0.0,0,22,19,20,A_pressure_counter40_vs_threat40,40-vs-40 legal-size response cell.,Jace-pressure response from rev0066.,guard_counter_wall40,pub_threat40_pressure,forty_counterwall_scaled_from60,forty_overlord_impending,counter_guard,threat_pressure,mulligan_outcome_ranker_rev0027,land_band_business,40,40,21,10,5,3,1,21,7,4,2,6,0,public_counter_guard,jace_pressure_threat_response,counter40_vs_threat40
g00017_A_pressure_counter40_vs_threat40_life20_seat0_sp0_r1,6767017,20,0,0,1,4,4,4,8,1,0,0,2,0,0,0,0,0,0,6,15,,other,100,1,player_0_life_total_zero_or_less,0.0,1.0,13,24,18,-1,A_pressure_counter40_vs_threat40,40-vs-40 legal-size response cell.,Jace-pressure response from rev0066.,guard_counter_wall40,pub_threat40_pressure,forty_counterwall_scaled_from60,forty_overlord_impending,counter_guard,threat_pressure,mulligan_outcome_ranker_rev0027,land_band_business,40,40,21,10,5,3,1,21,7,4,2,6,1,public_counter_guard,jace_pressure_threat_response,counter40_vs_threat40
g00018_A_pressure_counter40_vs_threat40_life20_seat0_sp1_r0,6767018,20,1,0,1,2,2,2,4,0,0,0,3,0,0,0,0,0,1,17,11,,other,192,1,player_0_attempted_to_draw_from_empty_library,0.0,1.0,9,0,18,9,A_pressure_counter40_vs_threat40,40-vs-40 legal-size response cell.,Jace-pressure response from rev0066.,guard_counter_wall40,pub_threat40_pressure,forty_counterwall_scaled_from60,forty_overlord_impending,counter_guard,threat_pressure,mulligan_outcome_ranker_rev0027,land_band_business,40,40,21,10,5,3,1,21,7,4,2,6,0,public_counter_guard,jace_pressure_threat_response,counter40_vs_threat40
g00019_A_pressure_counter40_vs_threat40_life20_seat0_sp1_r1,6767019,20,1,0,1,3,4,4,8,1,0,0,8,0,0,0,0,0,0,9,6,,other,160,1,player_0_life_total_zero_or_less,0.0,1.0,2,22,18,-2,A_pressure_counter40_vs_threat40,40-vs-40 legal-size response cell.,Jace-pressure response from rev0066.,guard_counter_wall40,pub_threat40_pressure,forty_counterwall_scaled_from60,forty_overlord_impending,counter_guard,threat_pressure,mulligan_outcome_ranker_rev0027,land_band_business,40,40,21,10,5,3,1,21,7,4,2,6,1,public_counter_guard,jace_pressure_threat_response,counter40_vs_threat40
g00020_A_pressure_counter40_vs_threat40_life20_seat1_sp0_r0,6767020,20,0,1,0,3,5,5,10,1,0,0,3,0,0,0,0,0,1,12,9,,other,172,0,player_1_life_total_zero_or_less,0.0,1.0,5,0,18,-5,A_pressure_counter40_vs_threat40,40-vs-40 legal-size response cell.,Jace-pressure response from rev0066.,guard_counter_wall40,pub_threat40_pressure,forty_counterwall_scaled_from60,forty_overlord_impending,counter_guard,threat_pressure,mulligan_outcome_ranker_rev0027,land_band_business,40,40,21,10,5,3,1,21,7,4,2,6,0,public_counter_guard,jace_pressure_threat_response,counter40_vs_threat40
g00021_A_pressure_counter40_vs_threat40_life20_seat1_sp0_r1,6767021,20,0,1,0,1,1,1,2,0,0,0,7,0,0,0,0,0,1,11,12,,other,160,0,player_1_attempted_to_draw_from_empty_library,0.0,1.0,10,0,19,14,A_pressure_counter40_vs_threat40,40-vs-40 legal-size response cell.,Jace-pressure response from rev0066.,guard_counter_wall40,pub_threat40_pressure,forty_counterwall_scaled_from60,forty_overlord_impending,counter_guard,threat_pressure,mulligan_outcome_ranker_rev0027,land_band_business,40,40,21,10,5,3,1,21,7,4,2,6,1,public_counter_guard,jace_pressure_threat_response,counter40_vs_threat40
g00022_A_pressure_counter40_vs_threat40_life20_seat1_sp1_r0,6767022,20,1,1,0,0,0,0,0,0,0,0,2,0,0,0,0,0,0,18,20,,selfdeck,198,1,player_0_attempted_to_draw_from_empty_library,1.0,0.0,0,11,19,19,A_pressure_counter40_vs_threat40,40-vs-40 legal-size response cell.,Jace-pressure response from rev0066.,guard_counter_wall40,pub_threat40_pressure,forty_counterwall_scaled_from60,forty_overlord_impending,counter_guard,threat_pressure,mulligan_outcome_ranker_rev0027,land_band_business,40,40,21,10,5,3,1,21,7,4,2,6,0,public_counter_guard,jace_pressure_threat_response,counter40_vs_threat40
g00023_A_pressure_counter40_vs_threat40_life20_seat1_sp1_r1,6767023,20,1,1,0,0,0,0,0,0,0,0,1,0,0,0,0,0,0,12,30,,selfdeck,130,1,player_0_attempted_to_draw_from_empty_library,1.0,0.0,0,21,18,19,A_pressure_counter40_vs_threat40,40-vs-40 legal-size response cell.,Jace-pressure response from rev0066.,guard_counter_wall40,pub_threat40_pressure,forty_counterwall_scaled_from60,forty_overlord_impending,counter_guard,threat_pressure,mulligan_outcome_ranker_rev0027,land_band_business,40,40,21,10,5,3,1,21,7,4,2,6,1,public_counter_guard,jace_pressure_threat_response,counter40_vs_threat40
g00024_A_pressure_counter40_vs_threat40_life40_seat0_sp0_r0,6767024,40,0,0,1,0,0,0,0,0,0,0,4,0,0,0,0,0,0,10,23,,selfdeck,129,0,player_1_attempted_to_draw_from_empty_library,1.0,0.0,0,23,39,40,A_pressure_counter40_vs_threat40,40-vs-40 legal-size response cell.,Jace-pressure response from rev0066.,guard_counter_wall40,pub_threat40_pressure,forty_counterwall_scaled_from60,forty_overlord_impending,counter_guard,threat_pressure,mulligan_outcome_ranker_rev0027,land_band_business,40,40,21,10,5,3,1,21,7,4,2,6,0,public_counter_guard,jace_pressure_threat_response,counter40_vs_threat40
g00025_A_pressure_counter40_vs_threat40_life40_seat0_sp0_r1,6767025,40,0,0,1,0,0,0,0,0,0,0,0,0,0,0,0,0,0,13,,,life_total,150,0,player_1_life_total_zero_or_less,1.0,0.0,20,2,-1,38,A_pressure_counter40_vs_threat40,40-vs-40 legal-size response cell.,Jace-pressure response from rev0066.,guard_counter_wall40,pub_threat40_pressure,forty_counterwall_scaled_from60,forty_overlord_impending,counter_guard,threat_pressure,mulligan_outcome_ranker_rev0027,land_band_business,40,40,21,10,5,3,1,21,7,4,2,6,1,public_counter_guard,jace_pressure_threat_response,counter40_vs_threat40
g00026_A_pressure_counter40_vs_threat40_life40_seat0_sp1_r0,6767026,40,1,0,1,8,8,8,16,1,0,0,3,0,0,0,0,0,0,9,2,,other,182,1,player_0_life_total_zero_or_less,0.0,1.0,0,17,38,-1,A_pressure_counter40_vs_threat40,40-vs-40 legal-size response cell.,Jace-pressure response from rev0066.,guard_counter_wall40,pub_threat40_pressure,forty_counterwall_scaled_from60,forty_overlord_impending,counter_guard,threat_pressure,mulligan_outcome_ranker_rev0027,land_band_business,40,40,21,10,5,3,1,21,7,4,2,6,0,public_counter_guard,jace_pressure_threat_response,counter40_vs_threat40
g00027_A_pressure_counter40_vs_threat40_life40_seat0_sp1_r1,6767027,40,1,0,1,0,0,0,0,0,0,0,2,0,0,0,0,0,0,14,27,,selfdeck,205,0,player_1_attempted_to_draw_from_empty_library,1.0,0.0,0,5,39,38,A_pressure_counter40_vs_threat40,40-vs-40 legal-size response cell.,Jace-pressure response from rev0066.,guard_counter_wall40,pub_threat40_pressure,forty_counterwall_scaled_from60,forty_overlord_impending,counter_guard,threat_pressure,mulligan_outcome_ranker_rev0027,land_band_business,40,40,21,10,5,3,1,21,7,4,2,6,1,public_counter_guard,jace_pressure_threat_response,counter40_vs_threat40
g00028_A_pressure_counter40_vs_threat40_life40_seat1_sp0_r0,6767028,40,0,1,0,3,3,3,6,0,0,0,3,0,0,0,0,0,0,23,7,,selfdeck,253,1,player_0_attempted_to_draw_from_empty_library,1.0,0.0,0,7,38,24,A_pressure_counter40_vs_threat40,40-vs-40 legal-size response cell.,Jace-pressure response from rev0066.,guard_counter_wall40,pub_threat40_pressure,forty_counterwall_scaled_from60,forty_overlord_impending,counter_guard,threat_pressure,mulligan_outcome_ranker_rev0027,land_band_business,40,40,21,10,5,3,1,21,7,4,2,6,0,public_counter_guard,jace_pressure_threat_response,counter40_vs_threat40
g00029_A_pressure_counter40_vs_threat40_life40_seat1_sp0_r1,6767029,40,0,1,0,5,8,8,16,1,0,0,4,0,0,0,0,0,0,5,6,,other,109,0,player_1_life_total_zero_or_less,0.0,1.0,4,24,40,-2,A_pressure_counter40_vs_threat40,40-vs-40 legal-size response cell.,Jace-pressure response from rev0066.,guard_counter_wall40,pub_threat40_pressure,forty_counterwall_scaled_from60,forty_overlord_impending,counter_guard,threat_pressure,mulligan_outcome_ranker_rev0027,land_band_business,40,40,21,10,5,3,1,21,7,4,2,6,1,public_counter_guard,jace_pressure_threat_response,counter40_vs_threat40
g00030_A_pressure_counter40_vs_threat40_life40_seat1_sp1_r0,6767030,40,1,1,0,3,3,0,6,0,0,0,8,0,0,0,0,0,0,12,7,,selfdeck,188,1,player_0_attempted_to_draw_from_empty_library,1.0,0.0,0,18,39,40,A_pressure_counter40_vs_threat40,40-vs-40 legal-size response cell.,Jace-pressure response from rev0066.,guard_counter_wall40,pub_threat40_pressure,forty_counterwall_scaled_from60,forty_overlord_impending,counter_guard,threat_pressure,mulligan_outcome_ranker_rev0027,land_band_business,40,40,21,10,5,3,1,21,7,4,2,6,0,public_counter_guard,jace_pressure_threat_response,counter40_vs_threat40
g00031_A_pressure_counter40_vs_threat40_life40_seat1_sp1_r1,6767031,40,1,1,0,0,0,0,0,0,0,0,11,0,0,0,0,0,0,13,8,,life_total,215,1,player_0_life_total_zero_or_less,1.0,0.0,8,2,-1,39,A_pressure_counter40_vs_threat40,40-vs-40 legal-size response cell.,Jace-pressure response from rev0066.,guard_counter_wall40,pub_threat40_pressure,forty_counterwall_scaled_from60,forty_overlord_impending,counter_guard,threat_pressure,mulligan_outcome_ranker_rev0027,land_band_business,40,40,21,10,5,3,1,21,7,4,2,6,1,public_counter_guard,jace_pressure_threat_response,counter40_vs_threat40
g00032_A_surge_counter40_vs_threat40_life20_seat0_sp0_r0,6767032,20,0,0,1,4,4,4,8,1,0,0,6,0,0,0,0,0,0,8,8,,other,148,1,player_0_life_total_zero_or_less,0.0,1.0,6,22,18,-2,A_surge_counter40_vs_threat40,40-vs-40 legal-size response cell.,Face/protection surge: spends stack interaction to protect threats and prioritizes safe player damage.,guard_counter_wall40,pub_threat40_surge,forty_counterwall_scaled_from60,forty_overlord_impending,counter_guard,threat_surge,mulligan_outcome_ranker_rev0027,land_band_business,40,40,21,10,5,3,1,21,7,4,2,6,0,public_counter_guard,face_protect_threat_surge,counter40_vs_threat40
g00033_A_surge_counter40_vs_threat40_life20_seat0_sp0_r1,6767033,20,0,0,1,3,4,4,8,1,0,0,4,0,0,0,0,0,0,14,9,,other,188,1,player_0_life_total_zero_or_less,0.0,1.0,5,17,18,-1,A_surge_counter40_vs_threat40,40-vs-40 legal-size response cell.,Face/protection surge: spends stack interaction to protect threats and prioritizes safe player damage.,guard_counter_wall40,pub_threat40_surge,forty_counterwall_scaled_from60,forty_overlord_impending,counter_guard,threat_surge,mulligan_outcome_ranker_rev0027,land_band_business,40,40,21,10,5,3,1,21,7,4,2,6,1,public_counter_guard,face_protect_threat_surge,counter40_vs_threat40
g00034_A_surge_counter40_vs_threat40_life20_seat0_sp1_r0,6767034,20,1,0,1,0,0,0,0,0,0,0,2,0,0,0,0,0,0,12,25,,selfdeck,135,0,player_1_attempted_to_draw_from_empty_library,1.0,0.0,0,21,18,19,A_surge_counter40_vs_threat40,40-vs-40 legal-size response cell.,Face/protection surge: spends stack interaction to protect threats and prioritizes safe player damage.,guard_counter_wall40,pub_threat40_surge,forty_counterwall_scaled_from60,forty_overlord_impending,counter_guard,threat_surge,mulligan_outcome_ranker_rev0027,land_band_business,40,40,21,10,5,3,1,21,7,4,2,6,0,public_counter_guard,face_protect_threat_surge,counter40_vs_threat40
g00035_A_surge_counter40_vs_threat40_life20_seat0_sp1_r1,6767035,20,1,0,1,0,0,0,0,0,0,0,1,0,0,0,0,0,0,13,27,,selfdeck,146,0,player_1_attempted_to_draw_from_empty_library,1.0,0.0,0,12,5,20,A_surge_counter40_vs_threat40,40-vs-40 legal-size response cell.,Face/protection surge: spends stack interaction to protect threats and prioritizes safe player damage.,guard_counter_wall40,pub_threat40_surge,forty_counterwall_scaled_from60,forty_overlord_impending,counter_guard,threat_surge,mulligan_outcome_ranker_rev0027,land_band_business,40,40,21,10,5,3,1,21,7,4,2,6,1,public_counter_guard,face_protect_threat_surge,counter40_vs_threat40
g00036_A_surge_counter40_vs_threat40_life20_seat1_sp0_r0,6767036,20,0,1,0,0,0,0,0,0,0,0,1,0,0,0,0,0,0,10,31,,life_total,94,1,player_0_life_total_zero_or_less,1.0,0.0,24,13,0,20,A_surge_counter40_vs_threat40,40-vs-40 legal-size response cell.,Face/protection surge: spends stack interaction to protect threats and prioritizes safe player damage.,guard_counter_wall40,pub_threat40_surge,forty_counterwall_scaled_from60,forty_overlord_impending,counter_guard,threat_surge,mulligan_outcome_ranker_rev0027,land_band_business,40,40,21,10,5,3,1,21,7,4,2,6,0,public_counter_guard,face_protect_threat_surge,counter40_vs_threat40
g00037_A_surge_counter40_vs_threat40_life20_seat1_sp0_r1,6767037,20,0,1,0,3,6,6,12,1,0,0,4,0,0,0,0,0,0,6,13,,other,100,0,player_1_life_total_zero_or_less,0.0,1.0,7,25,18,-10,A_surge_counter40_vs_threat40,40-vs-40 legal-size response cell.,Face/protection surge: spends stack interaction to protect threats and prioritizes safe player damage.,guard_counter_wall40,pub_threat40_surge,forty_counterwall_scaled_from60,forty_overlord_impending,counter_guard,threat_surge,mulligan_outcome_ranker_rev0027,land_band_business,40,40,21,10,5,3,1,21,7,4,2,6,1,public_counter_guard,face_protect_threat_surge,counter40_vs_threat40
g00038_A_surge_counter40_vs_threat40_life20_seat1_sp1_r0,6767038,20,1,1,0,3,5,4,10,1,0,0,7,0,0,0,0,0,0,7,7,,other,130,0,player_1_life_total_zero_or_less,0.0,1.0,3,25,18,-1,A_surge_counter40_vs_threat40,40-vs-40 legal-size response cell.,Face/protection surge: spends stack interaction to protect threats and prioritizes safe player damage.,guard_counter_wall40,pub_threat40_surge,forty_counterwall_scaled_from60,forty_overlord_impending,counter_guard,threat_surge,mulligan_outcome_ranker_rev0027,land_band_business,40,40,21,10,5,3,1,21,7,4,2,6,0,public_counter_guard,face_protect_threat_surge,counter40_vs_threat40
g00039_A_surge_counter40_vs_threat40_life20_seat1_sp1_r1,6767039,20,1,1,0,0,0,0,0,0,0,0,7,0,0,0,0,0,0,8,21,,life_total,121,1,player_0_life_total_zero_or_less,1.0,0.0,19,16,-1,19,A_surge_counter40_vs_threat40,40-vs-40 legal-size response cell.,Face/protection surge: spends stack interaction to protect threats and prioritizes safe player damage.,guard_counter_wall40,pub_threat40_surge,forty_counterwall_scaled_from60,forty_overlord_impending,counter_guard,threat_surge,mulligan_outcome_ranker_rev0027,land_band_business,40,40,21,10,5,3,1,21,7,4,2,6,1,public_counter_guard,face_protect_threat_surge,counter40_vs_threat40
g00040_A_surge_counter40_vs_threat40_life40_seat0_sp0_r0,6767040,40,0,0,1,1,1,0,2,0,0,0,7,0,0,0,0,0,0,13,3,,selfdeck,177,0,player_1_attempted_to_draw_from_empty_library,1.0,0.0,0,19,40,40,A_surge_counter40_vs_threat40,40-vs-40 legal-size response cell.,Face/protection surge: spends stack interaction to protect threats and prioritizes safe player damage.,guard_counter_wall40,pub_threat40_surge,forty_counterwall_scaled_from60,forty_overlord_impending,counter_guard,threat_surge,mulligan_outcome_ranker_rev0027,land_band_business,40,40,21,10,5,3,1,21,7,4,2,6,0,public_counter_guard,face_protect_threat_surge,counter40_vs_threat40
g00041_A_surge_counter40_vs_threat40_life40_seat0_sp0_r1,6767041,40,0,0,1,3,4,4,8,0,0,0,7,0,0,0,0,0,0,12,5,,selfdeck,191,0,player_1_attempted_to_draw_from_empty_library,1.0,0.0,0,18,38,19,A_surge_counter40_vs_threat40,40-vs-40 legal-size response cell.,Face/protection surge: spends stack interaction to protect threats and prioritizes safe player damage.,guard_counter_wall40,pub_threat40_surge,forty_counterwall_scaled_from60,forty_overlord_impending,counter_guard,threat_surge,mulligan_outcome_ranker_rev0027,land_band_business,40,40,21,10,5,3,1,21,7,4,2,6,1,public_counter_guard,face_protect_threat_surge,counter40_vs_threat40
g00042_A_surge_counter40_vs_threat40_life40_seat0_sp1_r0,6767042,40,1,0,1,4,6,6,12,0,0,0,4,0,0,0,0,0,2,12,6,,other,202,1,player_0_attempted_to_draw_from_empty_library,0.0,1.0,3,0,40,9,A_surge_counter40_vs_threat40,40-vs-40 legal-size response cell.,Face/protection surge: spends stack interaction to protect threats and prioritizes safe player damage.,guard_counter_wall40,pub_threat40_surge,forty_counterwall_scaled_from60,forty_overlord_impending,counter_guard,threat_surge,mulligan_outcome_ranker_rev0027,land_band_business,40,40,21,10,5,3,1,21,7,4,2,6,0,public_counter_guard,face_protect_threat_surge,counter40_vs_threat40
g00043_A_surge_counter40_vs_threat40_life40_seat0_sp1_r1,6767043,40,1,0,1,6,6,6,12,0,0,0,7,0,0,0,0,0,0,12,2,,selfdeck,211,0,player_1_attempted_to_draw_from_empty_library,1.0,0.0,0,15,39,9,A_surge_counter40_vs_threat40,40-vs-40 legal-size response cell.,Face/protection surge: spends stack interaction to protect threats and prioritizes safe player damage.,guard_counter_wall40,pub_threat40_surge,forty_counterwall_scaled_from60,forty_overlord_impending,counter_guard,threat_surge,mulligan_outcome_ranker_rev0027,land_band_business,40,40,21,10,5,3,1,21,7,4,2,6,1,public_counter_guard,face_protect_threat_surge,counter40_vs_threat40
g00044_A_surge_counter40_vs_threat40_life40_seat1_sp0_r0,6767044,40,0,1,0,0,0,0,0,0,0,0,1,0,0,0,0,0,1,13,31,,other,142,0,player_1_attempted_to_draw_from_empty_library,0.0,1.0,21,0,40,39,A_surge_counter40_vs_threat40,40-vs-40 legal-size response cell.,Face/protection surge: spends stack interaction to protect threats and prioritizes safe player damage.,guard_counter_wall40,pub_threat40_surge,forty_counterwall_scaled_from60,forty_overlord_impending,counter_guard,threat_surge,mulligan_outcome_ranker_rev0027,land_band_business,40,40,21,10,5,3,1,21,7,4,2,6,0,public_counter_guard,face_protect_threat_surge,counter40_vs_threat40
g00045_A_surge_counter40_vs_threat40_life40_seat1_sp0_r1,6767045,40,0,1,0,4,4,3,8,0,0,0,6,0,0,0,0,0,0,12,6,,other,199,0,player_1_attempted_to_draw_from_empty_library,0.0,1.0,0,0,5,23,A_surge_counter40_vs_threat40,40-vs-40 legal-size response cell.,Face/protection surge: spends stack interaction to protect threats and prioritizes safe player damage.,guard_counter_wall40,pub_threat40_surge,forty_counterwall_scaled_from60,forty_overlord_impending,counter_guard,threat_surge,mulligan_outcome_ranker_rev0027,land_band_business,40,40,21,10,5,3,1,21,7,4,2,6,1,public_counter_guard,face_protect_threat_surge,counter40_vs_threat40
g00046_A_surge_counter40_vs_threat40_life40_seat1_sp1_r0,6767046,40,1,1,0,4,4,3,8,0,0,0,5,0,0,0,0,0,0,15,5,,selfdeck,217,1,player_0_attempted_to_draw_from_empty_library,1.0,0.0,0,5,19,24,A_surge_counter40_vs_threat40,40-vs-40 legal-size response cell.,Face/protection surge: spends stack interaction to protect threats and prioritizes safe player damage.,guard_counter_wall40,pub_threat40_surge,forty_counterwall_scaled_from60,forty_overlord_impending,counter_guard,threat_surge,mulligan_outcome_ranker_rev0027,land_band_business,40,40,21,10,5,3,1,21,7,4,2,6,0,public_counter_guard,face_protect_threat_surge,counter40_vs_threat40
g00047_A_surge_counter40_vs_threat40_life40_seat1_sp1_r1,6767047,40,1,1,0,3,3,2,6,0,0,0,10,0,0,0,0,0,0,12,2,,selfdeck,207,1,player_0_attempted_to_draw_from_empty_library,1.0,0.0,0,18,38,30,A_surge_counter40_vs_threat40,40-vs-40 legal-size response cell.,Face/protection surge: spends stack interaction to protect threats and prioritizes safe player damage.,guard_counter_wall40,pub_threat40_surge,forty_counterwall_scaled_from60,forty_overlord_impending,counter_guard,threat_surge,mulligan_outcome_ranker_rev0027,land_band_business,40,40,21,10,5,3,1,21,7,4,2,6,1,public_counter_guard,face_protect_threat_surge,counter40_vs_threat40
g00048_B_closure_counter60_vs_threat40_life20_seat0_sp0_r0,6767048,20,0,0,1,0,0,0,0,0,0,0,1,0,0,0,0,0,0,14,29,,selfdeck,148,0,player_1_attempted_to_draw_from_empty_library,1.0,0.0,0,39,19,19,B_closure_counter60_vs_threat40,60-vs-40 size-skew response cell.,Library-aware closure baseline repaired in rev0063/rev0064.,guard_counter_wall60,pub_threat40_closure,sixty_counterwall_jace,forty_overlord_impending,counter_guard,threat_closure,mulligan_outcome_ranker_rev0027,land_band_business,60,40,31,16,7,5,1,21,7,4,2,6,0,public_counter_guard,library_aware_threat_closure_targetguarded,counter60_vs_threat40
g00049_B_closure_counter60_vs_threat40_life20_seat0_sp0_r1,6767049,20,0,0,1,0,0,0,0,0,0,0,2,0,0,0,0,0,1,9,28,,other,116,1,player_0_attempted_to_draw_from_empty_library,0.0,1.0,3,0,20,19,B_closure_counter60_vs_threat40,60-vs-40 size-skew response cell.,Library-aware closure baseline repaired in rev0063/rev0064.,guard_counter_wall60,pub_threat40_closure,sixty_counterwall_jace,forty_overlord_impending,counter_guard,threat_closure,mulligan_outcome_ranker_rev0027,land_band_business,60,40,31,16,7,5,1,21,7,4,2,6,1,public_counter_guard,library_aware_threat_closure_targetguarded,counter60_vs_threat40
g00050_B_closure_counter60_vs_threat40_life20_seat0_sp1_r0,6767050,20,1,0,1,0,0,0,0,0,0,0,2,0,0,0,0,0,1,13,22,,other,140,1,player_0_attempted_to_draw_from_empty_library,0.0,1.0,21,0,19,18,B_closure_counter60_vs_threat40,60-vs-40 size-skew response cell.,Library-aware closure baseline repaired in rev0063/rev0064.,guard_counter_wall60,pub_threat40_closure,sixty_counterwall_jace,forty_overlord_impending,counter_guard,threat_closure,mulligan_outcome_ranker_rev0027,land_band_business,60,40,31,16,7,5,1,21,7,4,2,6,0,public_counter_guard,library_aware_threat_closure_targetguarded,counter60_vs_threat40
g00051_B_closure_counter60_vs_threat40_life20_seat0_sp1_r1,6767051,20,1,0,1,4,4,4,8,1,0,0,8,0,0,0,0,0,0,13,3,,other,193,1,player_0_life_total_zero_or_less,0.0,1.0,1,37,19,-1,B_closure_counter60_vs_threat40,60-vs-40 size-skew response cell.,Library-aware closure baseline repaired in rev0063/rev0064.,guard_counter_wall60,pub_threat40_closure,sixty_counterwall_jace,forty_overlord_impending,counter_guard,threat_closure,mulligan_outcome_ranker_rev0027,land_band_business,60,40,31,16,7,5,1,21,7,4,2,6,1,public_counter_guard,library_aware_threat_closure_targetguarded,counter60_vs_threat40
g00052_B_closure_counter60_vs_threat40_life20_seat1_sp0_r0,6767052,20,0,1,0,0,0,0,0,0,0,0,2,0,0,0,0,0,1,10,25,,other,118,0,player_1_attempted_to_draw_from_empty_library,0.0,1.0,24,0,18,19,B_closure_counter60_vs_threat40,60-vs-40 size-skew response cell.,Library-aware closure baseline repaired in rev0063/rev0064.,guard_counter_wall60,pub_threat40_closure,sixty_counterwall_jace,forty_overlord_impending,counter_guard,threat_closure,mulligan_outcome_ranker_rev0027,land_band_business,60,40,31,16,7,5,1,21,7,4,2,6,0,public_counter_guard,library_aware_threat_closure_targetguarded,counter60_vs_threat40
g00053_B_closure_counter60_vs_threat40_life20_seat1_sp0_r1,6767053,20,0,1,0,4,4,4,8,1,0,0,4,0,0,0,0,0,0,6,14,,other,117,0,player_1_life_total_zero_or_less,0.0,1.0,12,44,19,0,B_closure_counter60_vs_threat40,60-vs-40 size-skew response cell.,Library-aware closure baseline repaired in rev0063/rev0064.,guard_counter_wall60,pub_threat40_closure,sixty_counterwall_jace,forty_overlord_impending,counter_guard,threat_closure,mulligan_outcome_ranker_rev0027,land_band_business,60,40,31,16,7,5,1,21,7,4,2,6,1,public_counter_guard,library_aware_threat_closure_targetguarded,counter60_vs_threat40
g00054_B_closure_counter60_vs_threat40_life20_seat1_sp1_r0,6767054,20,1,1,0,3,5,5,10,1,0,0,4,0,0,0,0,0,0,6,14,,other,108,0,player_1_life_total_zero_or_less,0.0,1.0,10,45,18,-5,B_closure_counter60_vs_threat40,60-vs-40 size-skew response cell.,Library-aware closure baseline repaired in rev0063/rev0064.,guard_counter_wall60,pub_threat40_closure,sixty_counterwall_jace,forty_overlord_impending,counter_guard,threat_closure,mulligan_outcome_ranker_rev0027,land_band_business,60,40,31,16,7,5,1,21,7,4,2,6,0,public_counter_guard,library_aware_threat_closure_targetguarded,counter60_vs_threat40
g00055_B_closure_counter60_vs_threat40_life20_seat1_sp1_r1,6767055,20,1,1,0,4,4,4,8,1,0,0,4,0,0,0,0,0,0,13,8,,other,181,0,player_1_life_total_zero_or_less,0.0,1.0,6,37,19,-2,B_closure_counter60_vs_threat40,60-vs-40 size-skew response cell.,Library-aware closure baseline repaired in rev0063/rev0064.,guard_counter_wall60,pub_threat40_closure,sixty_counterwall_jace,forty_overlord_impending,counter_guard,threat_closure,mulligan_outcome_ranker_rev0027,land_band_business,60,40,31,16,7,5,1,21,7,4,2,6,1,public_counter_guard,library_aware_threat_closure_targetguarded,counter60_vs_threat40
g00056_B_closure_counter60_vs_threat40_life40_seat0_sp0_r0,6767056,40,0,0,1,1,1,1,2,0,0,0,11,0,0,0,0,0,0,12,4,,selfdeck,175,0,player_1_attempted_to_draw_from_empty_library,1.0,0.0,0,41,40,34,B_closure_counter60_vs_threat40,60-vs-40 size-skew response cell.,Library-aware closure baseline repaired in rev0063/rev0064.,guard_counter_wall60,pub_threat40_closure,sixty_counterwall_jace,forty_overlord_impending,counter_guard,threat_closure,mulligan_outcome_ranker_rev0027,land_band_business,60,40,31,16,7,5,1,21,7,4,2,6,0,public_counter_guard,library_aware_threat_closure_targetguarded,counter60_vs_threat40
g00057_B_closure_counter60_vs_threat40_life40_seat0_sp0_r1,6767057,40,0,0,1,6,8,8,16,1,0,0,4,0,0,0,0,0,0,6,5,,other,152,1,player_0_life_total_zero_or_less,0.0,1.0,1,42,38,0,B_closure_counter60_vs_threat40,60-vs-40 size-skew response cell.,Library-aware closure baseline repaired in rev0063/rev0064.,guard_counter_wall60,pub_threat40_closure,sixty_counterwall_jace,forty_overlord_impending,counter_guard,threat_closure,mulligan_outcome_ranker_rev0027,land_band_business,60,40,31,16,7,5,1,21,7,4,2,6,1,public_counter_guard,library_aware_threat_closure_targetguarded,counter60_vs_threat40
g00058_B_closure_counter60_vs_threat40_life40_seat0_sp1_r0,6767058,40,1,0,1,4,8,8,16,1,0,0,4,0,0,0,0,0,0,5,7,,other,99,1,player_0_life_total_zero_or_less,0.0,1.0,3,45,40,-1,B_closure_counter60_vs_threat40,60-vs-40 size-skew response cell.,Library-aware closure baseline repaired in rev0063/rev0064.,guard_counter_wall60,pub_threat40_closure,sixty_counterwall_jace,forty_overlord_impending,counter_guard,threat_closure,mulligan_outcome_ranker_rev0027,land_band_business,60,40,31,16,7,5,1,21,7,4,2,6,0,public_counter_guard,library_aware_threat_closure_targetguarded,counter60_vs_threat40
g00059_B_closure_counter60_vs_threat40_life40_seat0_sp1_r1,6767059,40,1,0,1,0,0,0,0,0,0,0,4,0,0,0,0,0,0,12,26,,selfdeck,139,0,player_1_attempted_to_draw_from_empty_library,1.0,0.0,0,41,40,40,B_closure_counter60_vs_threat40,60-vs-40 size-skew response cell.,Library-aware closure baseline repaired in rev0063/rev0064.,guard_counter_wall60,pub_threat40_closure,sixty_counterwall_jace,forty_overlord_impending,counter_guard,threat_closure,mulligan_outcome_ranker_rev0027,land_band_business,60,40,31,16,7,5,1,21,7,4,2,6,1,public_counter_guard,library_aware_threat_closure_targetguarded,counter60_vs_threat40
g00060_B_closure_counter60_vs_threat40_life40_seat1_sp0_r0,6767060,40,0,1,0,0,0,0,0,0,0,0,7,0,0,0,0,0,0,16,14,,life_total,213,1,player_0_life_total_zero_or_less,1.0,0.0,14,19,-1,38,B_closure_counter60_vs_threat40,60-vs-40 size-skew response cell.,Library-aware closure baseline repaired in rev0063/rev0064.,guard_counter_wall60,pub_threat40_closure,sixty_counterwall_jace,forty_overlord_impending,counter_guard,threat_closure,mulligan_outcome_ranker_rev0027,land_band_business,60,40,31,16,7,5,1,21,7,4,2,6,0,public_counter_guard,library_aware_threat_closure_targetguarded,counter60_vs_threat40
g00061_B_closure_counter60_vs_threat40_life40_seat1_sp0_r1,6767061,40,0,1,0,0,0,0,0,0,0,0,2,0,0,0,0,0,0,11,30,,selfdeck,126,1,player_0_attempted_to_draw_from_empty_library,1.0,0.0,0,40,39,39,B_closure_counter60_vs_threat40,60-vs-40 size-skew response cell.,Library-aware closure baseline repaired in rev0063/rev0064.,guard_counter_wall60,pub_threat40_closure,sixty_counterwall_jace,forty_overlord_impending,counter_guard,threat_closure,mulligan_outcome_ranker_rev0027,land_band_business,60,40,31,16,7,5,1,21,7,4,2,6,1,public_counter_guard,library_aware_threat_closure_targetguarded,counter60_vs_threat40
g00062_B_closure_counter60_vs_threat40_life40_seat1_sp1_r0,6767062,40,1,1,0,4,5,5,10,0,0,0,7,0,0,0,0,0,0,9,5,,selfdeck,182,1,player_0_attempted_to_draw_from_empty_library,1.0,0.0,0,40,37,14,B_closure_counter60_vs_threat40,60-vs-40 size-skew response cell.,Library-aware closure baseline repaired in rev0063/rev0064.,guard_counter_wall60,pub_threat40_closure,sixty_counterwall_jace,forty_overlord_impending,counter_guard,threat_closure,mulligan_outcome_ranker_rev0027,land_band_business,60,40,31,16,7,5,1,21,7,4,2,6,0,public_counter_guard,library_aware_threat_closure_targetguarded,counter60_vs_threat40
g00063_B_closure_counter60_vs_threat40_life40_seat1_sp1_r1,6767063,40,1,1,0,0,0,0,0,0,0,0,4,0,0,0,0,0,0,14,21,,selfdeck,168,1,player_0_attempted_to_draw_from_empty_library,1.0,0.0,0,39,38,39,B_closure_counter60_vs_threat40,60-vs-40 size-skew response cell.,Library-aware closure baseline repaired in rev0063/rev0064.,guard_counter_wall60,pub_threat40_closure,sixty_counterwall_jace,forty_overlord_impending,counter_guard,threat_closure,mulligan_outcome_ranker_rev0027,land_band_business,60,40,31,16,7,5,1,21,7,4,2,6,1,public_counter_guard,library_aware_threat_closure_targetguarded,counter60_vs_threat40
g00064_B_pressure_counter60_vs_threat40_life20_seat0_sp0_r0,6767064,20,0,0,1,1,1,1,2,0,0,0,7,0,0,0,0,0,0,23,5,,selfdeck,258,0,player_1_attempted_to_draw_from_empty_library,1.0,0.0,0,29,17,14,B_pressure_counter60_vs_threat40,60-vs-40 size-skew response cell.,Jace-pressure response from rev0066.,guard_counter_wall60,pub_threat40_pressure,sixty_counterwall_jace,forty_overlord_impending,counter_guard,threat_pressure,mulligan_outcome_ranker_rev0027,land_band_business,60,40,31,16,7,5,1,21,7,4,2,6,0,public_counter_guard,jace_pressure_threat_response,counter60_vs_threat40
g00065_B_pressure_counter60_vs_threat40_life20_seat0_sp0_r1,6767065,20,0,0,1,5,5,4,10,1,0,0,5,0,0,0,0,0,0,7,5,,other,154,1,player_0_life_total_zero_or_less,0.0,1.0,3,42,18,-1,B_pressure_counter60_vs_threat40,60-vs-40 size-skew response cell.,Jace-pressure response from rev0066.,guard_counter_wall60,pub_threat40_pressure,sixty_counterwall_jace,forty_overlord_impending,counter_guard,threat_pressure,mulligan_outcome_ranker_rev0027,land_band_business,60,40,31,16,7,5,1,21,7,4,2,6,1,public_counter_guard,jace_pressure_threat_response,counter60_vs_threat40
g00066_B_pressure_counter60_vs_threat40_life20_seat0_sp1_r0,6767066,20,1,0,1,3,4,4,8,1,0,0,4,0,0,0,0,0,0,5,18,,other,94,1,player_0_life_total_zero_or_less,0.0,1.0,14,46,19,-2,B_pressure_counter60_vs_threat40,60-vs-40 size-skew response cell.,Jace-pressure response from rev0066.,guard_counter_wall60,pub_threat40_pressure,sixty_counterwall_jace,forty_overlord_impending,counter_guard,threat_pressure,mulligan_outcome_ranker_rev0027,land_band_business,60,40,31,16,7,5,1,21,7,4,2,6,0,public_counter_guard,jace_pressure_threat_response,counter60_vs_threat40
g00067_B_pressure_counter60_vs_threat40_life20_seat0_sp1_r1,6767067,20,1,0,1,0,0,0,0,0,0,0,4,0,0,0,0,0,0,27,23,,life_total,272,0,player_1_life_total_zero_or_less,1.0,0.0,7,16,-1,19,B_pressure_counter60_vs_threat40,60-vs-40 size-skew response cell.,Jace-pressure response from rev0066.,guard_counter_wall60,pub_threat40_pressure,sixty_counterwall_jace,forty_overlord_impending,counter_guard,threat_pressure,mulligan_outcome_ranker_rev0027,land_band_business,60,40,31,16,7,5,1,21,7,4,2,6,1,public_counter_guard,jace_pressure_threat_response,counter60_vs_threat40
g00068_B_pressure_counter60_vs_threat40_life20_seat1_sp0_r0,6767068,20,0,1,0,2,2,2,4,0,0,0,5,0,0,0,0,0,0,16,16,,selfdeck,203,1,player_0_attempted_to_draw_from_empty_library,1.0,0.0,0,35,18,10,B_pressure_counter60_vs_threat40,60-vs-40 size-skew response cell.,Jace-pressure response from rev0066.,guard_counter_wall60,pub_threat40_pressure,sixty_counterwall_jace,forty_overlord_impending,counter_guard,threat_pressure,mulligan_outcome_ranker_rev0027,land_band_business,60,40,31,16,7,5,1,21,7,4,2,6,0,public_counter_guard,jace_pressure_threat_response,counter60_vs_threat40
g00069_B_pressure_counter60_vs_threat40_life20_seat1_sp0_r1,6767069,20,0,1,0,4,4,4,8,1,0,0,4,0,0,0,0,0,0,12,10,,other,162,0,player_1_life_total_zero_or_less,0.0,1.0,8,38,19,-2,B_pressure_counter60_vs_threat40,60-vs-40 size-skew response cell.,Jace-pressure response from rev0066.,guard_counter_wall60,pub_threat40_pressure,sixty_counterwall_jace,forty_overlord_impending,counter_guard,threat_pressure,mulligan_outcome_ranker_rev0027,land_band_business,60,40,31,16,7,5,1,21,7,4,2,6,1,public_counter_guard,jace_pressure_threat_response,counter60_vs_threat40
g00070_B_pressure_counter60_vs_threat40_life20_seat1_sp1_r0,6767070,20,1,1,0,0,0,0,0,0,0,0,1,0,0,0,0,0,1,12,30,,other,127,0,player_1_attempted_to_draw_from_empty_library,0.0,1.0,21,0,19,18,B_pressure_counter60_vs_threat40,60-vs-40 size-skew response cell.,Jace-pressure response from rev0066.,guard_counter_wall60,pub_threat40_pressure,sixty_counterwall_jace,forty_overlord_impending,counter_guard,threat_pressure,mulligan_outcome_ranker_rev0027,land_band_business,60,40,31,16,7,5,1,21,7,4,2,6,0,public_counter_guard,jace_pressure_threat_response,counter60_vs_threat40
g00071_B_pressure_counter60_vs_threat40_life20_seat1_sp1_r1,6767071,20,1,1,0,0,0,0,0,0,0,0,5,0,0,0,0,0,0,12,22,,selfdeck,155,1,player_0_attempted_to_draw_from_empty_library,1.0,0.0,0,41,18,20,B_pressure_counter60_vs_threat40,60-vs-40 size-skew response cell.,Jace-pressure response from rev0066.,guard_counter_wall60,pub_threat40_pressure,sixty_counterwall_jace,forty_overlord_impending,counter_guard,threat_pressure,mulligan_outcome_ranker_rev0027,land_band_business,60,40,31,16,7,5,1,21,7,4,2,6,1,public_counter_guard,jace_pressure_threat_response,counter60_vs_threat40
g00072_B_pressure_counter60_vs_threat40_life40_seat0_sp0_r0,6767072,40,0,0,1,0,0,0,0,0,0,0,4,0,0,0,0,0,0,12,22,,selfdeck,147,0,player_1_attempted_to_draw_from_empty_library,1.0,0.0,0,41,40,39,B_pressure_counter60_vs_threat40,60-vs-40 size-skew response cell.,Jace-pressure response from rev0066.,guard_counter_wall60,pub_threat40_pressure,sixty_counterwall_jace,forty_overlord_impending,counter_guard,threat_pressure,mulligan_outcome_ranker_rev0027,land_band_business,60,40,31,16,7,5,1,21,7,4,2,6,0,public_counter_guard,jace_pressure_threat_response,counter60_vs_threat40
g00073_B_pressure_counter60_vs_threat40_life40_seat0_sp0_r1,6767073,40,0,0,1,0,0,0,0,0,0,0,1,0,0,0,0,0,0,18,30,,life_total,203,0,player_1_life_total_zero_or_less,1.0,0.0,0,17,-2,38,B_pressure_counter60_vs_threat40,60-vs-40 size-skew response cell.,Jace-pressure response from rev0066.,guard_counter_wall60,pub_threat40_pressure,sixty_counterwall_jace,forty_overlord_impending,counter_guard,threat_pressure,mulligan_outcome_ranker_rev0027,land_band_business,60,40,31,16,7,5,1,21,7,4,2,6,1,public_counter_guard,jace_pressure_threat_response,counter60_vs_threat40
g00074_B_pressure_counter60_vs_threat40_life40_seat0_sp1_r0,6767074,40,1,0,1,0,0,0,0,0,0,0,3,0,0,0,0,0,0,15,22,,selfdeck,170,0,player_1_attempted_to_draw_from_empty_library,1.0,0.0,0,38,39,40,B_pressure_counter60_vs_threat40,60-vs-40 size-skew response cell.,Jace-pressure response from rev0066.,guard_counter_wall60,pub_threat40_pressure,sixty_counterwall_jace,forty_overlord_impending,counter_guard,threat_pressure,mulligan_outcome_ranker_rev0027,land_band_business,60,40,31,16,7,5,1,21,7,4,2,6,0,public_counter_guard,jace_pressure_threat_response,counter60_vs_threat40
g00075_B_pressure_counter60_vs_threat40_life40_seat0_sp1_r1,6767075,40,1,0,1,2,2,2,4,0,0,0,4,0,0,0,0,0,0,26,5,,selfdeck,275,0,player_1_attempted_to_draw_from_empty_library,1.0,0.0,0,25,40,28,B_pressure_counter60_vs_threat40,60-vs-40 size-skew response cell.,Jace-pressure response from rev0066.,guard_counter_wall60,pub_threat40_pressure,sixty_counterwall_jace,forty_overlord_impending,counter_guard,threat_pressure,mulligan_outcome_ranker_rev0027,land_band_business,60,40,31,16,7,5,1,21,7,4,2,6,1,public_counter_guard,jace_pressure_threat_response,counter60_vs_threat40
g00076_B_pressure_counter60_vs_threat40_life40_seat1_sp0_r0,6767076,40,0,1,0,5,7,6,14,0,0,0,4,0,0,0,0,0,1,7,5,,other,146,0,player_1_attempted_to_draw_from_empty_library,0.0,1.0,2,0,39,9,B_pressure_counter60_vs_threat40,60-vs-40 size-skew response cell.,Jace-pressure response from rev0066.,guard_counter_wall60,pub_threat40_pressure,sixty_counterwall_jace,forty_overlord_impending,counter_guard,threat_pressure,mulligan_outcome_ranker_rev0027,land_band_business,60,40,31,16,7,5,1,21,7,4,2,6,0,public_counter_guard,jace_pressure_threat_response,counter60_vs_threat40
g00077_B_pressure_counter60_vs_threat40_life40_seat1_sp0_r1,6767077,40,0,1,0,0,0,0,0,0,0,0,1,0,0,0,0,0,0,11,25,,selfdeck,123,1,player_0_attempted_to_draw_from_empty_library,1.0,0.0,0,42,39,38,B_pressure_counter60_vs_threat40,60-vs-40 size-skew response cell.,Jace-pressure response from rev0066.,guard_counter_wall60,pub_threat40_pressure,sixty_counterwall_jace,forty_overlord_impending,counter_guard,threat_pressure,mulligan_outcome_ranker_rev0027,land_band_business,60,40,31,16,7,5,1,21,7,4,2,6,1,public_counter_guard,jace_pressure_threat_response,counter60_vs_threat40
g00078_B_pressure_counter60_vs_threat40_life40_seat1_sp1_r0,6767078,40,1,1,0,0,0,0,0,0,0,0,4,0,0,0,0,0,0,13,23,,selfdeck,158,1,player_0_attempted_to_draw_from_empty_library,1.0,0.0,0,40,40,38,B_pressure_counter60_vs_threat40,60-vs-40 size-skew response cell.,Jace-pressure response from rev0066.,guard_counter_wall60,pub_threat40_pressure,sixty_counterwall_jace,forty_overlord_impending,counter_guard,threat_pressure,mulligan_outcome_ranker_rev0027,land_band_business,60,40,31,16,7,5,1,21,7,4,2,6,0,public_counter_guard,jace_pressure_threat_response,counter60_vs_threat40
g00079_B_pressure_counter60_vs_threat40_life40_seat1_sp1_r1,6767079,40,1,1,0,0,0,0,0,0,0,0,3,0,0,0,0,0,0,14,23,,selfdeck,166,1,player_0_attempted_to_draw_from_empty_library,1.0,0.0,0,39,40,39,B_pressure_counter60_vs_threat40,60-vs-40 size-skew response cell.,Jace-pressure response from rev0066.,guard_counter_wall60,pub_threat40_pressure,sixty_counterwall_jace,forty_overlord_impending,counter_guard,threat_pressure,mulligan_outcome_ranker_rev0027,land_band_business,60,40,31,16,7,5,1,21,7,4,2,6,1,public_counter_guard,jace_pressure_threat_response,counter60_vs_threat40
g00080_B_surge_counter60_vs_threat40_life20_seat0_sp0_r0,6767080,20,0,0,1,4,4,4,8,1,0,0,2,0,0,0,0,0,0,6,15,,other,105,1,player_0_life_total_zero_or_less,0.0,1.0,13,44,19,-1,B_surge_counter60_vs_threat40,60-vs-40 size-skew response cell.,Face/protection surge: spends stack interaction to protect threats and prioritizes safe player damage.,guard_counter_wall60,pub_threat40_surge,sixty_counterwall_jace,forty_overlord_impending,counter_guard,threat_surge,mulligan_outcome_ranker_rev0027,land_band_business,60,40,31,16,7,5,1,21,7,4,2,6,0,public_counter_guard,face_protect_threat_surge,counter60_vs_threat40
g00081_B_surge_counter60_vs_threat40_life20_seat0_sp0_r1,6767081,20,0,0,1,0,0,0,0,0,0,0,1,0,0,0,0,0,0,14,30,,selfdeck,142,0,player_1_attempted_to_draw_from_empty_library,1.0,0.0,0,39,20,19,B_surge_counter60_vs_threat40,60-vs-40 size-skew response cell.,Face/protection surge: spends stack interaction to protect threats and prioritizes safe player damage.,guard_counter_wall60,pub_threat40_surge,sixty_counterwall_jace,forty_overlord_impending,counter_guard,threat_surge,mulligan_outcome_ranker_rev0027,land_band_business,60,40,31,16,7,5,1,21,7,4,2,6,1,public_counter_guard,face_protect_threat_surge,counter60_vs_threat40
g00082_B_surge_counter60_vs_threat40_life20_seat0_sp1_r0,6767082,20,1,0,1,0,0,0,0,0,0,0,2,0,0,0,0,0,1,12,23,,other,133,1,player_0_attempted_to_draw_from_empty_library,0.0,1.0,22,0,19,19,B_surge_counter60_vs_threat40,60-vs-40 size-skew response cell.,Face/protection surge: spends stack interaction to protect threats and prioritizes safe player damage.,guard_counter_wall60,pub_threat40_surge,sixty_counterwall_jace,forty_overlord_impending,counter_guard,threat_surge,mulligan_outcome_ranker_rev0027,land_band_business,60,40,31,16,7,5,1,21,7,4,2,6,0,public_counter_guard,face_protect_threat_surge,counter60_vs_threat40
g00083_B_surge_counter60_vs_threat40_life20_seat0_sp1_r1,6767083,20,1,0,1,0,0,0,0,0,0,0,2,0,0,0,0,0,0,13,22,,selfdeck,151,0,player_1_attempted_to_draw_from_empty_library,1.0,0.0,0,40,19,19,B_surge_counter60_vs_threat40,60-vs-40 size-skew response cell.,Face/protection surge: spends stack interaction to protect threats and prioritizes safe player damage.,guard_counter_wall60,pub_threat40_surge,sixty_counterwall_jace,forty_overlord_impending,counter_guard,threat_surge,mulligan_outcome_ranker_rev0027,land_band_business,60,40,31,16,7,5,1,21,7,4,2,6,1,public_counter_guard,face_protect_threat_surge,counter60_vs_threat40
g00084_B_surge_counter60_vs_threat40_life20_seat1_sp0_r0,6767084,20,0,1,0,0,0,0,0,0,0,0,2,0,0,0,0,0,0,9,25,,selfdeck,111,1,player_0_attempted_to_draw_from_empty_library,1.0,0.0,0,44,18,18,B_surge_counter60_vs_threat40,60-vs-40 size-skew response cell.,Face/protection surge: spends stack interaction to protect threats and prioritizes safe player damage.,guard_counter_wall60,pub_threat40_surge,sixty_counterwall_jace,forty_overlord_impending,counter_guard,threat_surge,mulligan_outcome_ranker_rev0027,land_band_business,60,40,31,16,7,5,1,21,7,4,2,6,0,public_counter_guard,face_protect_threat_surge,counter60_vs_threat40
g00085_B_surge_counter60_vs_threat40_life20_seat1_sp0_r1,6767085,20,0,1,0,0,0,0,0,0,0,0,8,0,0,0,0,0,0,10,16,,life_total,154,1,player_0_life_total_zero_or_less,1.0,0.0,14,33,-1,19,B_surge_counter60_vs_threat40,60-vs-40 size-skew response cell.,Face/protection surge: spends stack interaction to protect threats and prioritizes safe player damage.,guard_counter_wall60,pub_threat40_surge,sixty_counterwall_jace,forty_overlord_impending,counter_guard,threat_surge,mulligan_outcome_ranker_rev0027,land_band_business,60,40,31,16,7,5,1,21,7,4,2,6,1,public_counter_guard,face_protect_threat_surge,counter60_vs_threat40
g00086_B_surge_counter60_vs_threat40_life20_seat1_sp1_r0,6767086,20,1,1,0,0,0,0,0,0,0,0,2,0,0,0,0,0,1,11,27,,other,133,0,player_1_attempted_to_draw_from_empty_library,0.0,1.0,1,0,20,18,B_surge_counter60_vs_threat40,60-vs-40 size-skew response cell.,Face/protection surge: spends stack interaction to protect threats and prioritizes safe player damage.,guard_counter_wall60,pub_threat40_surge,sixty_counterwall_jace,forty_overlord_impending,counter_guard,threat_surge,mulligan_outcome_ranker_rev0027,land_band_business,60,40,31,16,7,5,1,21,7,4,2,6,0,public_counter_guard,face_protect_threat_surge,counter60_vs_threat40
g00087_B_surge_counter60_vs_threat40_life20_seat1_sp1_r1,6767087,20,1,1,0,2,2,2,4,0,0,0,4,0,0,0,0,0,0,17,15,,selfdeck,215,1,player_0_attempted_to_draw_from_empty_library,1.0,0.0,0,34,18,10,B_surge_counter60_vs_threat40,60-vs-40 size-skew response cell.,Face/protection surge: spends stack interaction to protect threats and prioritizes safe player damage.,guard_counter_wall60,pub_threat40_surge,sixty_counterwall_jace,forty_overlord_impending,counter_guard,threat_surge,mulligan_outcome_ranker_rev0027,land_band_business,60,40,31,16,7,5,1,21,7,4,2,6,1,public_counter_guard,face_protect_threat_surge,counter60_vs_threat40
g00088_B_surge_counter60_vs_threat40_life40_seat0_sp0_r0,6767088,40,0,0,1,1,1,0,2,0,0,0,11,0,0,0,0,0,1,12,4,,other,199,1,player_0_attempted_to_draw_from_empty_library,0.0,1.0,2,0,40,38,B_surge_counter60_vs_threat40,60-vs-40 size-skew response cell.,Face/protection surge: spends stack interaction to protect threats and prioritizes safe player damage.,guard_counter_wall60,pub_threat40_surge,sixty_counterwall_jace,forty_overlord_impending,counter_guard,threat_surge,mulligan_outcome_ranker_rev0027,land_band_business,60,40,31,16,7,5,1,21,7,4,2,6,0,public_counter_guard,face_protect_threat_surge,counter60_vs_threat40
g00089_B_surge_counter60_vs_threat40_life40_seat0_sp0_r1,6767089,40,0,0,1,0,0,0,0,0,0,0,10,0,0,0,0,0,0,16,4,,selfdeck,226,0,player_1_attempted_to_draw_from_empty_library,1.0,0.0,0,29,23,40,B_surge_counter60_vs_threat40,60-vs-40 size-skew response cell.,Face/protection surge: spends stack interaction to protect threats and prioritizes safe player damage.,guard_counter_wall60,pub_threat40_surge,sixty_counterwall_jace,forty_overlord_impending,counter_guard,threat_surge,mulligan_outcome_ranker_rev0027,land_band_business,60,40,31,16,7,5,1,21,7,4,2,6,1,public_counter_guard,face_protect_threat_surge,counter60_vs_threat40
g00090_B_surge_counter60_vs_threat40_life40_seat0_sp1_r0,6767090,40,1,0,1,4,4,2,8,0,0,0,7,0,0,0,0,0,0,12,6,,selfdeck,190,0,player_1_attempted_to_draw_from_empty_library,1.0,0.0,0,37,39,29,B_surge_counter60_vs_threat40,60-vs-40 size-skew response cell.,Face/protection surge: spends stack interaction to protect threats and prioritizes safe player damage.,guard_counter_wall60,pub_threat40_surge,sixty_counterwall_jace,forty_overlord_impending,counter_guard,threat_surge,mulligan_outcome_ranker_rev0027,land_band_business,60,40,31,16,7,5,1,21,7,4,2,6,0,public_counter_guard,face_protect_threat_surge,counter60_vs_threat40
g00091_B_surge_counter60_vs_threat40_life40_seat0_sp1_r1,6767091,40,1,0,1,0,0,0,0,0,0,0,1,0,0,0,0,0,1,15,28,,selfdeck,166,0,player_1_attempted_to_draw_from_empty_library,1.0,0.0,0,2,39,39,B_surge_counter60_vs_threat40,60-vs-40 size-skew response cell.,Face/protection surge: spends stack interaction to protect threats and prioritizes safe player damage.,guard_counter_wall60,pub_threat40_surge,sixty_counterwall_jace,forty_overlord_impending,counter_guard,threat_surge,mulligan_outcome_ranker_rev0027,land_band_business,60,40,31,16,7,5,1,21,7,4,2,6,1,public_counter_guard,face_protect_threat_surge,counter60_vs_threat40
g00092_B_surge_counter60_vs_threat40_life40_seat1_sp0_r0,6767092,40,0,1,0,2,2,1,4,0,0,0,5,0,0,0,0,0,0,20,6,,selfdeck,244,1,player_0_attempted_to_draw_from_empty_library,1.0,0.0,0,31,39,35,B_surge_counter60_vs_threat40,60-vs-40 size-skew response cell.,Face/protection surge: spends stack interaction to protect threats and prioritizes safe player damage.,guard_counter_wall60,pub_threat40_surge,sixty_counterwall_jace,forty_overlord_impending,counter_guard,threat_surge,mulligan_outcome_ranker_rev0027,land_band_business,60,40,31,16,7,5,1,21,7,4,2,6,0,public_counter_guard,face_protect_threat_surge,counter60_vs_threat40
g00093_B_surge_counter60_vs_threat40_life40_seat1_sp0_r1,6767093,40,0,1,0,8,8,8,16,1,0,0,4,0,0,0,0,0,1,6,4,,other,159,0,player_1_life_total_zero_or_less,0.0,1.0,2,0,39,-1,B_surge_counter60_vs_threat40,60-vs-40 size-skew response cell.,Face/protection surge: spends stack interaction to protect threats and prioritizes safe player damage.,guard_counter_wall60,pub_threat40_surge,sixty_counterwall_jace,forty_overlord_impending,counter_guard,threat_surge,mulligan_outcome_ranker_rev0027,land_band_business,60,40,31,16,7,5,1,21,7,4,2,6,1,public_counter_guard,face_protect_threat_surge,counter60_vs_threat40
g00094_B_surge_counter60_vs_threat40_life40_seat1_sp1_r0,6767094,40,1,1,0,0,0,0,0,0,0,0,5,0,0,0,0,0,0,10,22,,selfdeck,134,1,player_0_attempted_to_draw_from_empty_library,1.0,0.0,0,43,39,39,B_surge_counter60_vs_threat40,60-vs-40 size-skew response cell.,Face/protection surge: spends stack interaction to protect threats and prioritizes safe player damage.,guard_counter_wall60,pub_threat40_surge,sixty_counterwall_jace,forty_overlord_impending,counter_guard,threat_surge,mulligan_outcome_ranker_rev0027,land_band_business,60,40,31,16,7,5,1,21,7,4,2,6,0,public_counter_guard,face_protect_threat_surge,counter60_vs_threat40
g00095_B_surge_counter60_vs_threat40_life40_seat1_sp1_r1,6767095,40,1,1,0,0,0,0,0,0,0,0,2,0,0,0,0,0,0,14,21,,life_total,169,1,player_0_life_total_zero_or_less,1.0,0.0,19,21,-2,39,B_surge_counter60_vs_threat40,60-vs-40 size-skew response cell.,Face/protection surge: spends stack interaction to protect threats and prioritizes safe player damage.,guard_counter_wall60,pub_threat40_surge,sixty_counterwall_jace,forty_overlord_impending,counter_guard,threat_surge,mulligan_outcome_ranker_rev0027,land_band_business,60,40,31,16,7,5,1,21,7,4,2,6,1,public_counter_guard,face_protect_threat_surge,counter60_vs_threat40
g00096_C_closure_counter60_vs_threat60_life20_seat0_sp0_r0,6767096,20,0,0,1,0,0,0,0,0,0,0,2,0,0,0,0,0,1,10,43,,other,131,1,player_0_attempted_to_draw_from_empty_library,0.0,1.0,41,0,18,19,C_closure_counter60_vs_threat60,60-vs-60 normalized response cell.,Library-aware closure baseline repaired in rev0063/rev0064.,guard_counter_wall60,pub_threat60_closure,sixty_counterwall_jace,sixty_overlord_scaled_from40,counter_guard,threat_closure,mulligan_outcome_ranker_rev0027,land_band_business,60,60,31,16,7,5,1,32,10,6,3,9,0,public_counter_guard,library_aware_threat_closure_targetguarded,counter60_vs_threat60
g00097_C_closure_counter60_vs_threat60_life20_seat0_sp0_r1,6767097,20,0,0,1,2,4,4,8,1,0,0,2,0,0,0,0,0,0,15,28,,other,176,1,player_0_life_total_zero_or_less,0.0,1.0,24,35,19,-1,C_closure_counter60_vs_threat60,60-vs-60 normalized response cell.,Library-aware closure baseline repaired in rev0063/rev0064.,guard_counter_wall60,pub_threat60_closure,sixty_counterwall_jace,sixty_overlord_scaled_from40,counter_guard,threat_closure,mulligan_outcome_ranker_rev0027,land_band_business,60,60,31,16,7,5,1,32,10,6,3,9,1,public_counter_guard,library_aware_threat_closure_targetguarded,counter60_vs_threat60
g00098_C_closure_counter60_vs_threat60_life20_seat0_sp1_r0,6767098,20,1,0,1,4,4,4,8,1,0,0,5,0,0,0,0,0,0,5,37,,other,98,1,player_0_life_total_zero_or_less,0.0,1.0,35,45,20,-1,C_closure_counter60_vs_threat60,60-vs-60 normalized response cell.,Library-aware closure baseline repaired in rev0063/rev0064.,guard_counter_wall60,pub_threat60_closure,sixty_counterwall_jace,sixty_overlord_scaled_from40,counter_guard,threat_closure,mulligan_outcome_ranker_rev0027,land_band_business,60,60,31,16,7,5,1,32,10,6,3,9,0,public_counter_guard,library_aware_threat_closure_targetguarded,counter60_vs_threat60
g00099_C_closure_counter60_vs_threat60_life20_seat0_sp1_r1,6767099,20,1,0,1,1,1,1,2,0,0,0,4,0,0,0,0,0,1,12,37,,other,150,1,player_0_attempted_to_draw_from_empty_library,0.0,1.0,35,0,19,14,C_closure_counter60_vs_threat60,60-vs-60 normalized response cell.,Library-aware closure baseline repaired in rev0063/rev0064.,guard_counter_wall60,pub_threat60_closure,sixty_counterwall_jace,sixty_overlord_scaled_from40,counter_guard,threat_closure,mulligan_outcome_ranker_rev0027,land_band_business,60,60,31,16,7,5,1,32,10,6,3,9,1,public_counter_guard,library_aware_threat_closure_targetguarded,counter60_vs_threat60
g00100_C_closure_counter60_vs_threat60_life20_seat1_sp0_r0,6767100,20,0,1,0,0,0,0,0,0,0,0,0,0,0,0,0,0,0,19,,,selfdeck,186,1,player_0_attempted_to_draw_from_empty_library,1.0,0.0,0,34,20,19,C_closure_counter60_vs_threat60,60-vs-60 normalized response cell.,Library-aware closure baseline repaired in rev0063/rev0064.,guard_counter_wall60,pub_threat60_closure,sixty_counterwall_jace,sixty_overlord_scaled_from40,counter_guard,threat_closure,mulligan_outcome_ranker_rev0027,land_band_business,60,60,31,16,7,5,1,32,10,6,3,9,0,public_counter_guard,library_aware_threat_closure_targetguarded,counter60_vs_threat60
g00101_C_closure_counter60_vs_threat60_life20_seat1_sp0_r1,6767101,20,0,1,0,2,2,2,4,0,0,0,9,0,0,0,0,0,0,21,17,,life_total,272,1,player_0_life_total_zero_or_less,1.0,0.0,15,20,-1,8,C_closure_counter60_vs_threat60,60-vs-60 normalized response cell.,Library-aware closure baseline repaired in rev0063/rev0064.,guard_counter_wall60,pub_threat60_closure,sixty_counterwall_jace,sixty_overlord_scaled_from40,counter_guard,threat_closure,mulligan_outcome_ranker_rev0027,land_band_business,60,60,31,16,7,5,1,32,10,6,3,9,1,public_counter_guard,library_aware_threat_closure_targetguarded,counter60_vs_threat60
g00102_C_closure_counter60_vs_threat60_life20_seat1_sp1_r0,6767102,20,1,1,0,4,4,4,8,1,0,0,2,0,0,0,0,0,0,6,36,,other,117,0,player_1_life_total_zero_or_less,0.0,1.0,34,44,19,-1,C_closure_counter60_vs_threat60,60-vs-60 normalized response cell.,Library-aware closure baseline repaired in rev0063/rev0064.,guard_counter_wall60,pub_threat60_closure,sixty_counterwall_jace,sixty_overlord_scaled_from40,counter_guard,threat_closure,mulligan_outcome_ranker_rev0027,land_band_business,60,60,31,16,7,5,1,32,10,6,3,9,0,public_counter_guard,library_aware_threat_closure_targetguarded,counter60_vs_threat60
g00103_C_closure_counter60_vs_threat60_life20_seat1_sp1_r1,6767103,20,1,1,0,3,3,3,6,0,0,0,6,0,0,0,0,0,0,23,26,,selfdeck,275,1,player_0_attempted_to_draw_from_empty_library,1.0,0.0,0,27,18,4,C_closure_counter60_vs_threat60,60-vs-60 normalized response cell.,Library-aware closure baseline repaired in rev0063/rev0064.,guard_counter_wall60,pub_threat60_closure,sixty_counterwall_jace,sixty_overlord_scaled_from40,counter_guard,threat_closure,mulligan_outcome_ranker_rev0027,land_band_business,60,60,31,16,7,5,1,32,10,6,3,9,1,public_counter_guard,library_aware_threat_closure_targetguarded,counter60_vs_threat60
g00104_C_closure_counter60_vs_threat60_life40_seat0_sp0_r0,6767104,40,0,0,1,6,10,10,20,1,0,0,5,0,0,0,0,0,0,7,20,,other,157,1,player_0_life_total_zero_or_less,0.0,1.0,14,41,39,-12,C_closure_counter60_vs_threat60,60-vs-60 normalized response cell.,Library-aware closure baseline repaired in rev0063/rev0064.,guard_counter_wall60,pub_threat60_closure,sixty_counterwall_jace,sixty_overlord_scaled_from40,counter_guard,threat_closure,mulligan_outcome_ranker_rev0027,land_band_business,60,60,31,16,7,5,1,32,10,6,3,9,0,public_counter_guard,library_aware_threat_closure_targetguarded,counter60_vs_threat60
g00105_C_closure_counter60_vs_threat60_life40_seat0_sp0_r1,6767105,40,0,0,1,3,10,10,20,1,0,0,9,0,0,0,0,0,0,10,14,,other,181,1,player_0_life_total_zero_or_less,0.0,1.0,4,41,40,-12,C_closure_counter60_vs_threat60,60-vs-60 normalized response cell.,Library-aware closure baseline repaired in rev0063/rev0064.,guard_counter_wall60,pub_threat60_closure,sixty_counterwall_jace,sixty_overlord_scaled_from40,counter_guard,threat_closure,mulligan_outcome_ranker_rev0027,land_band_business,60,60,31,16,7,5,1,32,10,6,3,9,1,public_counter_guard,library_aware_threat_closure_targetguarded,counter60_vs_threat60
g00106_C_closure_counter60_vs_threat60_life40_seat0_sp1_r0,6767106,40,1,0,1,7,7,7,14,0,0,0,5,0,0,0,0,0,0,21,21,,selfdeck,314,0,player_1_attempted_to_draw_from_empty_library,1.0,0.0,0,23,37,4,C_closure_counter60_vs_threat60,60-vs-60 normalized response cell.,Library-aware closure baseline repaired in rev0063/rev0064.,guard_counter_wall60,pub_threat60_closure,sixty_counterwall_jace,sixty_overlord_scaled_from40,counter_guard,threat_closure,mulligan_outcome_ranker_rev0027,land_band_business,60,60,31,16,7,5,1,32,10,6,3,9,0,public_counter_guard,library_aware_threat_closure_targetguarded,counter60_vs_threat60
g00107_C_closure_counter60_vs_threat60_life40_seat0_sp1_r1,6767107,40,1,0,1,7,8,8,16,1,0,0,4,0,0,0,0,0,0,9,21,,other,176,1,player_0_life_total_zero_or_less,0.0,1.0,19,38,38,-2,C_closure_counter60_vs_threat60,60-vs-60 normalized response cell.,Library-aware closure baseline repaired in rev0063/rev0064.,guard_counter_wall60,pub_threat60_closure,sixty_counterwall_jace,sixty_overlord_scaled_from40,counter_guard,threat_closure,mulligan_outcome_ranker_rev0027,land_band_business,60,60,31,16,7,5,1,32,10,6,3,9,1,public_counter_guard,library_aware_threat_closure_targetguarded,counter60_vs_threat60
g00108_C_closure_counter60_vs_threat60_life40_seat1_sp0_r0,6767108,40,0,1,0,0,0,0,0,0,0,0,1,0,0,0,0,0,0,14,41,,selfdeck,164,1,player_0_attempted_to_draw_from_empty_library,1.0,0.0,0,25,8,40,C_closure_counter60_vs_threat60,60-vs-60 normalized response cell.,Library-aware closure baseline repaired in rev0063/rev0064.,guard_counter_wall60,pub_threat60_closure,sixty_counterwall_jace,sixty_overlord_scaled_from40,counter_guard,threat_closure,mulligan_outcome_ranker_rev0027,land_band_business,60,60,31,16,7,5,1,32,10,6,3,9,0,public_counter_guard,library_aware_threat_closure_targetguarded,counter60_vs_threat60
g00109_C_closure_counter60_vs_threat60_life40_seat1_sp0_r1,6767109,40,0,1,0,0,0,0,0,0,0,0,0,0,0,0,0,0,1,12,,,selfdeck,134,1,player_0_attempted_to_draw_from_empty_library,1.0,0.0,0,1,39,40,C_closure_counter60_vs_threat60,60-vs-60 normalized response cell.,Library-aware closure baseline repaired in rev0063/rev0064.,guard_counter_wall60,pub_threat60_closure,sixty_counterwall_jace,sixty_overlord_scaled_from40,counter_guard,threat_closure,mulligan_outcome_ranker_rev0027,land_band_business,60,60,31,16,7,5,1,32,10,6,3,9,1,public_counter_guard,library_aware_threat_closure_targetguarded,counter60_vs_threat60
g00110_C_closure_counter60_vs_threat60_life40_seat1_sp1_r0,6767110,40,1,1,0,0,0,0,0,0,0,0,2,0,0,0,0,0,0,14,49,,selfdeck,164,1,player_0_attempted_to_draw_from_empty_library,1.0,0.0,0,23,5,38,C_closure_counter60_vs_threat60,60-vs-60 normalized response cell.,Library-aware closure baseline repaired in rev0063/rev0064.,guard_counter_wall60,pub_threat60_closure,sixty_counterwall_jace,sixty_overlord_scaled_from40,counter_guard,threat_closure,mulligan_outcome_ranker_rev0027,land_band_business,60,60,31,16,7,5,1,32,10,6,3,9,0,public_counter_guard,library_aware_threat_closure_targetguarded,counter60_vs_threat60
g00111_C_closure_counter60_vs_threat60_life40_seat1_sp1_r1,6767111,40,1,1,0,3,3,3,6,0,0,0,17,0,0,0,0,0,0,14,5,,selfdeck,255,1,player_0_attempted_to_draw_from_empty_library,1.0,0.0,0,36,39,23,C_closure_counter60_vs_threat60,60-vs-60 normalized response cell.,Library-aware closure baseline repaired in rev0063/rev0064.,guard_counter_wall60,pub_threat60_closure,sixty_counterwall_jace,sixty_overlord_scaled_from40,counter_guard,threat_closure,mulligan_outcome_ranker_rev0027,land_band_business,60,60,31,16,7,5,1,32,10,6,3,9,1,public_counter_guard,library_aware_threat_closure_targetguarded,counter60_vs_threat60
g00112_C_pressure_counter60_vs_threat60_life20_seat0_sp0_r0,6767112,20,0,0,1,0,0,0,0,0,0,0,0,0,0,0,0,0,0,13,,,selfdeck,135,0,player_1_attempted_to_draw_from_empty_library,1.0,0.0,0,40,19,20,C_pressure_counter60_vs_threat60,60-vs-60 normalized response cell.,Jace-pressure response from rev0066.,guard_counter_wall60,pub_threat60_pressure,sixty_counterwall_jace,sixty_overlord_scaled_from40,counter_guard,threat_pressure,mulligan_outcome_ranker_rev0027,land_band_business,60,60,31,16,7,5,1,32,10,6,3,9,0,public_counter_guard,jace_pressure_threat_response,counter60_vs_threat60
g00113_C_pressure_counter60_vs_threat60_life20_seat0_sp0_r1,6767113,20,0,0,1,0,0,0,0,0,0,0,4,0,0,0,0,0,0,12,39,,selfdeck,153,0,player_1_attempted_to_draw_from_empty_library,1.0,0.0,0,41,18,19,C_pressure_counter60_vs_threat60,60-vs-60 normalized response cell.,Jace-pressure response from rev0066.,guard_counter_wall60,pub_threat60_pressure,sixty_counterwall_jace,sixty_overlord_scaled_from40,counter_guard,threat_pressure,mulligan_outcome_ranker_rev0027,land_band_business,60,60,31,16,7,5,1,32,10,6,3,9,1,public_counter_guard,jace_pressure_threat_response,counter60_vs_threat60
g00114_C_pressure_counter60_vs_threat60_life20_seat0_sp1_r0,6767114,20,1,0,1,0,0,0,0,0,0,0,2,0,0,0,0,0,0,19,40,,life_total,211,0,player_1_life_total_zero_or_less,1.0,0.0,35,24,-1,19,C_pressure_counter60_vs_threat60,60-vs-60 normalized response cell.,Jace-pressure response from rev0066.,guard_counter_wall60,pub_threat60_pressure,sixty_counterwall_jace,sixty_overlord_scaled_from40,counter_guard,threat_pressure,mulligan_outcome_ranker_rev0027,land_band_business,60,60,31,16,7,5,1,32,10,6,3,9,0,public_counter_guard,jace_pressure_threat_response,counter60_vs_threat60
g00115_C_pressure_counter60_vs_threat60_life20_seat0_sp1_r1,6767115,20,1,0,1,3,6,6,12,1,0,0,3,0,0,0,0,0,0,7,32,,other,121,1,player_0_life_total_zero_or_less,0.0,1.0,26,44,19,-11,C_pressure_counter60_vs_threat60,60-vs-60 normalized response cell.,Jace-pressure response from rev0066.,guard_counter_wall60,pub_threat60_pressure,sixty_counterwall_jace,sixty_overlord_scaled_from40,counter_guard,threat_pressure,mulligan_outcome_ranker_rev0027,land_band_business,60,60,31,16,7,5,1,32,10,6,3,9,1,public_counter_guard,jace_pressure_threat_response,counter60_vs_threat60
g00116_C_pressure_counter60_vs_threat60_life20_seat1_sp0_r0,6767116,20,0,1,0,0,0,0,0,0,0,0,2,0,0,0,0,0,0,18,43,,selfdeck,173,1,player_0_attempted_to_draw_from_empty_library,1.0,0.0,0,35,19,19,C_pressure_counter60_vs_threat60,60-vs-60 normalized response cell.,Jace-pressure response from rev0066.,guard_counter_wall60,pub_threat60_pressure,sixty_counterwall_jace,sixty_overlord_scaled_from40,counter_guard,threat_pressure,mulligan_outcome_ranker_rev0027,land_band_business,60,60,31,16,7,5,1,32,10,6,3,9,0,public_counter_guard,jace_pressure_threat_response,counter60_vs_threat60
g00117_C_pressure_counter60_vs_threat60_life20_seat1_sp0_r1,6767117,20,0,1,0,0,0,0,0,0,0,0,2,0,0,0,0,0,0,27,32,,selfdeck,264,1,player_0_attempted_to_draw_from_empty_library,1.0,0.0,0,26,16,19,C_pressure_counter60_vs_threat60,60-vs-60 normalized response cell.,Jace-pressure response from rev0066.,guard_counter_wall60,pub_threat60_pressure,sixty_counterwall_jace,sixty_overlord_scaled_from40,counter_guard,threat_pressure,mulligan_outcome_ranker_rev0027,land_band_business,60,60,31,16,7,5,1,32,10,6,3,9,1,public_counter_guard,jace_pressure_threat_response,counter60_vs_threat60
g00118_C_pressure_counter60_vs_threat60_life20_seat1_sp1_r0,6767118,20,1,1,0,4,4,4,8,1,0,0,6,0,0,0,0,0,0,11,24,,other,182,0,player_1_life_total_zero_or_less,0.0,1.0,22,39,18,-2,C_pressure_counter60_vs_threat60,60-vs-60 normalized response cell.,Jace-pressure response from rev0066.,guard_counter_wall60,pub_threat60_pressure,sixty_counterwall_jace,sixty_overlord_scaled_from40,counter_guard,threat_pressure,mulligan_outcome_ranker_rev0027,land_band_business,60,60,31,16,7,5,1,32,10,6,3,9,0,public_counter_guard,jace_pressure_threat_response,counter60_vs_threat60
g00119_C_pressure_counter60_vs_threat60_life20_seat1_sp1_r1,6767119,20,1,1,0,0,0,0,0,0,0,0,1,0,0,0,0,0,0,12,50,,selfdeck,128,1,player_0_attempted_to_draw_from_empty_library,1.0,0.0,0,41,19,19,C_pressure_counter60_vs_threat60,60-vs-60 normalized response cell.,Jace-pressure response from rev0066.,guard_counter_wall60,pub_threat60_pressure,sixty_counterwall_jace,sixty_overlord_scaled_from40,counter_guard,threat_pressure,mulligan_outcome_ranker_rev0027,land_band_business,60,60,31,16,7,5,1,32,10,6,3,9,1,public_counter_guard,jace_pressure_threat_response,counter60_vs_threat60
g00120_C_pressure_counter60_vs_threat60_life40_seat0_sp0_r0,6767120,40,0,0,1,5,5,5,10,0,0,0,5,0,0,0,0,0,1,34,7,,other,384,1,player_0_attempted_to_draw_from_empty_library,0.0,1.0,2,0,38,13,C_pressure_counter60_vs_threat60,60-vs-60 normalized response cell.,Jace-pressure response from rev0066.,guard_counter_wall60,pub_threat60_pressure,sixty_counterwall_jace,sixty_overlord_scaled_from40,counter_guard,threat_pressure,mulligan_outcome_ranker_rev0027,land_band_business,60,60,31,16,7,5,1,32,10,6,3,9,0,public_counter_guard,jace_pressure_threat_response,counter60_vs_threat60
g00121_C_pressure_counter60_vs_threat60_life40_seat0_sp0_r1,6767121,40,0,0,1,0,0,0,0,0,0,0,9,0,0,0,0,0,0,14,31,,life_total,212,0,player_1_life_total_zero_or_less,1.0,0.0,29,21,0,39,C_pressure_counter60_vs_threat60,60-vs-60 normalized response cell.,Jace-pressure response from rev0066.,guard_counter_wall60,pub_threat60_pressure,sixty_counterwall_jace,sixty_overlord_scaled_from40,counter_guard,threat_pressure,mulligan_outcome_ranker_rev0027,land_band_business,60,60,31,16,7,5,1,32,10,6,3,9,1,public_counter_guard,jace_pressure_threat_response,counter60_vs_threat60
g00122_C_pressure_counter60_vs_threat60_life40_seat0_sp1_r0,6767122,40,1,0,1,7,10,10,20,1,0,0,6,0,0,0,0,0,0,11,16,,other,199,1,player_0_life_total_zero_or_less,0.0,1.0,10,36,39,-12,C_pressure_counter60_vs_threat60,60-vs-60 normalized response cell.,Jace-pressure response from rev0066.,guard_counter_wall60,pub_threat60_pressure,sixty_counterwall_jace,sixty_overlord_scaled_from40,counter_guard,threat_pressure,mulligan_outcome_ranker_rev0027,land_band_business,60,60,31,16,7,5,1,32,10,6,3,9,0,public_counter_guard,jace_pressure_threat_response,counter60_vs_threat60
g00123_C_pressure_counter60_vs_threat60_life40_seat0_sp1_r1,6767123,40,1,0,1,0,0,0,0,0,0,0,7,0,0,0,0,0,0,19,34,,selfdeck,219,0,player_1_attempted_to_draw_from_empty_library,1.0,0.0,0,34,38,40,C_pressure_counter60_vs_threat60,60-vs-60 normalized response cell.,Jace-pressure response from rev0066.,guard_counter_wall60,pub_threat60_pressure,sixty_counterwall_jace,sixty_overlord_scaled_from40,counter_guard,threat_pressure,mulligan_outcome_ranker_rev0027,land_band_business,60,60,31,16,7,5,1,32,10,6,3,9,1,public_counter_guard,jace_pressure_threat_response,counter60_vs_threat60
g00124_C_pressure_counter60_vs_threat60_life40_seat1_sp0_r0,6767124,40,0,1,0,0,0,0,0,0,0,0,0,0,0,0,0,0,0,14,,,selfdeck,136,1,player_0_attempted_to_draw_from_empty_library,1.0,0.0,0,39,40,40,C_pressure_counter60_vs_threat60,60-vs-60 normalized response cell.,Jace-pressure response from rev0066.,guard_counter_wall60,pub_threat60_pressure,sixty_counterwall_jace,sixty_overlord_scaled_from40,counter_guard,threat_pressure,mulligan_outcome_ranker_rev0027,land_band_business,60,60,31,16,7,5,1,32,10,6,3,9,0,public_counter_guard,jace_pressure_threat_response,counter60_vs_threat60
g00125_C_pressure_counter60_vs_threat60_life40_seat1_sp0_r1,6767125,40,0,1,0,0,0,0,0,0,0,0,6,0,0,0,0,0,0,14,36,,life_total,198,1,player_0_life_total_zero_or_less,1.0,0.0,32,21,-1,39,C_pressure_counter60_vs_threat60,60-vs-60 normalized response cell.,Jace-pressure response from rev0066.,guard_counter_wall60,pub_threat60_pressure,sixty_counterwall_jace,sixty_overlord_scaled_from40,counter_guard,threat_pressure,mulligan_outcome_ranker_rev0027,land_band_business,60,60,31,16,7,5,1,32,10,6,3,9,1,public_counter_guard,jace_pressure_threat_response,counter60_vs_threat60
g00126_C_pressure_counter60_vs_threat60_life40_seat1_sp1_r0,6767126,40,1,1,0,0,0,0,0,0,0,0,1,0,0,0,0,0,0,15,43,,selfdeck,172,1,player_0_attempted_to_draw_from_empty_library,1.0,0.0,0,30,23,37,C_pressure_counter60_vs_threat60,60-vs-60 normalized response cell.,Jace-pressure response from rev0066.,guard_counter_wall60,pub_threat60_pressure,sixty_counterwall_jace,sixty_overlord_scaled_from40,counter_guard,threat_pressure,mulligan_outcome_ranker_rev0027,land_band_business,60,60,31,16,7,5,1,32,10,6,3,9,0,public_counter_guard,jace_pressure_threat_response,counter60_vs_threat60
g00127_C_pressure_counter60_vs_threat60_life40_seat1_sp1_r1,6767127,40,1,1,0,0,0,0,0,0,0,0,5,0,0,0,0,0,0,14,43,,selfdeck,162,1,player_0_attempted_to_draw_from_empty_library,1.0,0.0,0,39,40,40,C_pressure_counter60_vs_threat60,60-vs-60 normalized response cell.,Jace-pressure response from rev0066.,guard_counter_wall60,pub_threat60_pressure,sixty_counterwall_jace,sixty_overlord_scaled_from40,counter_guard,threat_pressure,mulligan_outcome_ranker_rev0027,land_band_business,60,60,31,16,7,5,1,32,10,6,3,9,1,public_counter_guard,jace_pressure_threat_response,counter60_vs_threat60
g00128_C_surge_counter60_vs_threat60_life20_seat0_sp0_r0,6767128,20,0,0,1,3,4,4,8,1,0,0,3,0,0,0,0,0,0,11,31,,other,155,1,player_0_life_total_zero_or_less,0.0,1.0,27,40,19,-3,C_surge_counter60_vs_threat60,60-vs-60 normalized response cell.,Face/protection surge: spends stack interaction to protect threats and prioritizes safe player damage.,guard_counter_wall60,pub_threat60_surge,sixty_counterwall_jace,sixty_overlord_scaled_from40,counter_guard,threat_surge,mulligan_outcome_ranker_rev0027,land_band_business,60,60,31,16,7,5,1,32,10,6,3,9,0,public_counter_guard,face_protect_threat_surge,counter60_vs_threat60
g00129_C_surge_counter60_vs_threat60_life20_seat0_sp0_r1,6767129,20,0,0,1,3,4,4,8,1,0,0,5,0,0,0,0,0,0,7,33,,other,119,1,player_0_life_total_zero_or_less,0.0,1.0,29,44,20,-2,C_surge_counter60_vs_threat60,60-vs-60 normalized response cell.,Face/protection surge: spends stack interaction to protect threats and prioritizes safe player damage.,guard_counter_wall60,pub_threat60_surge,sixty_counterwall_jace,sixty_overlord_scaled_from40,counter_guard,threat_surge,mulligan_outcome_ranker_rev0027,land_band_business,60,60,31,16,7,5,1,32,10,6,3,9,1,public_counter_guard,face_protect_threat_surge,counter60_vs_threat60
g00130_C_surge_counter60_vs_threat60_life20_seat0_sp1_r0,6767130,20,1,0,1,0,0,0,0,0,0,0,1,0,0,0,0,0,1,18,51,,other,193,1,player_0_attempted_to_draw_from_empty_library,0.0,1.0,1,0,18,19,C_surge_counter60_vs_threat60,60-vs-60 normalized response cell.,Face/protection surge: spends stack interaction to protect threats and prioritizes safe player damage.,guard_counter_wall60,pub_threat60_surge,sixty_counterwall_jace,sixty_overlord_scaled_from40,counter_guard,threat_surge,mulligan_outcome_ranker_rev0027,land_band_business,60,60,31,16,7,5,1,32,10,6,3,9,0,public_counter_guard,face_protect_threat_surge,counter60_vs_threat60
g00131_C_surge_counter60_vs_threat60_life20_seat0_sp1_r1,6767131,20,1,0,1,2,4,4,8,1,0,0,4,0,0,0,0,0,0,13,31,,other,158,1,player_0_life_total_zero_or_less,0.0,1.0,27,39,19,-1,C_surge_counter60_vs_threat60,60-vs-60 normalized response cell.,Face/protection surge: spends stack interaction to protect threats and prioritizes safe player damage.,guard_counter_wall60,pub_threat60_surge,sixty_counterwall_jace,sixty_overlord_scaled_from40,counter_guard,threat_surge,mulligan_outcome_ranker_rev0027,land_band_business,60,60,31,16,7,5,1,32,10,6,3,9,1,public_counter_guard,face_protect_threat_surge,counter60_vs_threat60
g00132_C_surge_counter60_vs_threat60_life20_seat1_sp0_r0,6767132,20,0,1,0,0,0,0,0,0,0,0,6,0,0,0,0,0,0,11,40,,life_total,150,1,player_0_life_total_zero_or_less,1.0,0.0,38,32,-1,19,C_surge_counter60_vs_threat60,60-vs-60 normalized response cell.,Face/protection surge: spends stack interaction to protect threats and prioritizes safe player damage.,guard_counter_wall60,pub_threat60_surge,sixty_counterwall_jace,sixty_overlord_scaled_from40,counter_guard,threat_surge,mulligan_outcome_ranker_rev0027,land_band_business,60,60,31,16,7,5,1,32,10,6,3,9,0,public_counter_guard,face_protect_threat_surge,counter60_vs_threat60
g00133_C_surge_counter60_vs_threat60_life20_seat1_sp0_r1,6767133,20,0,1,0,2,3,3,6,0,0,0,6,0,0,0,0,0,1,14,32,,other,187,0,player_1_attempted_to_draw_from_empty_library,0.0,1.0,28,0,20,4,C_surge_counter60_vs_threat60,60-vs-60 normalized response cell.,Face/protection surge: spends stack interaction to protect threats and prioritizes safe player damage.,guard_counter_wall60,pub_threat60_surge,sixty_counterwall_jace,sixty_overlord_scaled_from40,counter_guard,threat_surge,mulligan_outcome_ranker_rev0027,land_band_business,60,60,31,16,7,5,1,32,10,6,3,9,1,public_counter_guard,face_protect_threat_surge,counter60_vs_threat60
g00134_C_surge_counter60_vs_threat60_life20_seat1_sp1_r0,6767134,20,1,1,0,2,3,3,6,0,0,0,7,0,0,0,0,0,1,18,21,,other,244,0,player_1_attempted_to_draw_from_empty_library,0.0,1.0,19,0,18,3,C_surge_counter60_vs_threat60,60-vs-60 normalized response cell.,Face/protection surge: spends stack interaction to protect threats and prioritizes safe player damage.,guard_counter_wall60,pub_threat60_surge,sixty_counterwall_jace,sixty_overlord_scaled_from40,counter_guard,threat_surge,mulligan_outcome_ranker_rev0027,land_band_business,60,60,31,16,7,5,1,32,10,6,3,9,0,public_counter_guard,face_protect_threat_surge,counter60_vs_threat60
g00135_C_surge_counter60_vs_threat60_life20_seat1_sp1_r1,6767135,20,1,1,0,3,5,5,10,1,0,0,3,0,0,0,0,0,0,6,34,,other,111,0,player_1_life_total_zero_or_less,0.0,1.0,30,45,18,-5,C_surge_counter60_vs_threat60,60-vs-60 normalized response cell.,Face/protection surge: spends stack interaction to protect threats and prioritizes safe player damage.,guard_counter_wall60,pub_threat60_surge,sixty_counterwall_jace,sixty_overlord_scaled_from40,counter_guard,threat_surge,mulligan_outcome_ranker_rev0027,land_band_business,60,60,31,16,7,5,1,32,10,6,3,9,1,public_counter_guard,face_protect_threat_surge,counter60_vs_threat60
g00136_C_surge_counter60_vs_threat60_life40_seat0_sp0_r0,6767136,40,0,0,1,0,0,0,0,0,0,0,2,0,0,0,0,0,1,10,43,,other,121,1,player_0_attempted_to_draw_from_empty_library,0.0,1.0,41,0,40,39,C_surge_counter60_vs_threat60,60-vs-60 normalized response cell.,Face/protection surge: spends stack interaction to protect threats and prioritizes safe player damage.,guard_counter_wall60,pub_threat60_surge,sixty_counterwall_jace,sixty_overlord_scaled_from40,counter_guard,threat_surge,mulligan_outcome_ranker_rev0027,land_band_business,60,60,31,16,7,5,1,32,10,6,3,9,0,public_counter_guard,face_protect_threat_surge,counter60_vs_threat60
g00137_C_surge_counter60_vs_threat60_life40_seat0_sp0_r1,6767137,40,0,0,1,0,0,0,0,0,0,0,1,0,0,0,0,0,0,12,47,,selfdeck,131,0,player_1_attempted_to_draw_from_empty_library,1.0,0.0,0,41,39,39,C_surge_counter60_vs_threat60,60-vs-60 normalized response cell.,Face/protection surge: spends stack interaction to protect threats and prioritizes safe player damage.,guard_counter_wall60,pub_threat60_surge,sixty_counterwall_jace,sixty_overlord_scaled_from40,counter_guard,threat_surge,mulligan_outcome_ranker_rev0027,land_band_business,60,60,31,16,7,5,1,32,10,6,3,9,1,public_counter_guard,face_protect_threat_surge,counter60_vs_threat60
g00138_C_surge_counter60_vs_threat60_life40_seat0_sp1_r0,6767138,40,1,0,1,0,0,0,0,0,0,0,2,0,0,0,0,0,0,17,45,,selfdeck,177,0,player_1_attempted_to_draw_from_empty_library,1.0,0.0,0,36,38,40,C_surge_counter60_vs_threat60,60-vs-60 normalized response cell.,Face/protection surge: spends stack interaction to protect threats and prioritizes safe player damage.,guard_counter_wall60,pub_threat60_surge,sixty_counterwall_jace,sixty_overlord_scaled_from40,counter_guard,threat_surge,mulligan_outcome_ranker_rev0027,land_band_business,60,60,31,16,7,5,1,32,10,6,3,9,0,public_counter_guard,face_protect_threat_surge,counter60_vs_threat60
g00139_C_surge_counter60_vs_threat60_life40_seat0_sp1_r1,6767139,40,1,0,1,5,7,4,14,0,0,0,15,0,0,0,0,0,1,14,7,,other,269,1,player_0_attempted_to_draw_from_empty_library,0.0,1.0,1,0,38,19,C_surge_counter60_vs_threat60,60-vs-60 normalized response cell.,Face/protection surge: spends stack interaction to protect threats and prioritizes safe player damage.,guard_counter_wall60,pub_threat60_surge,sixty_counterwall_jace,sixty_overlord_scaled_from40,counter_guard,threat_surge,mulligan_outcome_ranker_rev0027,land_band_business,60,60,31,16,7,5,1,32,10,6,3,9,1,public_counter_guard,face_protect_threat_surge,counter60_vs_threat60
g00140_C_surge_counter60_vs_threat60_life40_seat1_sp0_r0,6767140,40,0,1,0,4,8,8,16,1,0,0,7,0,0,0,0,0,0,18,14,,other,246,0,player_1_life_total_zero_or_less,0.0,1.0,8,28,39,-1,C_surge_counter60_vs_threat60,60-vs-60 normalized response cell.,Face/protection surge: spends stack interaction to protect threats and prioritizes safe player damage.,guard_counter_wall60,pub_threat60_surge,sixty_counterwall_jace,sixty_overlord_scaled_from40,counter_guard,threat_surge,mulligan_outcome_ranker_rev0027,land_band_business,60,60,31,16,7,5,1,32,10,6,3,9,0,public_counter_guard,face_protect_threat_surge,counter60_vs_threat60
g00141_C_surge_counter60_vs_threat60_life40_seat1_sp0_r1,6767141,40,0,1,0,3,8,8,16,1,0,0,4,0,0,0,0,0,0,22,13,,other,259,0,player_1_life_total_zero_or_less,0.0,1.0,7,29,40,-2,C_surge_counter60_vs_threat60,60-vs-60 normalized response cell.,Face/protection surge: spends stack interaction to protect threats and prioritizes safe player damage.,guard_counter_wall60,pub_threat60_surge,sixty_counterwall_jace,sixty_overlord_scaled_from40,counter_guard,threat_surge,mulligan_outcome_ranker_rev0027,land_band_business,60,60,31,16,7,5,1,32,10,6,3,9,1,public_counter_guard,face_protect_threat_surge,counter60_vs_threat60
g00142_C_surge_counter60_vs_threat60_life40_seat1_sp1_r0,6767142,40,1,1,0,4,6,2,12,0,0,0,15,0,0,0,0,0,0,15,2,,selfdeck,279,1,player_0_attempted_to_draw_from_empty_library,1.0,0.0,0,34,38,30,C_surge_counter60_vs_threat60,60-vs-60 normalized response cell.,Face/protection surge: spends stack interaction to protect threats and prioritizes safe player damage.,guard_counter_wall60,pub_threat60_surge,sixty_counterwall_jace,sixty_overlord_scaled_from40,counter_guard,threat_surge,mulligan_outcome_ranker_rev0027,land_band_business,60,60,31,16,7,5,1,32,10,6,3,9,0,public_counter_guard,face_protect_threat_surge,counter60_vs_threat60
g00143_C_surge_counter60_vs_threat60_life40_seat1_sp1_r1,6767143,40,1,1,0,0,0,0,0,0,0,0,1,0,0,0,0,0,1,14,50,,other,138,0,player_1_attempted_to_draw_from_empty_library,0.0,1.0,39,0,40,40,C_surge_counter60_vs_threat60,60-vs-60 normalized response cell.,Face/protection surge: spends stack interaction to protect threats and prioritizes safe player damage.,guard_counter_wall60,pub_threat60_surge,sixty_counterwall_jace,sixty_overlord_scaled_from40,counter_guard,threat_surge,mulligan_outcome_ranker_rev0027,land_band_business,60,60,31,16,7,5,1,32,10,6,3,9,1,public_counter_guard,face_protect_threat_surge,counter60_vs_threat60
