stack_surface,external_reference,source_ids,track,control_overlap,notes
publication_integrity,NIST Cybersecurity Framework Election Infrastructure Profile,xref:nist_nistpubs_vts_nist_vts_200_1,A,Risk framing for election infrastructure publication and response controls.,Crosswalk only; not a formal conformance claim.
cybersecurity_risk_management,NIST Cybersecurity Framework 2.0,source:nist_csf2_0_pdf,Shared,"Govern, identify, protect, detect, respond, and recover vocabulary for stack control families.",Use as a vocabulary anchor for release and incident controls.
legacy_vvsg_reality,EAC VVSG 2.0 and voluntary guideline posture,xref:eac_voting_equipment_voluntary_voting_system_guidelines; source:eac_vvsg2_test_assertions_v1_4_pdf,A,Do not assume uniform VVSG 2.0 equipment across jurisdictions.,Track A wrappers must tolerate mixed certified and legacy environments.
non_voting_election_tech,CIS RABET-V non-voting election technology assessment lane,xref:cis_rabet_v_page,A,"Map evidence wrappers to e-pollbook, ENR, voter registration, and electronic ballot-transmission assurance reviews.","RABET-V is an external assurance lane, not a substitute for local evidence publication."
official_ai_use,EAC AI guidance and case studies,source:eac_ai_toolkit_2023_pdf; xref:eac_ai_and_election_administration_page; xref:eac_ai_case_studies_2026_pdf,A,"Human review, PII minimization, disclosure, translation review, and prohibited-use boundaries.","AI is treated as assistance, not authority."
privacy_data_minimization,NIST Privacy Framework and NIST SP 800-122 PII handling,xref:nist_privacy_framework_page; source:nist_sp800_122_pdf,Shared,"Privacy-risk management, PII minimization, redaction review, and public/private evidence separation.",Informational crosswalk only; not a privacy-program certification or public-records ruling.
public_accessibility_language_access,"DOJ ADA voting guidance, EAC language-access resources, EAC language-access checklist, DOJ language-minority overview, and W3C WCAG 2.2",xref:ada_voting_and_polling_places_page; xref:eac_language_access_resources_page; source:eac_language_access_program_checklist_pdf; xref:justice_language_minority_citizens_page; xref:w3c_tr_wcag22,Shared,"Accessible public surfaces, effective communication, alternate formats, language parity, translated correction propagation, and plain-language voter help.","Crosswalk only; not a formal accessibility conformance claim, not a Section 203 coverage determination, and not legal advice."
evidence_custody_provenance,NIST Cybersecurity Framework 2.0 and NIST Privacy Framework custody-adjacent control vocabulary,source:nist_csf2_0_pdf; xref:nist_privacy_framework_page,Shared,"Governed evidence handling, accountability, access visibility, public/private separation, retention, and recovery vocabulary.",Informational crosswalk only; not chain-of-custody certification not court admissibility not legal advice.
independent_review_conflict,NIST Cybersecurity Framework 2.0 and CIS RABET-V assurance vocabulary,source:nist_csf2_0_pdf; xref:cis_rabet_v_page,Shared,"Governance review, independent assessment posture, conflict disclosure, repeatable verification transcript, remediation and retest vocabulary.","Informational crosswalk only; not third-party validation, certification, live-system testing authorization, or legal advice."
