purpose	command_shape
parent ZIP verification	PYTHONDONTWRITEBYTECODE=1 python3 tools/verify_release_package.py <rev0860.zip> --expected-revision rev0860 --json <external-log>
parent directory verification	PYTHONDONTWRITEBYTECODE=1 python3 tools/verify_release_package.py <rev0860-root> --expected-revision rev0860 --json <external-log>
GCC all targets	cmake --build <gcc-debug-build> --target all -j2
GCC dependency closure	cmake --build <gcc-debug-build> --target all -j2
registered tests	ctest --test-dir <gcc-debug-build> --output-on-failure -I <one-of-nine-exact-ranges>
focused GCC runtime	<gcc-debug-build>/anonsync_sync_sqlite_sidecar_claimed_path_snapshot_test
integrated GCC runtime	<gcc-debug-build>/anonsync_core --selftest-sync-domain-model
focused structural audit	PYTHONDONTWRITEBYTECODE=1 python3 -S tools/audit_sync_sqlite_sidecar_snapshot.py --root <source> --json <evidence>
ordinary repeatability	repeat focused GCC runtime in 100 fresh processes and verify each 27/27 summary
Clang Werror build	cmake --build <clang-werror-build> --target anonsync_sync_sqlite_sidecar_claimed_path_snapshot_test anonsync_core -j2
Clang selected runtime	<clang-build>/anonsync_sync_sqlite_sidecar_claimed_path_snapshot_test; <clang-build>/anonsync_core --selftest-sync-domain-model
ASan+UBSan selected runtime	ASAN_OPTIONS=detect_leaks=1:halt_on_error=1:abort_on_error=1 UBSAN_OPTIONS=halt_on_error=1:print_stacktrace=1 <san-build>/<focused-or-core-command>
patch replay	git apply SOURCE_DIFF_rev0860_to_rev0861.patch; compare every active path and byte digest
package verification	PYTHONDONTWRITEBYTECODE=1 python3 tools/verify_release_package.py <directory-or-zip> --expected-revision rev0861 --json <external-log>
