id	command	exit_status	evidence
parent-zip-verify	python3 tools/verify_release_package.py --zip <rev0835.zip> --expect-revision rev0835	0	lineage/parent-zip-verification.json
parent-directory-verify	python3 tools/verify_release_package.py --directory <rev0835>/AnonSync --expect-revision rev0835	0	lineage/parent-directory-verification.json
configure	cmake -S <work> -B <build> -G "Unix Makefiles" -DCMAKE_BUILD_TYPE=Debug -DCMAKE_CXX_FLAGS_DEBUG="-O0 -g0"	0	validation/gcc14-lowdebug-configure.log
all-target-build	cmake --build <build> -j2	0	validation/gcc14-lowdebug-all-target-build.log
ctest-inventory	ctest --test-dir <build> -N	0	validation/ctest-inventory-124.txt
complete-ctest	ctest --test-dir <build> --output-on-failure -j2	0	validation/ctest-final-124-of-124.log
source-audits	ctest --test-dir <build> -R "(_source_audit|_audit)$" --output-on-failure -j4	0	validation/source-audits-36-of-36.log
focused-runtime	run topology-owner, inherited-owner, and self-exec-owner runtime executables	0	validation/focused-process-owner-runtime-85-of-85.log
stress	ctest --repeat until-fail:20 for the three process-owner runtimes	0	validation/process-owner-stress-60-of-60.log
asan-ubsan-build	configure ANONSYNC_ENABLE_SANITIZERS=ON and build three focused targets	0	validation/gcc14-asan-ubsan-focused-build.log
asan-ubsan-runtime	run three focused targets with ASAN detect_leaks=0 and UBSAN halt_on_error=1	0	validation/gcc14-asan-ubsan-focused-runtime-85-of-85.log
clang17-build-runtime	configure and build three focused targets with Clang 17, then execute	0	validation/clang17-focused-runtime-85-of-85.log
dependency-closure	cmake --build <build> -j2 and require zero compile/link output lines	0	validation/final-dependency-closure-zero-compile-link.log
source-patch-replay	git apply rev0835-to-rev0836 patch to fresh parent and compare active projection	0	validation/source-patch-compare.json
directory-package-verify	python3 tools/verify_release_package.py --directory <staging>/AnonSync --expect-revision rev0836	0	external final verification
zip-package-verify	python3 tools/verify_release_package.py --zip <rev0836.zip> --expect-revision rev0836	0	external final verification
