file_class,extensions,admission_state,reason
plain_text,.txt;.csv;.json;.xml,allow_after_hash_and_metadata_review,active content low but still source-clock and custody required
pdf,.pdf,hold_pending_sanitization,"embedded scripts, forms, attachments, signatures and metadata must be checked"
office_doc,.docx;.xlsx;.pptx,hold_pending_active_content_scan,macros/external links/embedded objects must be stripped or justified
macro_office,.docm;.xlsm;.pptm,deny_or_isolate,macro-enabled files cannot enter live evidence lane without sandbox and explicit security exception
compressed_archive,.zip;.7z;.tar;.gz,hold_pending_archive_bomb_test,"nested archives, path traversal, overlarge expansion, duplicate names and hidden files must be checked"
disk_image,.iso;.img;.dd,deny_or_forensic_only,requires forensic workstation/write blocker and separate media evidence case
image,.jpg;.jpeg;.png;.tiff,hold_pending_metadata_scrub,"EXIF, GPS, device identifiers and faces/PII must be reviewed"
audio,.mp3;.wav;.m4a,hold_pending_transcript_and_hash,"requires transcript, speaker/scope note and sensitive-annex review"
video,.mp4;.mov;.mkv,hold_pending_transcript_and_frame_review,"requires hash, transcript/synopsis, PII/security frame review and storage-size control"
executable,.exe;.dll;.bat;.ps1;.sh;.jar,deny,executables are malware-risk artifacts; never local readiness evidence
shortcut_link,.lnk;.url;.webloc,deny,link/shortcut files are not evidence and can trigger network activity
email_export,.eml;.msg;.mbox,hold_pending_header_and_attachment_scan,"headers, attachments, DKIM/SPF context and PII must be separated"
database,.sqlite;.db;.mdb,hold_pending_schema_and_PII_review,"requires schema inventory, query-safe extract and sensitive-annex split"
gis,.shp;.geojson;.kml;.kmz,hold_pending_geometry_sensitivity_review,target polygons/route vulnerabilities may be security-sensitive
unknown,*,deny_until_classified,unknown type remains quarantine-only
