control_id,failure_mode,negative_control,expected_result,status,claim_effect,repair_route
SILENT-001,pager delivered but not acknowledged,attempt closure or claim release without acknowledged alarm disposition,reject_or_hold_no_upgrade,active,claim_freeze_persists,exception_bridge_ticket + handoff-safe disposition
SILENT-002,pager not delivered and no alternate route,attempt closure or claim release without acknowledged alarm disposition,reject_or_hold_no_upgrade,active,claim_freeze_persists,exception_bridge_ticket + handoff-safe disposition
SILENT-003,alarm downgraded to info note,attempt closure or claim release without acknowledged alarm disposition,reject_or_hold_no_upgrade,active,claim_freeze_persists,exception_bridge_ticket + handoff-safe disposition
SILENT-004,green watchdog tick erases prior red alarm,attempt closure or claim release without acknowledged alarm disposition,reject_or_hold_no_upgrade,active,claim_freeze_persists,exception_bridge_ticket + handoff-safe disposition
SILENT-005,owner changed without handoff,attempt closure or claim release without acknowledged alarm disposition,reject_or_hold_no_upgrade,active,claim_freeze_persists,exception_bridge_ticket + handoff-safe disposition
SILENT-006,backup owner missing,attempt closure or claim release without acknowledged alarm disposition,reject_or_hold_no_upgrade,active,claim_freeze_persists,exception_bridge_ticket + handoff-safe disposition
SILENT-007,public claim draft edited after lint,attempt closure or claim release without acknowledged alarm disposition,reject_or_hold_no_upgrade,active,claim_freeze_persists,exception_bridge_ticket + handoff-safe disposition
SILENT-008,source clock changes after safe statement,attempt closure or claim release without acknowledged alarm disposition,reject_or_hold_no_upgrade,active,claim_freeze_persists,exception_bridge_ticket + handoff-safe disposition
SILENT-009,packet arrives during shift change,attempt closure or claim release without acknowledged alarm disposition,reject_or_hold_no_upgrade,active,claim_freeze_persists,exception_bridge_ticket + handoff-safe disposition
SILENT-010,receipt chain break hidden by dashboard,attempt closure or claim release without acknowledged alarm disposition,reject_or_hold_no_upgrade,active,claim_freeze_persists,exception_bridge_ticket + handoff-safe disposition
SILENT-011,first-real-drop without claim freeze,attempt closure or claim release without acknowledged alarm disposition,reject_or_hold_no_upgrade,active,claim_freeze_persists,exception_bridge_ticket + handoff-safe disposition
SILENT-012,AAR paragraph used as raw observation,attempt closure or claim release without acknowledged alarm disposition,reject_or_hold_no_upgrade,active,claim_freeze_persists,exception_bridge_ticket + handoff-safe disposition
SILENT-013,PI page treated as local evidence,attempt closure or claim release without acknowledged alarm disposition,reject_or_hold_no_upgrade,active,claim_freeze_persists,exception_bridge_ticket + handoff-safe disposition
SILENT-014,MSEL event treated as demonstrated capability,attempt closure or claim release without acknowledged alarm disposition,reject_or_hold_no_upgrade,active,claim_freeze_persists,exception_bridge_ticket + handoff-safe disposition
SILENT-015,duplicate source counted twice,attempt closure or claim release without acknowledged alarm disposition,reject_or_hold_no_upgrade,active,claim_freeze_persists,exception_bridge_ticket + handoff-safe disposition
SILENT-016,public meeting quote without timecode,attempt closure or claim release without acknowledged alarm disposition,reject_or_hold_no_upgrade,active,claim_freeze_persists,exception_bridge_ticket + handoff-safe disposition
SILENT-017,redacted surrogate released without original hash,attempt closure or claim release without acknowledged alarm disposition,reject_or_hold_no_upgrade,active,claim_freeze_persists,exception_bridge_ticket + handoff-safe disposition
SILENT-018,exception ticket manually closed without verifier,attempt closure or claim release without acknowledged alarm disposition,reject_or_hold_no_upgrade,active,claim_freeze_persists,exception_bridge_ticket + handoff-safe disposition
SILENT-019,alarm SLA expired without escalation,attempt closure or claim release without acknowledged alarm disposition,reject_or_hold_no_upgrade,active,claim_freeze_persists,exception_bridge_ticket + handoff-safe disposition
SILENT-020,wrong rev0361 fork used as base,attempt closure or claim release without acknowledged alarm disposition,reject_or_hold_no_upgrade,active,claim_freeze_persists,exception_bridge_ticket + handoff-safe disposition
