candidate_id,name,location,office,status_current,capacity_state,live_referral_safe,sensitivity,public_use_note
cand_aisha_diss_project_me,Aisha Diss / project.ME,"Fort Wayne, Indiana, USA",Addiction accompaniment / low-barrier recovery and harm reduction,PROVISIONAL KEEP (refreshed rev0013; SCOUT → PROVISIONAL KEEP after independent local corroboration confirmed),not_capacity_claim_or_not_assessed,false,death_or_memorial,High-level research index only; not a referral or operational guide.
cand_bridget_tolley_fsis_mmiwg_canada,Bridget Tolley / Families of Sisters in Spirit (FSIS) — and the broader Indigenous-led MMIWG2S+ search and memorial office,"Canada (FSIS based in Ottawa, translocal in scope); office is continental across Canada, the United States, and beyond","Search-for-the-disappeared / annual vigil / indigenous-led anti-erasure for missing and murdered Indigenous women, girls, and two-spirit people",KEEP WITH FAMILY-OF-VICTIM AND POLITICAL-CONTROVERSY FLAGS; OFFICE-CANON FOR INDIGENOUS-LED SEARCH AND WITNESS; REVERIFIED-BOUNDARY-rev0048,not_capacity_claim_or_not_assessed,false,child_or_youth_vulnerability|death_or_memorial|state_or_legal_system|migrant_border_or_statelessness,"High-level research index only; not a referral, case list, vigil map, family-contact path, or implementation-completion claim."
cand_calais_grassroots_border_offices_rck_utopia56_hro_adm,Calais grassroots border offices / L’Auberge des Migrants / Refugee Community Kitchen / Utopia 56 / Human Rights Observers,"Calais, Grande-Synthe, Dunkirk, northern France / UK-France border","Asylum-waiting border survival / kitchen, warehouse, night phone, rights observation, non-state accompaniment","OFFICE-CANON; NETWORK-CANDIDATE; KEEP WITH BORDER-CRIMINALISATION, NGO-VISIBILITY, AND IMAGE-RISK FLAGS",public_service_shape_supported_current_capacity_unverified,false,shelter_refuge_or_safe_accommodation|operational_safety|child_or_youth_vulnerability|state_or_legal_system|migrant_border_or_statelessness,"High-level research index only; not a referral, route, shelter, accommodation, or operational guide."
cand_canada_group_of_five_private_refugee_sponsorship_circles,Canada Group of Five / Private Sponsorship of Refugees circles,Canada / sponsored refugees overseas,Private sponsorship settlement circle / five-or-more-person threshold for refugee arrival and first-year settlement,OFFICE-CANON; NETWORK-CANDIDATE; KEEP WITH CURRENT-PAUSE FLAG,framework_training_or_law_not_service_capacity,false,shelter_refuge_or_safe_accommodation|operational_safety|state_or_legal_system|migrant_border_or_statelessness,High-level research index only; not a referral or operational guide.
cand_chuuk_womens_council_ticc_apimar_safenet,Chuuk Women’s Council / Tongen Inepwineu Counselling Centre (TICC) / APIMAR SafeNet,"Chuuk State, Federated States of Micronesia",First crisis support counselling centre in FSM / safe counsellors and referral mesh,KEEP; NORTH-PACIFIC FIRST-CRISIS-CENTRE LINE; NETWORK-CANDIDATE WITH DONOR-AND-CAPACITY FLAGS,public_service_shape_supported_current_capacity_unverified,false,survivor_service|child_or_youth_vulnerability|state_or_legal_system|power_or_funding_frame,High-level research index only; not a referral or operational guide.
cand_crystal_paikea_te_tai_tokerau_postvention_aotearoa,"Crystal Paikea / Te Tai Tokerau suicide postvention team — and the broader kaupapa Māori postvention office, including the Fusion group (Te Tai Tokerau ki Muriwhenua)","Te Tai Tokerau / Northland, Aotearoa New Zealand; serving a population of about 179,000",Suicide-postvention threshold / whānau-grounded support for those bereaved by whakamomori (suicide) / indigenous reframing of stigma,KEEP; OFFICE-CANON FOR INDIGENOUS-LED SUICIDE POSTVENTION; TEAM-CANDIDATE WITH NAMED LEAD,framework_training_or_law_not_service_capacity,false,survivor_service|child_or_youth_vulnerability|helpline_or_crisis_contact|death_or_memorial|state_or_legal_system,High-level research index only; not a referral or operational guide.
cand_elissa_davey_garden_of_innocence_unclaimed_children,Elissa Davey / Garden of Innocence National — abandoned and unidentified children burial office,"United States; originated in San Diego, California; affiliated/local garden network","Unclaimed-child burial, naming, and communal witness after death",PROVISIONAL KEEP; OFFICE-CANON CANDIDATE FOR UNCLAIMED-CHILD BURIAL; POSTHUMOUS-CONSENT AND CATEGORY-BOUNDARY FLAGS,public_service_shape_supported_current_capacity_unverified,false,child_privacy|death_or_memorial|religious_ritual_or_precondition_risk|public_ceremony_image_risk|category_boundary_and_family_consent_uncertainty,
cand_faataua_le_ola_samoa_lifeline,Fa'ataua Le Ola / Samoa Lifeline,Samoa,Pacific island suicide-prevention lifeline / family and community crisis support,KEEP; DIRECT ISLAND-COUNTRY CRISIS-LINE OFFICE; VERIFY CURRENT ANNUAL REPORTING/FUNDING,public_service_shape_supported_current_capacity_unverified,false,helpline_or_crisis_contact|religious_or_precondition_risk,"High-level research index only; not a contact, helpline, shelter, safe-house, crisis, capacity, or referral guide."
cand_fatik_al_rodaini_mona_relief_yemen,Fatik Al-Rodaini / Mona Relief (Yemen Organization for Humanitarian Relief and Development) — Yemen,"Sanaa-based; distributes across Yemeni governorates including Sanaa, Marib, Manakha, despite Saudi-led coalition blockade",Collapsed-state-neighborhood-kitchen in a blockaded country / locally-purchased food aid delivered under active bombing,"KEEP WITH WAR-CONTEXT, BLOCKADE, AND FUNDER-DIVERSITY FLAGS; OFFICE-CANON FOR THE YEMENI VARIANT OF COLLAPSED-STATE-NEIGHBORHOOD-KITCHEN",not_capacity_claim_or_not_assessed,false,child_or_youth_vulnerability|death_or_memorial|state_or_legal_system|migrant_border_or_statelessness|power_or_funding_frame,High-level research index only; not a referral or operational guide.
cand_femili_png_1_tok_bel_isi_survivor_case_management,Femili PNG / 1-Tok Kaunselin Helpim Lain / Bel Isi PNG,Papua New Guinea,Family and sexual violence survivor case-management / safety planning / safe-house doorway,KEEP; SURVIVOR-SAFETY AND CONFIDENTIALITY FLAGS; LOCAL-LED WITH DONOR/PROGRAMME COMPLEXITY,public_service_shape_supported_current_capacity_unverified,false,shelter_refuge_or_safe_accommodation|operational_safety|survivor_service|helpline_or_crisis_contact|state_or_legal_system|power_or_funding_frame,"High-level research index only; not a contact, helpline, shelter, safe-house, crisis, capacity, or referral guide."
cand_fflag_uk_family_acceptance_parent_peer_support,FFLAG UK,United Kingdom / Great Britain,"Parent/family reorientation after a child comes out / helpline, peer groups, and free resources",PROVISIONAL KEEP; NON-US-CANADA-AUSTRALIA PARENT-REORIENTATION FIND; YOUTH-AUTONOMY AND UK-POLITICS FLAGS,public_service_shape_supported_current_capacity_unverified,false,child_or_youth_vulnerability|helpline_or_crisis_contact|religious_or_precondition_risk,High-level research index only; not a referral or operational guide.
cand_fhr_unfinished_trc_constitutional_damages_families,Foundation for Human Rights / Unfinished Business of the TRC / constitutional-damages families,South Africa,Family-led delayed justice after TRC / litigation when exhumation and memorial are not enough,KEEP AS LINEAGE / COUNTERWEIGHT; ACTIVE-LITIGATION FLAG; DO NOT CLAIM OUTCOME,not_capacity_claim_or_not_assessed,false,survivor_service|death_or_memorial,High-level research index only; not a referral or operational guide.
cand_fiji_womens_crisis_centre_pwnavaw_regional_backbone,Fiji Women’s Crisis Centre / Pacific Women’s Network Against Violence Against Women,Fiji; Pacific regional network,Feminist crisis counselling / regional training and standards backbone for survivor offices,OFFICE-CANON; HIGH-VISIBILITY REGIONAL BACKBONE; KEEP WITH DONOR/POWER AND SOURCE-BALANCE FLAGS,framework_training_or_law_not_service_capacity,false,survivor_service|child_or_youth_vulnerability|helpline_or_crisis_contact|state_or_legal_system|power_or_funding_frame,High-level research index only; not a referral or operational guide.
cand_fondazione_carpinetum_centri_don_vecchi_protected_housing,Fondazione Carpinetum / Centri Don Vecchi protected housing,"Mestre / Venice, Italy",Protected housing for self-sufficient vulnerable elders and fragile households,SCOUT / PROVISIONAL KEEP; SOURCE-HEAVY; RESIDENT-VOICE AND ELIGIBILITY-EXCLUSION FLAGS,not_capacity_claim_or_not_assessed,false,child_or_youth_vulnerability|state_or_legal_system,High-level research index only; not a referral or operational guide.
cand_fsm_pohnpei_kosrae_family_protection_adviser,FSM Pohnpei / Kosrae Family Protection Adviser,Federated States of Micronesia; Pohnpei and Kosrae implementation line,Family-protection-law implementation adviser / service collaboration and gap repair,PROVISIONAL KEEP; LAW-TO-DOOR IMPLEMENTATION ENTRY; ADVISER-NOT-SERVICE; PROTECTION ORDER IS NOT SERVICE CAPACITY; CURRENT ACCESSIBLE CAPACITY UNVERIFIED,law_coordination_supported_service_capacity_unverified,false,shelter_refuge_or_safe_accommodation|operational_safety|survivor_service|state_or_legal_system,"rev0041 law-to-door no-service-capacity gate: legal framework/protection-order evidence is not referral, legal advice, safe access, or service-capacity proof."
cand_fundacion_transformando_familias_argentina,Fundación Transformando Familias,Argentina,"Family reorientation and accompaniment around trans children, adolescents, and self-perceived identity",PROVISIONAL KEEP; LATIN-AMERICA PARENT/FAMILY-REORIENTATION FIND; SELF-DESCRIPTION AND MINOR-PRIVACY FLAGS,framework_training_or_law_not_service_capacity,false,child_or_youth_vulnerability,High-level research index only; not a referral or operational guide.
cand_gender_creative_kids_pflag_canada_family_support,Gender Creative Kids / pflag Canada parent and family support,Canada / Quebec,"Parent and family reorientation after a child comes out / trans-youth affirmation within family, school, and community",PROVISIONAL KEEP; ORGANISATION/NETWORK CANDIDATE; YOUTH-AUTONOMY FLAG,not_capacity_claim_or_not_assessed,false,child_or_youth_vulnerability|migrant_border_or_statelessness,High-level research index only; not a referral or operational guide.
cand_good_nanum_park_jin_ok_korea_disconnected_dead,Good Nanum (좋은 나눔) / Park Jin-ok — and Nanum and Nanum (나눔과 나눔) — South Korea,"Goyang, Seoul, and other South Korean cities; Nanum and Nanum operates the Seoul Public Funeral consultation hotline ([public consultation hotline number redacted — non-referral cube])","Disconnected-dead-no-kin in a working-age, economically-collapsed-male demographic / godoksa (고독사) funeral and naming",PROVISIONAL KEEP / OFFICE-CANON FOR THE KOREAN VARIANT OF DISCONNECTED-DEAD-NO-KIN,public_service_shape_supported_current_capacity_unverified,false,helpline_or_crisis_contact|death_or_memorial|state_or_legal_system,High-level research index only; not a referral or operational guide.
cand_hearing_voices_network_marius_romme_sandra_escher_patsy_hage,"Marius Romme, Sandra Escher, Patsy Hage / Hearing Voices Movement / Intervoice — translocal","Origin Maastricht, Netherlands (1987); now Intervoice and national Hearing Voices Networks in ~29 countries",Peer-led psychiatric crisis support / non-pathologising frame for voice-hearing / refusal of the medical model as the only model,"OFFICE-CANON; FOUNDER-PLUS-VOICE-HEARER NETWORK CANDIDATE; KEEP WITH DECEASED-PROFESSOR, ACADEMIC-PROXIMITY, AND MEDICATION-DEBATE FLAGS",framework_training_or_law_not_service_capacity,false,child_or_youth_vulnerability|death_or_memorial|religious_or_precondition_risk|state_or_legal_system|power_or_funding_frame,High-level research index only; not a referral or operational guide.
cand_helena_maleno_caminando_fronteras,Helena Maleno / Caminando Fronteras,Morocco / Spain / Western Euro-African border,Distress-call witness / 24-hour sea-danger hotline / counter-forensic ledger / family search for the sea-dead and disappeared,"OFFICE-CANON; PERSON-BENCHMARK, NOT UNKNOWN CANON; REVERIFIED rev0047 WITH MIGRANT-DEATH NO-ROUTE BOUNDARY",public_service_shape_supported_current_capacity_unverified,false,child_or_youth_vulnerability|helpline_or_crisis_contact|death_or_memorial|state_or_legal_system|migrant_border_or_statelessness,"High-level research index only; not a referral, route, distress-call, family-search, or operational guide."
cand_homeless_memorial_keepers_dying_homeless_and_local_memorial_offices,Homeless memorial keepers / Dying Homeless and local memorial offices,UK / US examples; translocal office,Name-after-death / public memory for the unhoused dead,OFFICE-CANON; DO-NOT-NAME-BY-DEFAULT; REVERIFIED-BOUNDARY-rev0045,not_capacity_claim_or_not_assessed_aggregate_mortality_not_service_capacity,false,death_or_memorial|poverty_stigma|public_name_privacy|cause_of_death_privacy|family_or_community_grief|public_mortality_data_boundary,"High-level aggregate memorial/mortality-counting shape only; no names, death records, causes, images, event logistics, contacts, or referral use."
cand_homeshare_uk_homeshare_international_night_presence,Homeshare UK / HomeShare International,United Kingdom; international programme network,Homeshare night-presence / anti-isolation and anti-institutional ordinary dwelling,SCOUT / PROVISIONAL KEEP; PROTECTED-HOUSING COMPARATOR; CARE-LABOUR-TENANCY BOUNDARY FLAGS,framework_training_or_law_not_service_capacity,false,shelter_refuge_or_safe_accommodation|operational_safety,High-level research index only; not a referral or operational guide.
cand_isshinji_ending_center_japan_muenbotoke,"Isshinji temple (one-spirit-per-urn practice) and Ending Center (NPO ""grave-friends"" model) — Japanese muenbotoke offices","Isshinji — Tennoji ward, Osaka, Japan (head priest commissioned the first bone-Buddha in 1887; the practice is roughly decadal). Ending Center — Tokyo periphery, founded by sociologist Inoue Haruyo; the model is an NPO-run burial ground inside, though not affiliated with, a Buddhist cemetery.",Disconnected-dead-no-kin / muenbotoke / interment without a legal successor,"OFFICE-CANON; INSTITUTION-CANDIDATES, NOT SINGLE-FOUNDER CANON",service_gap_or_absence_marker,false,death_or_memorial|religious_or_precondition_risk|state_or_legal_system|migrant_border_or_statelessness,High-level research index only; not a referral or operational guide.
cand_kenya_cuevas_casa_de_las_munecas_tiresias_mexico,"Kenya Cuevas / Casa de las Muñecas Tiresias — Casa Hogar Paola Buenrostro (CDMX), Cuernavaca, and Apaxco shelters — with parallel offices Casa Frida (CDMX/Tapachula/Monterrey, founded 2020) and Casa Arcoíris (Tijuana)","Mexico — Casa Hogar Paola Buenrostro in CDMX (opened January 2020); second house Catherinne Danielle Márquez in Cuernavaca, Morelos (opened February 2022); third house Kaory Catarero Regalado in Apaxco, Estado de México (opened 2023). Parallel: Casa Frida (CDMX, Tapachula, Monterrey).","Chosen-family-for-trans-and-queer-adults / shelter, sober living, prison reentry, and legal/identity advocacy for trans women, gay men, and queer migrants who survive the rejection of biological family and the violence of street-based sex work","KEEP WITH FAMILY-OF-VICTIM, RECOGNITION, AND CULT-OF-PERSONALITY FLAGS; OFFICE-CANON FOR CHOSEN-FAMILY-FOR-TRANS-AND-QUEER-ADULTS",framework_training_or_law_not_service_capacity,false,shelter_refuge_or_safe_accommodation|operational_safety|child_or_youth_vulnerability|death_or_memorial|state_or_legal_system|migrant_border_or_statelessness|power_or_funding_frame,High-level research index only; not a referral or operational guide.
cand_khulumani_support_group_south_africa_unfinished_trc,Khulumani Support Group — South Africa,South Africa,"Unfinished-TRC threshold / reparations witness / family-led insistence on truth, remains, and recognition after official closure","OFFICE-CANON; NETWORK-CANDIDATE; KEEP WITH STATE-FAILURE, REPARATIONS-LITIGATION, AND MOVEMENT-LONGEVITY FLAGS",not_capacity_claim_or_not_assessed,false,survivor_service|death_or_memorial|state_or_legal_system|power_or_funding_frame,High-level research index only; not a referral or operational guide.
cand_kiribati_kwcsc_women_children_support_centre,Kiribati Women and Children Support Centre (KWCSC),Kiribati; Tarawa and Kiritimati public-office line,"First women-and-children SGBV support centre / helpline, counselling, legal advice, case management, and crisis shelter",KEEP; PACIFIC SURVIVOR-CARE FIND; SMALL-ISLAND SUPPORT-CENTRE ENTRY WITH OPERATIONAL-SAFETY FLAG,public_service_shape_supported_current_capacity_unverified,false,shelter_refuge_or_safe_accommodation|operational_safety|survivor_service|child_or_youth_vulnerability|helpline_or_crisis_contact|state_or_legal_system,"High-level research index only; not a contact, helpline, shelter, safe-house, crisis, capacity, or referral guide."
cand_kiribati_safenet_olsh_crisis_centre,Kiribati SafeNet / Our Lady of the Sacred Heart crisis centre line,Kiribati,National GBV referral mesh plus long-term accommodation threshold,NETWORK-CANDIDATE / INSTITUTION-CANDIDATE; KEEP WITH FAITH-BASED-SHELTER AND NETWORK-CAPACITY FLAGS,public_service_shape_supported_current_capacity_unverified,false,shelter_refuge_or_safe_accommodation|operational_safety|survivor_service|child_or_youth_vulnerability|state_or_legal_system,High-level research index only; not a referral or operational guide.
cand_lalish_rebaptism_yazidi_spiritual_council_iraq,"Lalish rebaptism office / Yazidi Spiritual Council — Baba Sheikh Khurto Hajji Ismail (d. 2020) and Khidher Domle, with successor Hazim Tahsin Beg","Lalish temple, Sheikhan district, Duhok Governorate, Kurdistan Region of Iraq; office serves Yazidi survivors of the 2014 ISIS Sinjar genocide and continuing crisis",Doctrinal-return-after-captivity / religious community readmission of forcibly converted and sexually enslaved survivors / anti-erasure inside the survivor's own community,"OFFICE-CANON; INSTITUTION-CANDIDATE WITH NAMED ADVOCATES; KEEP WITH INTERNAL-LIMITS, CHILD-EXCLUSION, AND PURIFICATION-LANGUAGE FLAGS",framework_training_or_law_not_service_capacity,false,survivor_service|child_or_youth_vulnerability|death_or_memorial|religious_or_precondition_risk,High-level research index only; not a referral or operational guide.
cand_le_va_pasifika_suicide_prevention_community_fund,Le Va / Pasifika Suicide Prevention Community Fund,Aotearoa New Zealand / Pasifika communities nationally,"Pasifika suicide-prevention and postvention / fono, family, church, culture, and community-champion threshold","PROVISIONAL KEEP; NETWORK-CANDIDATE; KEEP WITH FUNDER-MEDIATED, AOTEAROA-DIASPORA, AND CLINICAL-SAFETY FLAGS",framework_training_or_law_not_service_capacity,false,child_or_youth_vulnerability|helpline_or_crisis_contact|death_or_memorial|religious_or_precondition_risk|state_or_legal_system,High-level research index only; not a referral or operational guide.
cand_lifeline_fiji_crisis_helpline_community_outreach,Lifeline Fiji,Fiji,"Island crisis-line and community outreach / suicide-prevention phone, text, face-to-face support and psychological first aid",PROVISIONAL KEEP; DIRECT ISLAND-COUNTRY PACIFIC FIND; INSTITUTION-CANDIDATE,framework_training_or_law_not_service_capacity,false,child_or_youth_vulnerability|helpline_or_crisis_contact|death_or_memorial|religious_or_precondition_risk|power_or_funding_frame,High-level research index only; not a referral or operational guide.
cand_lifeline_port_moresby_png_counselling_refuge,LifeLine Port Moresby / Lifeline PNG counselling and refuge line,"Port Moresby, Papua New Guinea",Counselling plus crisis accommodation for women experiencing violence / emotional-support threshold,PROVISIONAL KEEP; PARTIALLY REVERIFIED rev0023; NOT A LIVE REFERRAL; CURRENT CAPACITY UNVERIFIED,public_service_shape_supported_current_capacity_unverified,false,shelter_refuge_or_safe_accommodation|operational_safety|survivor_service|helpline_or_crisis_contact|religious_or_precondition_risk,"High-level research index only; not a contact, helpline, shelter, safe-house, crisis, capacity, or referral guide."
cand_lin_minming_red_apple_public_welfare,Lin Minming / Red Apple Public Welfare,"Fujian Province, China",Child of the imprisoned / anti-stigma family contact,PROVISIONAL KEEP WITH STATE-PROXIMITY FLAG,not_capacity_claim_or_not_assessed,false,child_or_youth_vulnerability|state_or_legal_system|power_or_funding_frame,High-level research index only; not a referral or operational guide.
cand_madres_buscadoras_mexico_collectives,Madres Buscadoras / colectivos de búsqueda (Mexico),"Mexico - translocal (Sonora, Veracruz, Puebla, Tamaulipas, Chiapas, Baja California and other states)",Search-for-the-disappeared / family-led excavation and identification / forensic refusal of erasure,"OFFICE-CANON; NETWORK-CANDIDATE, MULTIPLE PERSON-BENCHMARKS",not_capacity_claim_or_not_assessed,false,survivor_service|death_or_memorial|state_or_legal_system|operational_safety|image_risk,"High-level research index only; not a referral, field map, case-story archive, image source, registry-closure guide, or operational search/protection guide."
cand_maes_de_maio_debora_maria_da_silva_brazil,Débora Maria da Silva / Mães de Maio (Mothers of May) — Brazil,"Baixada Santista and São Paulo state, Brazil; translocal voice through Conectas Direitos Humanos",Mothers' refusal of impunity / memory of state-perpetrated killings / search-for-truth-and-named-victim where the killer wore the uniform,KEEP WITH FAMILY-OF-VICTIM AND STATE-PERPETRATOR FLAGS; OFFICE-CANON FOR THE BRAZILIAN VARIANT OF SEARCH-FOR-THE-DISAPPEARED,not_capacity_claim_or_not_assessed,false,death_or_memorial|state_or_legal_system,High-level research index only; not a referral or operational guide.
cand_mama_dragons_mama_bears_parent_reorientation_lgbtq_trans_youth,Mama Dragons / Mama Bears / parent-reorientation offices for LGBTQ+ and transgender children,United States origin; online/translocal networks,Parent-reorientation-after-child-comes-out / peer-to-peer family acceptance / adult support so the child does not carry the parent’s crisis,"SCOUT / POSSIBLE KEEP; NETWORK-CANDIDATE; KEEP WITH US-CENTRIC, RELIGION-REORIENTATION, MINOR-PRIVACY, AND POLITICAL-POLARISATION FLAGS",framework_training_or_law_not_service_capacity,false,child_or_youth_vulnerability|helpline_or_crisis_contact|religious_or_precondition_risk,High-level research index only; not a referral or operational guide.
cand_mia_atoui_embrace_lebanon_suicide_hotline,Mia Atoui / Embrace Lebanon — Embrace LifeLine 1564,"Lebanon — Beirut-based, helpline serving the country and parts of the wider Arabic-speaking Middle East",Suicide-prevention hotline / psychological-distress voice / phone-that-stays-on during compounding societal collapse,PROVISIONAL KEEP / OFFICE-CANON FOR THE PSYCHOLOGICAL DISTRESS LINE IN COMPOUNDING-CRISIS CONTEXT; KEEP WITH NGO-PLATFORM AND DONOR FLAGS,public_service_shape_supported_current_capacity_unverified,false,helpline_or_crisis_contact|state_or_legal_system|migrant_border_or_statelessness|power_or_funding_frame,High-level research index only; not a referral or operational guide.
cand_nauru_counselling_social_work_qualification_pool,Nauru counselling and social-work qualification pool / service-capacity precursor,Republic of Nauru,Counselling and social-work capacity where formal survivor services are thin,PROVISIONAL KEEP; CAPACITY-BUILDING ENTRY; NOT SERVICE-CAPACITY,framework_training_or_law_not_service_capacity,false,survivor_service|child_or_youth_vulnerability|state_or_legal_system,High-level research index only; not a referral or operational guide.
cand_nauru_dvfpa_family_protection_coordination_committee_safety_orders,Nauru Domestic Violence and Family Protection Act / Family Protection Coordination Committee / safety-order threshold,"Republic of Nauru; national court, police, WASDA / service-provider line",Protection-order and safety-order door under scarce services,PROVISIONAL KEEP; LAW-TO-DOOR IMPLEMENTATION ENTRY; COMPULSORY-COUNSELLING / RECONCILIATION CAUTION; PROTECTION ORDER IS NOT SERVICE CAPACITY; CURRENT SAFE-HOUSE CAPACITY UNVERIFIED,legal_framework_supported_service_capacity_unverified,false,shelter_refuge_or_safe_accommodation|operational_safety|survivor_service|child_or_youth_vulnerability|state_or_legal_system,"rev0041 law-to-door no-service-capacity gate: legal framework/protection-order evidence is not referral, legal advice, safe access, or service-capacity proof."
cand_nawal_soufi_migrant_distress_call_witness,Nawal Soufi / migrant distress-call witness,Italy / Mediterranean routes,The phone that stays on / first alert / multilingual migrant witness,"PERSON-BENCHMARK / HOLD, NOT CANON",not_capacity_claim_or_not_assessed,false,helpline_or_crisis_contact|migrant_border_or_statelessness,High-level research index only; not a referral or operational guide.
cand_nelson_moz_nestor_cruz_evangelical_gang_exit_el_salvador,Pastor Nelson Moz / Eben-Ezer Baptist Church (El Salvador) and Pastor Nestor Cruz / Hungry Church (El Salvador) — religious exit-ramp from gang life,San Salvador and elsewhere in El Salvador; particularly evangelical churches operating in former MS-13 and Barrio 18 territories,Religious exit-ramp / reentry-from-gang via faith community / the rare departure from a gang the gang will permit,"KEEP WITH STATE-OF-EMERGENCY ENDANGERMENT, EVANGELICAL-FRAMING, AND CONVERSION-AS-PRECONDITION FLAGS; OFFICE-CANON FOR THE NON-US PARALLEL TO HOMEBOY INDUSTRIES — DOCUMENTED PERSON-BENCHMARK CANON ALSO INCLUDES GREG BOYLE / HOMEBOY INDUSTRIES",framework_training_or_law_not_service_capacity,false,child_or_youth_vulnerability|death_or_memorial|religious_or_precondition_risk|state_or_legal_system,High-level research index only; not a referral or operational guide.
cand_nicole_bell_safe_exit_initiative,Nicole Bell Peña / Living in Freedom Together lineage / Safe Exit Initiative successor office / Her Way Home,"Worcester, Massachusetts, USA","Safe-exit threshold / survivor-led harm reduction, housing, and noncompliance-tolerant accompaniment","PROVISIONAL KEEP; LINEAGE-UPDATED rev0015; PERSON-AND-SUCCESSOR-OFFICE ENTRY WITH IDEOLOGY, FUNDING, GOVERNANCE, AND SAFEGUARDING FLAGS",framework_training_or_law_not_service_capacity,false,shelter_refuge_or_safe_accommodation|operational_safety|survivor_service,High-level research index only; not a referral or operational guide.
cand_niue_gbv_service_gap_family_tree_mapping,Niue GBV service-gap marker / family-tree mapping intervention,Niue,Negative-space office: no/limited formal survivor-service door; family-space disclosure/accountability research,GAP-MARKER; NEGATIVE-SPACE ENTRY; NOT A SERVICE DIRECTORY; SMALL-COMMUNITY PRIVACY CAUTION HOLDS,service_gap_or_absence_marker,false,survivor_service,High-level research index only; not a referral or operational guide.
cand_noel_e_bordador_nazareth_house_bahay_nazareth,Noel E. Bordador / Nazareth House (Bahay Nazareth),"Manila / Meycauayan, Philippines",HIV house / queer and family-rejected hospitality / long-term belonging,KEEP WITH RELIGIOUS-MOVEMENT FLAG,public_service_shape_supported_current_capacity_unverified,false,shelter_refuge_or_safe_accommodation|operational_safety|religious_or_precondition_risk,High-level research index only; not a referral or operational guide.
cand_nyuta_federmesser_vera_hospice_russia,Nyuta (Anna) Federmesser / VERA Hospice Charity Foundation / Lighthouse children's hospice — and her mother Vera Millionschikova (First Moscow Hospice),"Moscow and other Russian regions; First Moscow Hospice (1994), Lighthouse children's hospice (opened October 2019)",Pain-relief threshold / palliative dignity / opioid-access at end of life,PROVISIONAL KEEP WITH HEAVY STATE-PROXIMITY FLAG; OFFICE-CANON FOR PAIN-RELIEF-AT-DYING,not_capacity_claim_or_not_assessed,false,child_or_youth_vulnerability|helpline_or_crisis_contact|death_or_memorial|religious_or_precondition_risk|state_or_legal_system|migrant_border_or_statelessness,High-level research index only; not a referral or operational guide.
cand_palau_family_protection_act_working_group_gbv_first_response,Palau Family Protection Act Working Group / inter-ministerial GBV first-response line,Republic of Palau; Koror / national first-response system,"Law-to-door GBV response: health, police, justice, statistics, and case-evidence integrity",PROVISIONAL KEEP; LAW-TO-DOOR PARTIAL; HEALTH-FIRST-RESPONDER AND EVIDENCE-CHAIN FLAGS; PROTECTION ORDER IS NOT SERVICE CAPACITY; CURRENT CAPACITY UNVERIFIED,training_coordination_supported_service_capacity_unverified,false,shelter_refuge_or_safe_accommodation|operational_safety|survivor_service|religious_or_precondition_risk|state_or_legal_system,"rev0041 law-to-door no-service-capacity gate: legal framework/protection-order evidence is not referral, legal advice, safe access, or service-capacity proof."
cand_pohnpei_dhsa_first_gesi_gbv_staff_workshop,Pohnpei Division of FSM Department of Health and Social Affairs — first GESI/GBV staff workshop,"Pohnpei State, Federated States of Micronesia",Government-staff orientation as pre-referral door for GBV survivors,SCOUT / PROVISIONAL KEEP; CAPACITY-BUILDING ENTRY; NOT CRISIS-CENTRE CAPACITY,framework_training_or_law_not_service_capacity,false,survivor_service|state_or_legal_system,High-level research index only; not a referral or operational guide.
cand_punanga_tauturu_cook_islands_womens_support_centre,Punanga Tauturu / Punanga Turuturu Itivaine / Cook Islands Women’s Support Centre,Cook Islands,Women’s counselling centre / legal-aid and survivor-centred training threshold,SCOUT / PROVISIONAL KEEP; DIRECT-SITE GAP; NAME-VARIANT AND CURRENT-CAPACITY FLAGS,framework_training_or_law_not_service_capacity,false,shelter_refuge_or_safe_accommodation|operational_safety|survivor_service|child_or_youth_vulnerability|helpline_or_crisis_contact,High-level research index only; not a referral or operational guide.
cand_regional_gbv_counselling_framework_pacific_standards,Regional GBV Counselling Framework / RWG and Pacific Women’s Network to End Violence Against Women,"Pacific regional framework; launch in Suva, Fiji","Minimum standards for safe, ethical, survivor-centred GBV counselling across Pacific countries",OFFICE-CANON / FRAMEWORK-CANDIDATE; IMPLEMENTATION-GAP FLAG,framework_not_implementation,false,survivor_service|state_or_legal_system,High-level research index only; not a referral or operational guide.
cand_rwg_family_protection_domestic_violence_legislation_pacific,Regional Working Group on the Implementation of Family Protection / Domestic Violence Legislation (RWG),"Pacific regional; 6th annual meeting held in Aiwo, Nauru",Regional law-to-practice backbone for domestic-violence / family-protection legislation,OFFICE-CANON / FRAMEWORK-CANDIDATE; LAW-TO-DOOR BACKBONE; RESOURCE-GAP AND DATA-SYSTEM FLAGS,framework_training_or_law_not_service_capacity,false,survivor_service|state_or_legal_system,High-level research index only; not a referral or operational guide.
cand_sally_j_finn_international_overdose_awareness_day,Sally J. Finn / International Overdose Awareness Day (and subsequent stewardship by the Penington Institute),"St Kilda, Melbourne, Australia (founding 2001); since 2012 coordinated by Penington Institute, Melbourne; now observed in 40+ countries on 31 August",Overdose-memorial / name-after-overdose-death / un-stigmatising grief,OFFICE-CANON FOR OVERDOSE MEMORIAL; KEEP WITH RELIGIOUS-MOVEMENT AND FAITH-FRAMING FLAGS FOR FOUNDER ORIGIN,not_capacity_claim_or_not_assessed_event_and_prevention_surfaces_not_service_capacity,false,death_or_memorial|religious_or_precondition_risk|power_or_funding_frame|public_name_privacy|cause_of_death_privacy|event_map_or_contact_surface|substance_use_stigma,"High-level IOAD campaign shape and aggregate prevention/stigma context only; no tribute names, photos, event-map details, cause-of-death details, contacts, training/supply paths, or referral wording."
cand_samoa_victim_support_group_campus_of_hope,Samoa Victim Support Group (SVSG) / Campus of Hope,Samoa,"Domestic-violence shelter village / casework, legal support, helpline, child-and-family refuge",KEEP; SURVIVOR-AND-CHILD SAFETY FLAGS; INSTITUTION-CANDIDATE WITH DONOR-VOICE CAUTION,framework_training_or_law_not_service_capacity,false,shelter_refuge_or_safe_accommodation|operational_safety|survivor_service|child_or_youth_vulnerability|helpline_or_crisis_contact|state_or_legal_system|power_or_funding_frame,High-level research index only; not a referral or operational guide.
cand_santegidio_humanitarian_corridors_safe_passage_office,Community of Sant’Egidio / FCEI / Tavola Valdese / ARCI humanitarian corridors,Italy and wider Europe; multiple origin/transit contexts depending on protocol,"Humanitarian corridor / legal safe passage, visa, arrival welcome, housing, language, school, medical and integration threshold",OFFICE-CANON; INSTITUTION-CANDIDATE; HIGH-VISIBILITY FAITH-BASED STATE-MOU FLAG,public_service_shape_supported_current_capacity_unverified,false,shelter_refuge_or_safe_accommodation|operational_safety|death_or_memorial|religious_or_precondition_risk|state_or_legal_system|migrant_border_or_statelessness,High-level research index only; not a referral or operational guide.
cand_solomon_islands_fsc_ccc_safenet_survivor_referral_shelter,Solomon Islands Family Support Centre / Christian Care Centre / SAFENET,Solomon Islands,Survivor counselling-referral network plus short-term shelter threshold,KEEP AS NETWORK-LINEAGE; MIXED SECULAR/FAITH-BASED SURVIVOR-CARE OFFICE; SHELTER-SAFETY FLAGS,public_service_shape_supported_current_capacity_unverified,false,shelter_refuge_or_safe_accommodation|operational_safety|survivor_service|child_or_youth_vulnerability|religious_or_precondition_risk|state_or_legal_system,High-level research index only; not a referral or operational guide.
cand_sonia_bermudez_gente_como_uno_people_like_us_cemetery,Sonia Bermúdez / Gente como Uno / People Like Us cemetery,"Riohacha, La Guajira, Colombia",Migrant grave / no-name burial / kin to the stranger dead,KEEP WITH AGE/RECOGNITION FLAG,public_service_shape_supported_current_capacity_unverified,false,shelter_refuge_or_safe_accommodation|operational_safety|death_or_memorial|migrant_border_or_statelessness,High-level research index only; not a referral or operational guide.
cand_south_africa_missing_persons_task_team_gallows_exhumation,South Africa Missing Persons Task Team / TRC Unit / Gallows Exhumation and reburial work,"South Africa; apartheid-era graves, pauper graves, exhumation and reburial sites; linked regional exile-remains work","Return of the disappeared dead / exhumation, identification, handover, reburial, and partial repair after state violence","PROVISIONAL KEEP; STATE-INSTITUTION CANDIDATE; KEEP WITH REPARATIONS-DELAY, PROSECUTION-DELAY, AND FAMILY-CLOSURE FLAGS",not_capacity_claim_or_not_assessed,false,death_or_memorial|state_or_legal_system,High-level research index only; not a referral or operational guide.
cand_sudan_emergency_response_rooms_nafir,Sudan Emergency Response Rooms (ERRs) / غرف الطوارئ — and the nafir tradition that underlies them,"Sudan — decentralized conflict-zone mutual-aid networks; public cube must not map base rooms, kitchens, routes, transfer paths, local contacts, or volunteer identities",Collapsed-state-neighborhood-kitchen / civilian-led survival threshold during armed conflict and famine,"OFFICE-CANON; NETWORK-CANDIDATE, NOT SINGLE-FOUNDER CANON; KEEP WITH WAR-CONTEXT, DONOR-LEVERAGE, AND ANONYMITY FLAGS",public_service_shape_supported_current_capacity_unverified,false,shelter_refuge_or_safe_accommodation|operational_safety|survivor_service|death_or_memorial|state_or_legal_system|power_or_funding_frame,"High-level aggregate research index only; not a referral, donor-routing, volunteer-identification, or operational map."
cand_tan_swee_ban_peace_harmony_home,Tan Swee Ban / Peace & Harmony Home,"Penang, Malaysia",Abandoned elder house / no-one-alone small home,KEEP (refreshed rev0013; substantial independent corroboration over ~9 years confirmed; new aestheticised-corporate-retelling flag added on 2025 RHB Bank short film),not_capacity_claim_or_not_assessed,false,general_research_ethics,High-level research index only; not a referral or operational guide.
cand_transcend_australia_family_support_trans_gender_diverse_children,Transcend Australia,Australia,"Parent and family reorientation after a child comes out / non-US family support for trans, gender-diverse, non-binary youth",PROVISIONAL KEEP; NON-US PARENT/FAMILY-REORIENTATION FIND; NETWORK-CANDIDATE,not_capacity_claim_or_not_assessed,false,child_or_youth_vulnerability,High-level research index only; not a referral or operational guide.
cand_tuenjai_deetes_hadf_thailand_stateless,Tuenjai Deetes / Hill Area Development Foundation (HADF),"Chiang Rai Province, northern Thailand",Civil-identity threshold / stateless-to-named-citizen / paperwork as anti-erasure,PERSON-BENCHMARK / OFFICE-CANON WITH RECOGNITION AND STATE-PROXIMITY FLAGS,public_service_shape_supported_current_capacity_unverified,false,shelter_refuge_or_safe_accommodation|operational_safety|child_or_youth_vulnerability|death_or_memorial|state_or_legal_system|migrant_border_or_statelessness,High-level research index only; not a referral or operational guide.
cand_tuvalu_fatulei_gbv_counsellor_pool,FatuLei / Tuvalu Women for Change Association and Tuvalu GBV counsellor-training pool,Tuvalu; Funafuti public line,Counsellor-pool where service infrastructure is still thin / training-to-door threshold,PROVISIONAL KEEP; CAPACITY-BUILDING ENTRY; TRAINING NOT SERVICE CAPACITY,training_pool_not_service_capacity,false,shelter_refuge_or_safe_accommodation|operational_safety|survivor_service|child_or_youth_vulnerability|religious_or_precondition_risk|state_or_legal_system,High-level research index only; not a referral or operational guide.
cand_undp_mlsc_justice_pathways_fsm_palau_rmi,"UNDP / Micronesian Legal Services Corporation — Justice Pathways report for FSM, Palau, and RMI",FSM; Palau; Republic of the Marshall Islands; Pacific regional legal-capacity line,"Legal-capacity review as a map between violence, law, and survivor justice",FRAMEWORK-CANDIDATE; JUSTICE-ACCESS MAP; IMPLEMENTATION-GAP EVIDENCE; NOT LEGAL ADVICE / NOT SERVICE CAPACITY,framework_training_or_law_not_service_capacity,false,shelter_refuge_or_safe_accommodation|operational_safety|survivor_service|child_or_youth_vulnerability|state_or_legal_system,"rev0041 law-to-door no-service-capacity gate: legal framework/protection-order evidence is not referral, legal advice, safe access, or service-capacity proof."
cand_vanuatu_mhpss_call_centre_israaid_moh,Vanuatu MHPSS Call Centre / IsraAID + Ministry of Health,Vanuatu,Post-disaster island mental-health call centre / multilingual psychosocial first-response threshold,SCOUT / PROVISIONAL KEEP; TIME-LIMITED RESPONSE FLAG; VERIFY CONTINUATION AFTER PILOT,public_service_shape_supported_current_capacity_unverified,false,helpline_or_crisis_contact|death_or_memorial|state_or_legal_system,High-level research index only; not a referral or operational guide.
cand_vanuatu_womens_centre_feminist_crisis_centre,Vanuatu Women’s Centre,Vanuatu,"Feminist crisis centre / counselling, legal advocacy, safe house, outer-island committees",KEEP; PERMANENT VANUATU SURVIVOR-CARE FIND; LOCAL-INSTITUTION CANDIDATE WITH LIMITED-RESOURCE FLAG,framework_training_or_law_not_service_capacity,false,shelter_refuge_or_safe_accommodation|operational_safety|survivor_service|child_or_youth_vulnerability|state_or_legal_system,"High-level research index only; not a contact, helpline, shelter, safe-house, crisis, capacity, or referral guide."
cand_women_and_children_crisis_centre_tonga,Women and Children Crisis Centre (WCCC) Tonga,Tonga,"Island feminist crisis centre / helpline, refuge, counselling, mobile one-stop survivor threshold",KEEP; PACIFIC SURVIVOR-CARE FIND; NGO-CANDIDATE WITH WEBSITE-QUALITY AND SAFETY FLAGS,public_service_shape_supported_current_capacity_unverified,false,shelter_refuge_or_safe_accommodation|operational_safety|survivor_service|child_or_youth_vulnerability|helpline_or_crisis_contact|religious_or_precondition_risk|state_or_legal_system,"High-level research index only; not a contact, helpline, shelter, safe-house, crisis, capacity, or referral guide."
cand_wutmi_weto_in_mour_marshall_islands,Women United Together Marshall Islands (WUTMI) / Weto In Mour,Republic of the Marshall Islands; Majuro and Ebeye public line,Weto In Mour “Place of Life” counselling and support service for women and girl survivors,KEEP; NORTH-PACIFIC FIRST-COUNSELLING-SERVICE LINE; OUTER-ISLAND-ACCESS AND DONOR-FUNDING FLAGS,public_service_shape_supported_current_capacity_unverified,false,shelter_refuge_or_safe_accommodation|operational_safety|survivor_service|child_or_youth_vulnerability|state_or_legal_system|power_or_funding_frame,High-level research index only; not a referral or operational guide.
cand_zhang_shuqin_sun_village_china_children_of_incarcerated,Zhang Shuqin / Sun Village (太阳村),"Beijing/Shunyi and additional Sun Village locations, China","Child-of-the-imprisoned / long-term residential care, schooling, prison-visit continuity, and anti-stigma family contact",KEEP WITH PROXIMITY-TO-PRISON-SYSTEM AND DONOR-TOURISM FLAGS; OFFICE-CANON FOR THE BETTER-DOCUMENTED CHINESE CASE OF THE CHILD-OF-THE-IMPRISONED OFFICE,public_service_shape_supported_current_capacity_unverified,false,child_or_youth_vulnerability|state_or_legal_system|power_or_funding_frame|child_identity_privacy|donor_or_visitor_theatre_risk,High-level research index only; not a referral or operational guide.
cand_melinda_hunt_hart_island_project_public_cemetery_access,Melinda Hunt / The Hart Island Project — public cemetery access and anonymity-clock office,"New York City, New York, USA; Hart Island / Bronx / public cemetery system","Public-cemetery record access, family/chosen-family visitation, and the conversion of anonymous state burial into searchable memory","KEEP; OFFICE-CANON CANDIDATE FOR PUBLIC-CEMETERY RECORD ACCESS; PRIVACY, ART-MEDIATION, STATE-BURIAL, AND FAMILY-ACCESS FLAGS",public_record_access_and_visit_process_supported_current_policy_may_change,false,death_or_memorial|poverty_stigma|state_or_legal_system|public_database_privacy|child_privacy|fetal_remains_privacy|incarcerated_labor_history,"High-level research index only; not a visit guide, burial-assistance guide, memorial-submission guide, or live referral directory."
cand_jim_withers_operation_safety_net_street_medicine_institute,Jim Withers / Operation Safety Net / Street Medicine Institute — street medicine house-call-to-the-unsheltered office,"Pittsburgh, Pennsylvania, USA; translocal field network",Street medicine / house-call-to-the-unsheltered / clinical threshold where the clinic door does not reach,"KEEP; OFFICE-CANON CANDIDATE FOR STREET MEDICINE; PRIVACY, ENCAMPMENT-SAFETY, LAW-ENFORCEMENT-PROXIMITY, AND HOUSING-SUBSTITUTION FLAGS",public_service_shape_supported_current_local_capacity_not_referral_verified,false,medical_privacy|poverty_stigma|encampment_location_safety|law_enforcement_proximity|addiction_or_behavioral_health|public_health_overclaim,"High-level research index only; not a medical advice tool, outreach guide, encampment map, referral guide, or service directory."
