artifact,probe,row_count,has_config,has_summary,has_rows,highlight_name,highlight_value,highlight_note
artifacts/probe-results/REV0003_KV_WIND_TUNNEL_SMOKE.json,kv_wind_tunnel,78,True,True,True,unread,,no shared metric extracted
artifacts/probe-results/REV0003_SPECTRAL_ASSOC_SMOKE.json,spectral_assoc_recall,168,True,True,True,unread,,no shared metric extracted
artifacts/probe-results/REV0004_DORMANT_SPONSORSHIP_SMOKE.json,dormant_sponsorship,320,True,True,True,unread,,no shared metric extracted
artifacts/probe-results/REV0004_REGION_WIPEOUT_SMOKE.json,region_wipeout_cache,240,True,True,True,unread,,no shared metric extracted
artifacts/probe-results/REV0004_VALUE_OUTLIER_SMOKE.json,value_outlier_eviction,216,True,True,True,unread,,no shared metric extracted
artifacts/probe-results/REV0005_DEPTH_VALUE_MIXING_SMOKE.json,depth_value_mixing,240,True,True,True,unread,,no shared metric extracted
artifacts/probe-results/REV0005_DYNAMIC_STATE_MERGING_SMOKE.json,dynamic_state_merging,160,True,True,True,unread,,no shared metric extracted
artifacts/probe-results/REV0005_ENTMAX_SUPPORT_SMOKE.json,entmax_support_recovery,2016,False,True,False,unread,,no shared metric extracted
artifacts/probe-results/REV0005_MOMENT_DIRECTIONAL_SMOKE.json,moment_directional_gap,2880,False,True,True,unread,,no shared metric extracted
artifacts/probe-results/REV0005_QKV_PROJECTION_SHARING_SMOKE.json,qkv_projection_sharing,750,True,True,True,qk_aligned_but_v_distinct/share_qk_fit,0.019536193260844888,best by mean_output_rel_error
artifacts/probe-results/REV0005_QKV_PROJECTION_SMOKE.json,qkv_projection_sharing,,False,True,False,unread,,no shared metric extracted
artifacts/probe-results/REV0005_TENSOR_CACHE_L2_SMOKE.json,tensor_cache_l1_l2,1536,False,True,False,unread,,no shared metric extracted
artifacts/probe-results/REV0006_ART_RUNTIME_TERMINATION_SMOKE.json,attention_runtime_termination,1152,False,True,False,front_loaded/sequential,0.5121527777777778,lowest read fraction with cosine>=0.99
artifacts/probe-results/REV0006_BANK_OF_VALUES_SMOKE.json,bank_of_values,2400,False,True,False,identity:bank_value_only / context:hybrid_75_bank,,declared winners
artifacts/probe-results/REV0006_BLURRY_WINDOW_SMOKE.json,blurry_window_attention,880,True,True,False,periodic_fact/fft_blurry_32,0.0024293934591446114,best by mean_output_l2_error_vs_full
artifacts/probe-results/REV0006_BRANCH_CACHE_SHARING_SMOKE.json,branch_cache_sharing,336,True,True,False,mild_drift/cosine_0.90,0.9930555555555555,lowest cache fraction with unacceptable_error<=0.05
artifacts/probe-results/REV0006_FADEMEM_HIERARCHY_SMOKE.json,hierarchical_fademem_cache,1260,True,True,True,coarse_global/B64->fademem_power,0.0012721051921780163,best by mean_output_rel_error
artifacts/probe-results/REV0007_QK_RESTORE_AMNESIA_SMOKE.json,qk_restore_amnesia,80,True,True,True,clean_recall/pre_sft_qk,0.0,best by mean_output_rel_error
artifacts/probe-results/REV0007_REASONING_WAVE_BUDGET_SMOKE.json,reasoning_wave_budget,80,True,True,True,unread,,no shared metric extracted
artifacts/probe-results/REV0007_TOKEN_PRECISION_FRONTIER_SMOKE.json,token_precision_frontier,80,True,True,True,mixed_salience_8_4_2,0.35111773791722956,fallback row mean output_rel_error
artifacts/probe-results/REV0008_HIST_WINDOW_ORDER_SMOKE.json,hist_window_order,1440,True,True,True,unread,,no shared metric extracted
artifacts/probe-results/REV0008_INTENT_KV_PRUNING_SMOKE.json,intent_kv_pruning,3072,True,True,True,unread,,no shared metric extracted
artifacts/probe-results/REV0008_LATENT_REASONING_ROUTER_SMOKE.json,latent_reasoning_router,4608,True,True,True,unread,,no shared metric extracted
artifacts/probe-results/REV0008_PCAF_SPARSE_MEMORY_SMOKE.json,pcaf_sparse_memory,5376,True,True,True,unread,,no shared metric extracted
artifacts/probe-results/REV0008_SHARED_ROUTING_ONCE_SMOKE.json,shared_routing_once,2688,True,True,True,unread,,no shared metric extracted
artifacts/probe-results/REV0009_FORECAST_SPARSE_ROUTING_SMOKE.json,forecast_sparse_routing,18900,True,True,True,unread,,no shared metric extracted
artifacts/probe-results/REV0009_LATENT_CONTEXT_COMPRESSION_SMOKE.json,latent_context_compression,400,True,True,True,full_raw_oracle,0.0,fallback row mean output_rel_error
artifacts/probe-results/REV0009_OBSERVABILITY_SAFE_RETENTION_SMOKE.json,observability_safe_retention,840,True,True,True,unread,,no shared metric extracted
artifacts/probe-results/REV0010_EVIDENCE_ALIGNED_TTT_SMOKE.json,evidence_aligned_ttt,2160,True,True,True,unread,,no shared metric extracted
artifacts/probe-results/REV0010_PARAMETRIC_KV_MEMORY_SMOKE.json,parametric_kv_memory,3000,True,True,True,unread,,no shared metric extracted
artifacts/probe-results/REV0010_SMT_TRANSITION_SMOKE.json,smt_transition_training,900,True,True,True,unread,,no shared metric extracted
artifacts/probe-results/REV0010_STILL_COMPACTOR_SMOKE.json,still_compactor,4500,True,True,True,unread,,no shared metric extracted
artifacts/probe-results/REV0011_AGENTIC_DFS_SEARCH_SMOKE.json,agentic_dfs_search,2800,True,True,True,unread,,no shared metric extracted
artifacts/probe-results/REV0011_ENTROPY_GUIDED_BUDGET_SMOKE.json,entropy_guided_budget,1620,True,True,True,unread,,no shared metric extracted
artifacts/probe-results/REV0011_REASONING_CACHE_SHARE_EXIT_SMOKE.json,reasoning_cache_share_exit,1890,True,True,True,unread,,no shared metric extracted
artifacts/probe-results/REV0012_CENTAUR_HPO_STATE_SMOKE.json,centaur_hpo_state_smoke,20,False,True,True,unread,,no shared metric extracted
artifacts/probe-results/REV0012_CLP_MULTITOKEN_ACCEPTANCE_SMOKE.json,clp_multitoken_acceptance_smoke,16,False,True,True,unread,,no shared metric extracted
artifacts/probe-results/REV0012_EXPRESS_STREAMING_CORESET_SMOKE.json,express_streaming_coreset_cpp_smoke,64,False,True,True,unread,,no shared metric extracted
artifacts/probe-results/REV0012_TRACE_PREFIX_ROLLOUT_SMOKE.json,trace_prefix_rollout_smoke,48,False,True,True,unread,,no shared metric extracted
artifacts/probe-results/REV0013_CENTAUR_HPO_STATE_SMOKE.json,centaur_hpo_state_smoke,20,False,True,True,unread,,no shared metric extracted
artifacts/probe-results/REV0013_CLP_MULTITOKEN_ACCEPTANCE_SMOKE.json,clp_multitoken_acceptance_smoke,16,False,True,True,unread,,no shared metric extracted
artifacts/probe-results/REV0013_EXPRESS_STREAMING_CORESET_SMOKE.json,express_streaming_coreset_cpp_smoke,64,False,True,True,unread,,no shared metric extracted
artifacts/probe-results/REV0013_GATED_DELTA_MEMORY_SMOKE.json,gated_delta_memory,15,False,True,True,unread,,no shared metric extracted
artifacts/probe-results/REV0013_KVCAT_COMPRESSIBILITY_SMOKE.json,kvcat_compressibility,192,False,True,True,unread,,no shared metric extracted
artifacts/probe-results/REV0013_LRKV_HEAD_DIVERSITY_SMOKE.json,lrkv_head_diversity,35,False,True,True,unread,,no shared metric extracted
artifacts/probe-results/REV0013_NATIVE_TOKEN_PRECISION_FRONTIER_SMOKE.json,native_token_precision_frontier,105,True,True,True,unread,,no shared metric extracted
artifacts/probe-results/REV0013_QUERY_MOVE_CACHE_SMOKE.json,query_move_cache_cost,864,False,True,True,unread,,no shared metric extracted
artifacts/probe-results/REV0013_QUERY_MOVE_PHASE_SCAN_SMOKE.json,query_move_phase_boundary,4608,False,True,True,unread,,no shared metric extracted
artifacts/probe-results/REV0013_RESIDUAL_KV_SENSITIVITY_SMOKE.json,native_residual_kv_sensitivity,300,False,True,True,unread,,no shared metric extracted
artifacts/probe-results/REV0013_RESIDUAL_STREAM_KV_SMOKE.json,residual_stream_kv,108,False,True,True,unread,,no shared metric extracted
artifacts/probe-results/REV0013_TRACE_PREFIX_ROLLOUT_SMOKE.json,trace_prefix_rollout_smoke,48,False,True,True,unread,,no shared metric extracted
artifacts/probe-results/REV0014_EXPRESS_STREAMING_CORESET_SMOKE.json,express_streaming_coreset_cpp_smoke,64,False,True,True,unread,,no shared metric extracted
artifacts/probe-results/REV0014_GATED_DELTA_MEMORY_SMOKE.json,gated_delta_memory,15,False,True,True,unread,,no shared metric extracted
artifacts/probe-results/REV0014_KVCAT_COMPRESSIBILITY_SMOKE.json,kvcat_compressibility,192,False,True,True,unread,,no shared metric extracted
artifacts/probe-results/REV0014_LRKV_HEAD_DIVERSITY_SMOKE.json,lrkv_head_diversity,35,False,True,True,unread,,no shared metric extracted
artifacts/probe-results/REV0014_NATIVE_TOKEN_PRECISION_FRONTIER_SMOKE.json,native_token_precision_frontier,105,True,True,True,unread,,no shared metric extracted
artifacts/probe-results/REV0014_QUERY_MOVE_CACHE_SMOKE.json,query_move_cache_cost,864,False,True,True,unread,,no shared metric extracted
artifacts/probe-results/REV0014_QUERY_MOVE_PHASE_SCAN_SMOKE.json,query_move_phase_boundary,4608,False,True,True,unread,,no shared metric extracted
artifacts/probe-results/REV0014_RESIDUAL_KV_SENSITIVITY_SMOKE.json,native_residual_kv_sensitivity,300,False,True,True,unread,,no shared metric extracted
artifacts/probe-results/REV0014_RESIDUAL_STREAM_KV_SMOKE.json,residual_stream_kv,108,False,True,True,unread,,no shared metric extracted
artifacts/probe-results/REV0014_STOCHASTIC_SPARSE_ATTENTION_SMOKE.json,stochastic_sparse_attention,240,False,True,True,unread,,no shared metric extracted
artifacts/probe-results/REV0015_DFSSM_QUANT_SCAFFOLD_SMOKE.json,dfssm_quant_scaffold,28,True,True,True,unread,,no shared metric extracted
artifacts/probe-results/REV0015_EXPRESS_STREAMING_CORESET_SMOKE.json,express_streaming_coreset_cpp_smoke,64,False,True,True,unread,,no shared metric extracted
artifacts/probe-results/REV0015_GATED_DELTA_MEMORY_SMOKE.json,gated_delta_memory,15,False,True,True,unread,,no shared metric extracted
artifacts/probe-results/REV0015_HYPERGRAPH_MEMORY_TRACE_SMOKE.json,hypergraph_memory_trace,120,True,True,True,unread,,no shared metric extracted
artifacts/probe-results/REV0015_KVCAT_COMPRESSIBILITY_SMOKE.json,kvcat_compressibility,192,False,True,True,unread,,no shared metric extracted
artifacts/probe-results/REV0015_LRKV_HEAD_DIVERSITY_SMOKE.json,lrkv_head_diversity,35,False,True,True,unread,,no shared metric extracted
artifacts/probe-results/REV0015_MEMORY_SYCOPHANCY_TRAP_SMOKE.json,memory_sycophancy_trap,96,True,True,True,unread,,no shared metric extracted
artifacts/probe-results/REV0015_NATIVE_HPO_PHASE_SMOKE.json,native_hpo_phase,80,True,True,True,unread,,no shared metric extracted
artifacts/probe-results/REV0015_NATIVE_TOKEN_PRECISION_FRONTIER_SMOKE.json,native_token_precision_frontier,105,True,True,True,unread,,no shared metric extracted
artifacts/probe-results/REV0015_QUERY_MOVE_CACHE_SMOKE.json,query_move_cache_cost,864,False,True,True,unread,,no shared metric extracted
artifacts/probe-results/REV0015_QUERY_MOVE_PHASE_SCAN_SMOKE.json,query_move_phase_boundary,4608,False,True,True,unread,,no shared metric extracted
artifacts/probe-results/REV0015_RESIDUAL_KV_SENSITIVITY_SMOKE.json,native_residual_kv_sensitivity,300,False,True,True,unread,,no shared metric extracted
artifacts/probe-results/REV0015_RESIDUAL_STREAM_KV_SMOKE.json,residual_stream_kv,108,False,True,True,unread,,no shared metric extracted
artifacts/probe-results/REV0015_STOCHASTIC_SPARSE_ATTENTION_SMOKE.json,stochastic_sparse_attention,240,False,True,True,unread,,no shared metric extracted
