scenario_id,title,trigger_id,public_notice_type,required_envelope_kinds,checklists,playbooks,notes
sequencer_equivocation,Sequencer equivocation (fork proof),incident_declared,incident_declaration,hfv.public.notice,artifacts/checklists/incident-comms-proof-checklist.md;artifacts/checklists/mirror-consistency-audit-checklist.md,artifacts/playbooks/publication-deadline-breach-response-playbook.md,PublicNotice MUST name checkpoint IDs/hashes and link to any fork/equivocation evidence by digest.
witness_quorum_outage,Witness quorum outage / DDoS,incident_declared,incident_advisory,hfv.public.notice,artifacts/checklists/availability-response-checklist.md;artifacts/checklists/outage-attestation-checklist.md,artifacts/playbooks/public-notice-and-rumor-response.md,PublicNotice MUST name affected endpoints + time windows; point to URP/attestations by digest.
network_partition,Network partition / routing incident,incident_declared,incident_advisory,hfv.public.notice,artifacts/checklists/censorship-and-partition-drill.md;artifacts/checklists/routing-availability-checklist.md,artifacts/playbooks/public-notice-and-rumor-response.md,Prefer multi-vantage evidence (RIPE Atlas/OONI) referenced by digest; avoid screenshots.
mass_revocation_or_ra_compromise,Mass revocation / RA compromise attempt,incident_declared,incident_declaration,hfv.public.notice,artifacts/checklists/key-compromise-response-checklist.md;artifacts/checklists/revocation-transparency-checklist.md,artifacts/playbooks/key-compromise-response-playbook.md,PublicNotice MUST declare freeze scope + what signatures/time ranges are suspect; link to KeyCompromiseEvent by digest.
malware_campaign_devices,Malware campaign affecting voter devices,incident_declared,incident_advisory,hfv.public.notice,artifacts/checklists/incident-comms-proof-checklist.md;artifacts/checklists/submission-privacy-checklist.md,artifacts/playbooks/public-notice-and-rumor-response.md,PublicNotice MUST separate confirmed facts vs guidance; avoid device fingerprinting; link to mitigations checklist.
trustee_compromise_suspicion,Trustee compromise suspicion during tally,incident_declared,incident_declaration,hfv.public.notice,artifacts/checklists/witness-compromise-recovery-checklist.md;artifacts/checklists/key-compromise-response-checklist.md,artifacts/playbooks/key-compromise-response-playbook.md,PublicNotice SHOULD state contingency threshold changes and next planned update time.
proof_verification_failure,Proof verification failure (ZK/consistency),incident_declared,incident_advisory,hfv.public.notice,artifacts/checklists/release-integrity-checklist.md;artifacts/checklists/incident-comms-proof-checklist.md,artifacts/playbooks/evidence-packet-breakage-response.md,PublicNotice MUST include reproduction steps and expected digests for verifier outputs.
paper_vs_crypto_discrepancy,Paper-vs-crypto discrepancy (audit escalation),incident_declared,incident_declaration,hfv.public.notice,artifacts/checklists/results-pipeline-checklist.md;artifacts/checklists/incident-comms-proof-checklist.md,artifacts/playbooks/public-notice-and-rumor-response.md,PublicNotice MUST avoid claims of finality; include audit escalation plan + timing.
traffic_analysis_allegation,Traffic-analysis / turnout surveillance allegation,rumor_detected,rumor_control,hfv.public.notice,artifacts/checklists/traffic-analysis-mitigations.md;artifacts/checklists/incident-comms-proof-checklist.md,artifacts/playbooks/public-notice-and-rumor-response.md,Rumor-control notices SHOULD link to threat model/privacy design and explicitly state disclosure boundaries.
supply_chain_compromise_detected,Supply-chain compromise detected (provenance mismatch),incident_declared,incident_declaration,hfv.public.notice,artifacts/checklists/verifier-supply-chain-checklist.md;artifacts/checklists/release-integrity-checklist.md,artifacts/playbooks/supply-chain-incident-playbook.md,PublicNotice MUST link to provenance statements and specify which builds/releases are impacted.
verifier_bug_monoculture,Verifier bug / monoculture failure (false pass),incident_declared,correction,hfv.public.notice;hfv.provenance.build_provenance,artifacts/checklists/verifier-diversity-checklist.md;artifacts/checklists/incident-comms-proof-checklist.md,artifacts/playbooks/verifier-diversity-mitigation.md,Correction notice MUST specify affected verifier versions and provide reproduction + fixed digests.
insider_exfiltration_logs,Insider exfiltration of access logs / network identifiers,incident_declared,incident_advisory,hfv.public.notice,artifacts/checklists/mass-compromise-response-checklist.md;artifacts/checklists/incident-comms-proof-checklist.md,artifacts/playbooks/retention-incident-response.md,PublicNotice MUST avoid leaking additional identifiers; include support resources and next update time.
official_channel_takeover,Official channel takeover / forged statement,rumor_detected,rumor_control,hfv.public.notice,artifacts/checklists/vrdb-disinfo-response-checklist.md;artifacts/checklists/incident-comms-proof-checklist.md,artifacts/playbooks/disinfo-response-playbook.md;artifacts/playbooks/public-notice-and-rumor-response.md,Publish a PublicNotice from an out-of-band channel; include a 'how to verify official channels' section + digest short-form for copy/paste.
synthetic_media_deepfake,Deepfake/synthetic media claim about election operations,rumor_detected,rumor_control,hfv.public.notice,artifacts/checklists/vrdb-disinfo-response-checklist.md;artifacts/checklists/measurement-ethics-checklist.md,artifacts/playbooks/disinfo-response-playbook.md;artifacts/playbooks/public-notice-and-rumor-response.md,Avoid re-amplifying the artifact; prefer pointing to provenance assertions by digest (if available) and publish a time-bounded update cadence.
ddos_selective_drop,DDoS + selective submission dropping,incident_declared,incident_advisory,hfv.public.notice,artifacts/checklists/availability-response-checklist.md;artifacts/checklists/evidence-deadlines-checklist.md,artifacts/playbooks/publication-deadline-breach-response-playbook.md,"PublicNotice SHOULD separate ""slow/partial access"" from ""lost submissions"" and name any receipt states/time windows by digest pointers."
ballot_definition_substitution,Ballot definition substitution / EPB mismatch,incident_declared,incident_declaration,hfv.public.notice;hfv.election.parameters_bundle,artifacts/checklists/ballot-definition-incident-checklist.md;artifacts/checklists/canary-monitoring-checklist.md,artifacts/playbooks/format-drift-response-playbook.md,PublicNotice MUST publish the canonical EPB digest and describe who is impacted (scope) without doxxing; attach diff evidence by digest.
vrdb_snapshot_regression,VRDB snapshot regression / rollback attempt,incident_declared,incident_advisory,hfv.public.notice,artifacts/checklists/vrdb-hardening-checklist.md;artifacts/checklists/mirror-consistency-audit-checklist.md,artifacts/playbooks/public-notice-and-rumor-response.md,"PublicNotice SHOULD include the last-known-good snapshot digest and an explicit ""freeze"" decision if eligibility/status data may be stale."
enr_drift_fake_injection,ENR drift / fake results injection,incident_declared,incident_advisory,hfv.public.notice;hfv.results.enr_update,artifacts/checklists/enr-drift-monitoring-checklist.md;artifacts/checklists/enr-security-checklist.md,artifacts/playbooks/disinfo-response-playbook.md,PublicNotice MUST distinguish unofficial ENR from certified results; provide a canonical ENRUpdate digest and guidance for independent verification.
credential_recovery_fraud_wave,Credential recovery fraud wave,incident_declared,incident_advisory,hfv.public.notice,artifacts/checklists/credential-recovery-checklist.md;artifacts/checklists/credential-issuance-checklist.md,artifacts/playbooks/credential-mass-incident-playbook.md,PublicNotice SHOULD provide safe guidance (avoid phishing amplification) and name support channels + next update cadence; preserve privacy boundaries.
domain_hijack_fake_notice,Domain hijack / certificate mis-issuance for fake notices,rumor_detected,rumor_control,hfv.public.notice,artifacts/checklists/incident-comms-proof-checklist.md;artifacts/checklists/mirror-consistency-audit-checklist.md,artifacts/playbooks/disinfo-response-playbook.md;artifacts/playbooks/public-notice-and-rumor-response.md,Issue an out-of-band PublicNotice that teaches observers what to trust (mirror list + digest short-form); point to any CT/DNS evidence by digest when available.
comms_digest_mismatch,Comms digest mismatch across official channels,incident_declared,rumor_control,hfv.public.notice,artifacts/checklists/official-communications-channels-hardening-checklist.md;artifacts/checklists/audience-parity-monitoring-checklist.md,artifacts/playbooks/public-notice-and-rumor-response.md,"If a PublicNotice digest appears on some official channels but not others (or differs), treat as split-view or compromise. Publish a new PublicNotice naming affected channel_id(s), time window, and evidence pointers; shift parity checks to surviving channels."
missed_next_update_commitment,Missed next update commitment (comms SLA breach),deadline_breach_detected,status_update,hfv.public.notice,artifacts/checklists/evidence-deadlines-checklist.md;artifacts/checklists/incident-comms-proof-checklist.md,artifacts/playbooks/publication-deadline-breach-response-playbook.md;artifacts/playbooks/public-notice-and-rumor-response.md,"Publish a status_update PublicNotice that supersedes the prior notice; acknowledge the delay, explain the cause, reset next_update_at, and attach any breach proof/receipts when available."
conflicting_reports_overload,Conflicting reports / information overload (uncertainty-safe update),incident_declared,status_update,hfv.public.notice,artifacts/checklists/public-update-epistemic-quickcheck.md;artifacts/checklists/incident-comms-proof-checklist.md,artifacts/playbooks/public-notice-and-rumor-response.md,"Drill human process under pressure: conflicting external claims, incomplete internal info. PublicNotice MUST use epistemic tags + next_update_at commitment (219)."
forged_official_statement_time_to_refute,Forged “official statement” circulates (time-to-refute drill),incident_declared,rumor_control,hfv.public.notice,artifacts/checklists/incident-comms-proof-checklist.md;artifacts/checklists/audience-parity-monitoring-checklist.md;artifacts/checklists/authenticity-response-cell-checklist.md,artifacts/playbooks/public-notice-and-rumor-response.md,Assume deepfake/forged screenshot of an official claim. Response MUST be digest-first: publish authenticity verdict as PublicNotice + point to packet digest. Track and measure time-to-refute target (194.4).
legibility_theater_publication_drop,“We published it” but operationally useless (legibility theater test),incident_declared,incident_advisory,hfv.public.notice,artifacts/checklists/evidence-publication-checklist.md;artifacts/checklists/mirror-consistency-audit-checklist.md,artifacts/playbooks/publication-deadline-breach-response-playbook.md,"Test minimal-effort compliance failure: giant scans/unstable links/no indexes. Drill producing bounded, mirrorable artifacts (manifest digest, digest cards) and emit a PublicationCoverageReport / suppression report if needed (187)."
selective_delivery_split_view,Selective delivery / geoblock (split-view publication),incident_declared,incident_advisory,hfv.public.notice;hfv.public.surface_parity_snapshot,artifacts/checklists/audience-parity-monitoring-checklist.md;artifacts/checklists/mirror-consistency-audit-checklist.md;artifacts/checklists/incident-comms-proof-checklist.md,artifacts/playbooks/public-notice-and-rumor-response.md,"Drill selective delivery: different bytes by geo/UA/language/cookies/WAF. Publish parity snapshots + request-context capture notes; issue an incident_advisory PublicNotice naming affected surfaces, time window, and verification pointers."
political_pressure_unverified_claims,Political pressure to publish unverified claims (hold the line),rumor_detected,status_update,hfv.public.notice,artifacts/checklists/public-update-epistemic-quickcheck.md;artifacts/checklists/incident-comms-proof-checklist.md,artifacts/playbooks/public-notice-and-rumor-response.md,"Drill refusal to overclaim under pressure. PublicNotice MUST separate known/unknown, commit next_update_at, cite reproducible evidence pointers, and avoid declaring certification/results beyond authority."
premature_promotion_remote_return,Pressure to promote remote ballot return (premature Track B→A promotion),incident_declared,incident_advisory,hfv.public.notice,artifacts/checklists/catastrophe-ordering-review-checklist.md;artifacts/checklists/public-update-epistemic-quickcheck.md;artifacts/checklists/incident-comms-proof-checklist.md,artifacts/playbooks/public-notice-and-rumor-response.md,"Drill refusing premature scope expansion: publish a bounded PublicNotice that front-loads non-claims (167), cites promotion guardrails (229.7), and states the rollback/fallback posture. Treat marketing-scope creep as an integrity incident, not a PR debate."
