recovery_id,trigger,public_status,decision_owner,minimum_evidence,operator_action,public_sentence,non_claims
TRP-001,packet_verification_fail,verification_failed_preserve_packet,verification lead plus election office evidence custodian,failed verifier report; packet path; manifest digest; problem codes,freeze packet bytes; rerun independent verifier; publish problem-code bulletin; open correction or escalation record,This packet did not pass the listed verifier checks; preserve the packet and use the problem codes before drawing conclusions.,not outcome certification; not proof of intent or fraud; not legal advice
TRP-002,publication_deadline_missing,expected_artifact_not_found,publication monitor plus communications owner,publication contract; expected surface; deadline; observation window; witness or monitor notes,record missingness; preserve vantage metadata; notify official channel owner; publish bounded status update,The expected artifact was not found by the stated deadline on the named surface; this records publication state only.,not proof of suppression; not proof of intent or fraud; not outcome certification
TRP-003,public_surface_parity_divergence,divergent_public_views_recorded,parity monitor plus communications owner,parity snapshot; channel ids; bounded vantage labels; compared digests,preserve parity snapshot; avoid exposing private browsing data; request official correction; publish digest-bound status,Different public views of the named surface produced different bytes or status; the divergence is recorded for correction and review.,not proof of targeting; not proof of intent or fraud; not outcome certification
TRP-004,signing_key_compromise_or_confusing_rotation,trust_boundary_changed,key ceremony lead plus witness-set coordinator,keyset; key compromise event; witness set change; signed explanation; effective time,freeze old key status; publish signed event; require witness acknowledgement; update verifier policy profile,The signing trust boundary changed; use the signed explanation and witness-set change before trusting later artifacts.,not proof of compromise impact; not outcome certification; not legal advice
TRP-005,official_ai_assisted_output_error,ai_assisted_output_corrected,human approving official plus communications owner,AI-use disclosure; human approval log; correction notice; affected public artifact digest,publish correction notice; record AI-use disclosure; preserve pre-correction digest; route rights-affecting questions to deterministic official sources,A human authority corrected or approved this AI-assisted public artifact; voters should use the current official artifact.,not automated rights determination; not proof of intent or fraud; not outcome certification
TRP-006,forged_screenshot_or_unverified_derivative,derivative_not_authority,communications owner plus verifier lead,official channel directory; public notice feed; official artifact digest; screenshot provenance if safely available,publish digest card; avoid amplifying forged derivative; link to official channel directory; preserve report safely,The official digest-bound artifact is the authority; an image or forwarded copy is not enough to verify the notice.,not proof of source identity for the derivative; not proof of intent or fraud; not outcome certification
TRP-007,non_voting_election_technology_outage,supporting_technology_incident_recorded,incident commander plus technology owner,official channel status; incident record; recovery digest; affected artifact types; after-action report,issue public status; preserve incident timeline; map affected non-voting systems; publish after-action packet,The supporting election technology incident and recovery evidence are recorded in bounded packets.,not voting-system certification; not proof of changed votes; not legal advice
TRP-008,witness_set_divergence_or_capture_concern,witness_governance_review_opened,witness-set coordinator plus independent reviewer,witness set; witness set change; dissent records; liveness or health log; governance rule,preserve dissent; publish set-change packet; request independent review; lower confidence until threshold restored,A witness governance issue is recorded; use the witness-set change and dissent records to interpret later attestations.,not proof of capture; not outcome certification; not legal advice
TRP-009,public_safety_or_intimidation_report,safe_escalation_route_published,safety lead plus election official of record,safe report channel; incident triage notes; public answer surface; after-action record,route to safe reporting channel; avoid doxxing; preserve bounded evidence; issue public answer if appropriate,"This is the safe official route for reporting intimidation, obstruction, or unsafe conduct without exposing private voter information.",not legal advice; not law-enforcement finding; not outcome certification
TRP-010,unpinned_or_expired_external_source_review,source_review_needed_before_reliance,release maintainer plus source reviewer,source lock row; review_by value; citation role; replacement or pinning note,pin durable bytes where possible; refresh or demote citation; avoid live reliance on expired review windows,This external reference needs current review or a pinned digest before it is used as a live authority.,not proof the source is wrong; not outcome certification; not legal advice
TRP-011,reviewer_disagreement_or_redaction_dispute,review_disagreement_preserved,independent reviewer plus records custodian,conflicting reviewer notes; redaction rationale; affected artifact ids; non-claim boundary,preserve both positions; apply redaction floor; open unresolved-conflict stop if public language would overclaim; route to counsel or authority where required,The reviewer disagreement and redaction basis are preserved before the public language is treated as settled.,not legal advice; not proof of intent or fraud; not outcome certification
