source_pattern	strong_domain	transfer_target	test
status afterlife	vulnerability records; certificates; recalls	AI model cards; repair records; data-space permissions	does old status remain relied on after correction
resolver capture	product passports; content credentials	data spaces; wallets; software registries	who controls pointer between subject and current state
queue position as asset	grid interconnection; notified-body review	permits; grants; compute allocation	can queue state be financed or appealed
selective disclosure sufficiency	identity wallets	procurement; data spaces; media provenance	who defines enough proof
source-witness nonresponse	packet appeals; incident reporting	AI audits; repair disputes	what happens when evidence holder is silent
nonparticipation labels	media provenance	passports; credentials; compliance	when is absence neutral or suspicious
authority logs	AI agents	care proxies; enterprise bots; civic representatives	what binds action to delegated scope
authority-scope-crosswalks	delegated authority	AI agent tools	public services	legal-person wallets	High transfer if action verbs can be normalized without overgranting.
representative-of-record-ledgers	tax representation	healthcare proxy	benefits casework	platform appeals	High transfer if notice routing and revocation states matter.
provenance-lineage	software supply chain	product passports	media credentials	AI model documentation	High transfer if source, transform, resolver, and replay states are kept distinct.
custody-break-certificates	litigation evidence	audit reports	product passports	AI assurance	Transfers where partial reliance is safer than silent caveats.
