queue_id,candidate_id,candidate_name,priority,queue_type,trigger,next_action,blocking_files
gq_0069,cand_abuelas_de_plaza_de_mayo_identity_restitution,Abuelas de Plaza de Mayo — right-to-identity search for stolen grandchildren,0,governance_quarantined_boundary_only,eligibility=quarantined_no_public_expansion; human_review_claims=3; blocked_urls=6; manual_urls=0; near_harm=case_detail_near|family_profile_near|policy_context_far,"family/community or authorized governance review before public prose, public URL, image, case-name, testimony, or story expansion",META/Public-Export-Eligibility-current.csv|META/Public-Source-Link-Review-current.csv|META/Claim-Evidence-Strength-current.csv|GOVERNANCE/Family-Consent-and-Case-Name-Use-Ledger-current.csv
gq_0002,cand_bridget_tolley_fsis_mmiwg_canada,Bridget Tolley / Families of Sisters in Spirit (FSIS) — and the broader Indigenous-led MMIWG2S+ search and memorial office,0,governance_quarantined_boundary_only,eligibility=quarantined_no_public_expansion; human_review_claims=4; blocked_urls=3; manual_urls=0; near_harm=case_detail_near|family_profile_near|institutional_status_far|policy_context_far|support_path_near,"family/community or authorized governance review before public prose, public URL, image, case-name, testimony, or story expansion",META/Public-Export-Eligibility-current.csv|META/Public-Source-Link-Review-current.csv|META/Claim-Evidence-Strength-current.csv|GOVERNANCE/Family-Consent-and-Case-Name-Use-Ledger-current.csv
gq_0071,cand_eaaf_forensic_return_of_names_and_remains,Equipo Argentino de Antropología Forense (EAAF) — forensic return of names and remains,0,governance_quarantined_boundary_only,eligibility=quarantined_no_public_expansion; human_review_claims=4; blocked_urls=6; manual_urls=0; near_harm=case_detail_near|contact_path_near|family_profile_near,"family/community or authorized governance review before public prose, public URL, image, case-name, testimony, or story expansion",META/Public-Export-Eligibility-current.csv|META/Public-Source-Link-Review-current.csv|META/Claim-Evidence-Strength-current.csv|GOVERNANCE/Family-Consent-and-Case-Name-Use-Ledger-current.csv
gq_0070,cand_las_patronas_veracruz_migrant_train_food_water,Las Patronas / Norma Romero — migrant train food-and-water threshold office,0,governance_quarantined_boundary_only,eligibility=quarantined_no_public_expansion; human_review_claims=4; blocked_urls=5; manual_urls=0; near_harm=contact_path_near|image_or_vigil_near|operational_route_near|policy_context_far,"family/community or authorized governance review before public prose, public URL, image, case-name, testimony, or story expansion",META/Public-Export-Eligibility-current.csv|META/Public-Source-Link-Review-current.csv|META/Claim-Evidence-Strength-current.csv|GOVERNANCE/Family-Consent-and-Case-Name-Use-Ledger-current.csv
gq_0072,cand_mothers_srebrenica_zepa_truth_justice_remembrance,"Movement of Mothers of Srebrenica and Žepa Enclaves — family-led truth, remembrance, and accountability office",0,governance_quarantined_boundary_only,eligibility=quarantined_no_public_expansion; human_review_claims=4; blocked_urls=3; manual_urls=0; near_harm=case_detail_near|contact_path_near|family_profile_near|image_or_vigil_near|policy_context_far,"family/community or authorized governance review before public prose, public URL, image, case-name, testimony, or story expansion",META/Public-Export-Eligibility-current.csv|META/Public-Source-Link-Review-current.csv|META/Claim-Evidence-Strength-current.csv|GOVERNANCE/Family-Consent-and-Case-Name-Use-Ledger-current.csv
gq_0001,cand_aisha_diss_project_me,Aisha Diss / project.ME,1,human_review_boundary_only,eligibility=boundary_index_shape_only; human_review_claims=3; blocked_urls=2; manual_urls=0; near_harm=contact_path_near|image_or_vigil_near,review lifecycle/currentness and public-claim quarantine before public prose expansion,META/Public-Export-Eligibility-current.csv|META/Public-Source-Link-Review-current.csv|META/Claim-Evidence-Strength-current.csv|GOVERNANCE/Family-Consent-and-Case-Name-Use-Ledger-current.csv
gq_0003,cand_calais_grassroots_border_offices_rck_utopia56_hro_adm,Calais grassroots border offices / L’Auberge des Migrants / Refugee Community Kitchen / Utopia 56 / Human Rights Observers,1,human_review_boundary_only,eligibility=boundary_index_shape_only; human_review_claims=5; blocked_urls=9; manual_urls=0; near_harm=contact_path_near|image_or_vigil_near,review lifecycle/currentness and public-claim quarantine before public prose expansion,META/Public-Export-Eligibility-current.csv|META/Public-Source-Link-Review-current.csv|META/Claim-Evidence-Strength-current.csv|GOVERNANCE/Family-Consent-and-Case-Name-Use-Ledger-current.csv
gq_0004,cand_canada_group_of_five_private_refugee_sponsorship_circles,Canada Group of Five / Private Sponsorship of Refugees circles,1,human_review_boundary_only,eligibility=boundary_index_shape_only; human_review_claims=4; blocked_urls=5; manual_urls=0; near_harm=contact_path_near,review lifecycle/currentness and public-claim quarantine before public prose expansion,META/Public-Export-Eligibility-current.csv|META/Public-Source-Link-Review-current.csv|META/Claim-Evidence-Strength-current.csv|GOVERNANCE/Family-Consent-and-Case-Name-Use-Ledger-current.csv
gq_0005,cand_chuuk_womens_council_ticc_apimar_safenet,Chuuk Women’s Council / Tongen Inepwineu Counselling Centre (TICC) / APIMAR SafeNet,1,human_review_boundary_only,eligibility=boundary_index_shape_only; human_review_claims=4; blocked_urls=3; manual_urls=0; near_harm=contact_path_near,review lifecycle/currentness and public-claim quarantine before public prose expansion,META/Public-Export-Eligibility-current.csv|META/Public-Source-Link-Review-current.csv|META/Claim-Evidence-Strength-current.csv|GOVERNANCE/Family-Consent-and-Case-Name-Use-Ledger-current.csv
gq_0052,cand_santegidio_humanitarian_corridors_safe_passage_office,Community of Sant’Egidio / FCEI / Tavola Valdese / ARCI humanitarian corridors,1,human_review_boundary_only,eligibility=boundary_index_shape_only; human_review_claims=4; blocked_urls=6; manual_urls=0; near_harm=contact_path_near,review lifecycle/currentness and public-claim quarantine before public prose expansion,META/Public-Export-Eligibility-current.csv|META/Public-Source-Link-Review-current.csv|META/Claim-Evidence-Strength-current.csv|GOVERNANCE/Family-Consent-and-Case-Name-Use-Ledger-current.csv
gq_0006,cand_crystal_paikea_te_tai_tokerau_postvention_aotearoa,"Crystal Paikea / Te Tai Tokerau suicide postvention team — and the broader kaupapa Māori postvention office, including the Fusion group (Te Tai Tokerau ki Muriwhenua)",1,human_review_boundary_only,eligibility=boundary_index_shape_only; human_review_claims=4; blocked_urls=5; manual_urls=0; near_harm=contact_path_near,review lifecycle/currentness and public-claim quarantine before public prose expansion,META/Public-Export-Eligibility-current.csv|META/Public-Source-Link-Review-current.csv|META/Claim-Evidence-Strength-current.csv|GOVERNANCE/Family-Consent-and-Case-Name-Use-Ledger-current.csv
gq_0034,cand_maes_de_maio_debora_maria_da_silva_brazil,Débora Maria da Silva / Mães de Maio (Mothers of May) — Brazil,1,human_review_boundary_only,eligibility=boundary_index_shape_only; human_review_claims=3; blocked_urls=4; manual_urls=0; near_harm=case_detail_near|policy_context_far,review lifecycle/currentness and public-claim quarantine before public prose expansion,META/Public-Export-Eligibility-current.csv|META/Public-Source-Link-Review-current.csv|META/Claim-Evidence-Strength-current.csv|GOVERNANCE/Family-Consent-and-Case-Name-Use-Ledger-current.csv
gq_0007,cand_elissa_davey_garden_of_innocence_unclaimed_children,Elissa Davey / Garden of Innocence National — abandoned and unidentified children burial office,1,human_review_boundary_only,eligibility=boundary_index_shape_only; human_review_claims=5; blocked_urls=8; manual_urls=0; near_harm=image_or_vigil_near|policy_context_far,review lifecycle/currentness and public-claim quarantine before public prose expansion,META/Public-Export-Eligibility-current.csv|META/Public-Source-Link-Review-current.csv|META/Claim-Evidence-Strength-current.csv|GOVERNANCE/Family-Consent-and-Case-Name-Use-Ledger-current.csv
gq_0011,cand_fflag_uk_family_acceptance_parent_peer_support,FFLAG UK,1,human_review_boundary_only,eligibility=boundary_index_shape_only; human_review_claims=4; blocked_urls=3; manual_urls=0; near_harm=contact_path_near,review lifecycle/currentness and public-claim quarantine before public prose expansion,META/Public-Export-Eligibility-current.csv|META/Public-Source-Link-Review-current.csv|META/Claim-Evidence-Strength-current.csv|GOVERNANCE/Family-Consent-and-Case-Name-Use-Ledger-current.csv
gq_0015,cand_fsm_pohnpei_kosrae_family_protection_adviser,FSM Pohnpei / Kosrae Family Protection Adviser,1,human_review_boundary_only,eligibility=boundary_index_shape_only; human_review_claims=5; blocked_urls=3; manual_urls=0; near_harm=contact_path_near,review lifecycle/currentness and public-claim quarantine before public prose expansion,META/Public-Export-Eligibility-current.csv|META/Public-Source-Link-Review-current.csv|META/Claim-Evidence-Strength-current.csv|GOVERNANCE/Family-Consent-and-Case-Name-Use-Ledger-current.csv
gq_0008,cand_faataua_le_ola_samoa_lifeline,Fa'ataua Le Ola / Samoa Lifeline,1,human_review_boundary_only,eligibility=boundary_index_shape_only; human_review_claims=4; blocked_urls=3; manual_urls=0; near_harm=contact_path_near|operational_route_near,review lifecycle/currentness and public-claim quarantine before public prose expansion,META/Public-Export-Eligibility-current.csv|META/Public-Source-Link-Review-current.csv|META/Claim-Evidence-Strength-current.csv|GOVERNANCE/Family-Consent-and-Case-Name-Use-Ledger-current.csv
gq_0009,cand_fatik_al_rodaini_mona_relief_yemen,Fatik Al-Rodaini / Mona Relief (Yemen Organization for Humanitarian Relief and Development) — Yemen,1,human_review_boundary_only,eligibility=boundary_index_shape_only; human_review_claims=3; blocked_urls=7; manual_urls=0; near_harm=operational_route_near|policy_context_far|shelter_location_near|support_path_near,review lifecycle/currentness and public-claim quarantine before public prose expansion,META/Public-Export-Eligibility-current.csv|META/Public-Source-Link-Review-current.csv|META/Claim-Evidence-Strength-current.csv|GOVERNANCE/Family-Consent-and-Case-Name-Use-Ledger-current.csv
gq_0060,cand_tuvalu_fatulei_gbv_counsellor_pool,FatuLei / Tuvalu Women for Change Association and Tuvalu GBV counsellor-training pool,1,human_review_boundary_only,eligibility=boundary_index_shape_only; human_review_claims=5; blocked_urls=3; manual_urls=0; near_harm=contact_path_near,review lifecycle/currentness and public-claim quarantine before public prose expansion,META/Public-Export-Eligibility-current.csv|META/Public-Source-Link-Review-current.csv|META/Claim-Evidence-Strength-current.csv|GOVERNANCE/Family-Consent-and-Case-Name-Use-Ledger-current.csv
gq_0010,cand_femili_png_1_tok_bel_isi_survivor_case_management,Femili PNG / 1-Tok Kaunselin Helpim Lain / Bel Isi PNG,1,human_review_boundary_only,eligibility=boundary_index_shape_only; human_review_claims=4; blocked_urls=10; manual_urls=0; near_harm=contact_path_near,review lifecycle/currentness and public-claim quarantine before public prose expansion,META/Public-Export-Eligibility-current.csv|META/Public-Source-Link-Review-current.csv|META/Claim-Evidence-Strength-current.csv|GOVERNANCE/Family-Consent-and-Case-Name-Use-Ledger-current.csv
gq_0013,cand_fiji_womens_crisis_centre_pwnavaw_regional_backbone,Fiji Women’s Crisis Centre / Pacific Women’s Network Against Violence Against Women,1,human_review_boundary_only,eligibility=boundary_index_shape_only; human_review_claims=4; blocked_urls=3; manual_urls=0; near_harm=contact_path_near,review lifecycle/currentness and public-claim quarantine before public prose expansion,META/Public-Export-Eligibility-current.csv|META/Public-Source-Link-Review-current.csv|META/Claim-Evidence-Strength-current.csv|GOVERNANCE/Family-Consent-and-Case-Name-Use-Ledger-current.csv
gq_0014,cand_fondazione_carpinetum_centri_don_vecchi_protected_housing,Fondazione Carpinetum / Centri Don Vecchi protected housing,1,human_review_boundary_only,eligibility=boundary_index_shape_only; human_review_claims=3; blocked_urls=5; manual_urls=0; near_harm=contact_path_near|shelter_location_near|support_path_near,review lifecycle/currentness and public-claim quarantine before public prose expansion,META/Public-Export-Eligibility-current.csv|META/Public-Source-Link-Review-current.csv|META/Claim-Evidence-Strength-current.csv|GOVERNANCE/Family-Consent-and-Case-Name-Use-Ledger-current.csv
gq_0012,cand_fhr_unfinished_trc_constitutional_damages_families,Foundation for Human Rights / Unfinished Business of the TRC / constitutional-damages families,1,human_review_boundary_only,eligibility=boundary_index_shape_only; human_review_claims=3; blocked_urls=5; manual_urls=0; near_harm=contact_path_near,review lifecycle/currentness and public-claim quarantine before public prose expansion,META/Public-Export-Eligibility-current.csv|META/Public-Source-Link-Review-current.csv|META/Claim-Evidence-Strength-current.csv|GOVERNANCE/Family-Consent-and-Case-Name-Use-Ledger-current.csv
gq_0016,cand_fundacion_transformando_familias_argentina,Fundación Transformando Familias,1,human_review_boundary_only,eligibility=public_index_shape_only; human_review_claims=4; blocked_urls=1; manual_urls=0; near_harm=support_path_near,review lifecycle/currentness and public-claim quarantine before public prose expansion,META/Public-Export-Eligibility-current.csv|META/Public-Source-Link-Review-current.csv|META/Claim-Evidence-Strength-current.csv|GOVERNANCE/Family-Consent-and-Case-Name-Use-Ledger-current.csv
gq_0017,cand_gender_creative_kids_pflag_canada_family_support,Gender Creative Kids / pflag Canada parent and family support,1,human_review_boundary_only,eligibility=public_index_shape_only; human_review_claims=3; blocked_urls=3; manual_urls=0; near_harm=support_path_near,review lifecycle/currentness and public-claim quarantine before public prose expansion,META/Public-Export-Eligibility-current.csv|META/Public-Source-Link-Review-current.csv|META/Claim-Evidence-Strength-current.csv|GOVERNANCE/Family-Consent-and-Case-Name-Use-Ledger-current.csv
gq_0018,cand_good_nanum_park_jin_ok_korea_disconnected_dead,Good Nanum (좋은 나눔) / Park Jin-ok — and Nanum and Nanum (나눔과 나눔) — South Korea,1,human_review_boundary_only,eligibility=boundary_index_shape_only; human_review_claims=4; blocked_urls=5; manual_urls=0; near_harm=contact_path_near,review lifecycle/currentness and public-claim quarantine before public prose expansion,META/Public-Export-Eligibility-current.csv|META/Public-Source-Link-Review-current.csv|META/Claim-Evidence-Strength-current.csv|GOVERNANCE/Family-Consent-and-Case-Name-Use-Ledger-current.csv
gq_0020,cand_helena_maleno_caminando_fronteras,Helena Maleno / Caminando Fronteras,1,human_review_boundary_only,eligibility=boundary_index_shape_only; human_review_claims=4; blocked_urls=9; manual_urls=0; near_harm=case_detail_near|contact_path_near|image_or_vigil_near|operational_route_near,review lifecycle/currentness and public-claim quarantine before public prose expansion,META/Public-Export-Eligibility-current.csv|META/Public-Source-Link-Review-current.csv|META/Claim-Evidence-Strength-current.csv|GOVERNANCE/Family-Consent-and-Case-Name-Use-Ledger-current.csv
gq_0021,cand_homeless_memorial_keepers_dying_homeless_and_local_memorial_offices,Homeless memorial keepers / Dying Homeless and local memorial offices,1,human_review_boundary_only,eligibility=boundary_index_shape_only; human_review_claims=3; blocked_urls=4; manual_urls=0; near_harm=case_detail_near|contact_path_near|operational_route_near|policy_context_far,review lifecycle/currentness and public-claim quarantine before public prose expansion,META/Public-Export-Eligibility-current.csv|META/Public-Source-Link-Review-current.csv|META/Claim-Evidence-Strength-current.csv|GOVERNANCE/Family-Consent-and-Case-Name-Use-Ledger-current.csv
gq_0022,cand_homeshare_uk_homeshare_international_night_presence,Homeshare UK / HomeShare International,1,human_review_boundary_only,eligibility=boundary_index_shape_only; human_review_claims=4; blocked_urls=2; manual_urls=0; near_harm=contact_path_near,review lifecycle/currentness and public-claim quarantine before public prose expansion,META/Public-Export-Eligibility-current.csv|META/Public-Source-Link-Review-current.csv|META/Claim-Evidence-Strength-current.csv|GOVERNANCE/Family-Consent-and-Case-Name-Use-Ledger-current.csv
gq_0023,cand_isshinji_ending_center_japan_muenbotoke,"Isshinji temple (one-spirit-per-urn practice) and Ending Center (NPO ""grave-friends"" model) — Japanese muenbotoke offices",1,human_review_boundary_only,eligibility=boundary_index_shape_only; human_review_claims=4; blocked_urls=1; manual_urls=0; near_harm=case_detail_near|policy_context_far,review lifecycle/currentness and public-claim quarantine before public prose expansion,META/Public-Export-Eligibility-current.csv|META/Public-Source-Link-Review-current.csv|META/Claim-Evidence-Strength-current.csv|GOVERNANCE/Family-Consent-and-Case-Name-Use-Ledger-current.csv
gq_0068,cand_jim_withers_operation_safety_net_street_medicine_institute,Jim Withers / Operation Safety Net / Street Medicine Institute — street medicine house-call-to-the-unsheltered office,1,human_review_boundary_only,eligibility=boundary_index_shape_only; human_review_claims=6; blocked_urls=15; manual_urls=0; near_harm=contact_path_near|image_or_vigil_near|operational_route_near,review lifecycle/currentness and public-claim quarantine before public prose expansion,META/Public-Export-Eligibility-current.csv|META/Public-Source-Link-Review-current.csv|META/Claim-Evidence-Strength-current.csv|GOVERNANCE/Family-Consent-and-Case-Name-Use-Ledger-current.csv
gq_0024,cand_kenya_cuevas_casa_de_las_munecas_tiresias_mexico,"Kenya Cuevas / Casa de las Muñecas Tiresias — Casa Hogar Paola Buenrostro (CDMX), Cuernavaca, and Apaxco shelters — with parallel offices Casa Frida (CDMX/Tapachula/Monterrey, founded 2020) and Casa Arcoíris (Tijuana)",1,human_review_boundary_only,eligibility=boundary_index_shape_only; human_review_claims=4; blocked_urls=7; manual_urls=0; near_harm=contact_path_near,review lifecycle/currentness and public-claim quarantine before public prose expansion,META/Public-Export-Eligibility-current.csv|META/Public-Source-Link-Review-current.csv|META/Claim-Evidence-Strength-current.csv|GOVERNANCE/Family-Consent-and-Case-Name-Use-Ledger-current.csv
gq_0025,cand_khulumani_support_group_south_africa_unfinished_trc,Khulumani Support Group — South Africa,1,human_review_boundary_only,eligibility=boundary_index_shape_only; human_review_claims=3; blocked_urls=6; manual_urls=0; near_harm=contact_path_near,review lifecycle/currentness and public-claim quarantine before public prose expansion,META/Public-Export-Eligibility-current.csv|META/Public-Source-Link-Review-current.csv|META/Claim-Evidence-Strength-current.csv|GOVERNANCE/Family-Consent-and-Case-Name-Use-Ledger-current.csv
gq_0027,cand_kiribati_safenet_olsh_crisis_centre,Kiribati SafeNet / Our Lady of the Sacred Heart crisis centre line,1,human_review_boundary_only,eligibility=boundary_index_shape_only; human_review_claims=4; blocked_urls=1; manual_urls=0; near_harm=contact_path_near,review lifecycle/currentness and public-claim quarantine before public prose expansion,META/Public-Export-Eligibility-current.csv|META/Public-Source-Link-Review-current.csv|META/Claim-Evidence-Strength-current.csv|GOVERNANCE/Family-Consent-and-Case-Name-Use-Ledger-current.csv
gq_0026,cand_kiribati_kwcsc_women_children_support_centre,Kiribati Women and Children Support Centre (KWCSC),1,human_review_boundary_only,eligibility=boundary_index_shape_only; human_review_claims=4; blocked_urls=6; manual_urls=0; near_harm=contact_path_near,review lifecycle/currentness and public-claim quarantine before public prose expansion,META/Public-Export-Eligibility-current.csv|META/Public-Source-Link-Review-current.csv|META/Claim-Evidence-Strength-current.csv|GOVERNANCE/Family-Consent-and-Case-Name-Use-Ledger-current.csv
gq_0028,cand_lalish_rebaptism_yazidi_spiritual_council_iraq,"Lalish rebaptism office / Yazidi Spiritual Council — Baba Sheikh Khurto Hajji Ismail (d. 2020) and Khidher Domle, with successor Hazim Tahsin Beg",1,human_review_boundary_only,eligibility=boundary_index_shape_only; human_review_claims=4; blocked_urls=8; manual_urls=0; near_harm=contact_path_near,review lifecycle/currentness and public-claim quarantine before public prose expansion,META/Public-Export-Eligibility-current.csv|META/Public-Source-Link-Review-current.csv|META/Claim-Evidence-Strength-current.csv|GOVERNANCE/Family-Consent-and-Case-Name-Use-Ledger-current.csv
gq_0029,cand_le_va_pasifika_suicide_prevention_community_fund,Le Va / Pasifika Suicide Prevention Community Fund,1,human_review_boundary_only,eligibility=boundary_index_shape_only; human_review_claims=4; blocked_urls=3; manual_urls=0; near_harm=contact_path_near,review lifecycle/currentness and public-claim quarantine before public prose expansion,META/Public-Export-Eligibility-current.csv|META/Public-Source-Link-Review-current.csv|META/Claim-Evidence-Strength-current.csv|GOVERNANCE/Family-Consent-and-Case-Name-Use-Ledger-current.csv
gq_0031,cand_lifeline_port_moresby_png_counselling_refuge,LifeLine Port Moresby / Lifeline PNG counselling and refuge line,1,human_review_boundary_only,eligibility=boundary_index_shape_only; human_review_claims=5; blocked_urls=4; manual_urls=0; near_harm=contact_path_near,review lifecycle/currentness and public-claim quarantine before public prose expansion,META/Public-Export-Eligibility-current.csv|META/Public-Source-Link-Review-current.csv|META/Claim-Evidence-Strength-current.csv|GOVERNANCE/Family-Consent-and-Case-Name-Use-Ledger-current.csv
gq_0030,cand_lifeline_fiji_crisis_helpline_community_outreach,Lifeline Fiji,1,human_review_boundary_only,eligibility=boundary_index_shape_only; human_review_claims=4; blocked_urls=3; manual_urls=0; near_harm=contact_path_near,review lifecycle/currentness and public-claim quarantine before public prose expansion,META/Public-Export-Eligibility-current.csv|META/Public-Source-Link-Review-current.csv|META/Claim-Evidence-Strength-current.csv|GOVERNANCE/Family-Consent-and-Case-Name-Use-Ledger-current.csv
gq_0032,cand_lin_minming_red_apple_public_welfare,Lin Minming / Red Apple Public Welfare,1,human_review_boundary_only,eligibility=public_index_shape_only; human_review_claims=2; blocked_urls=0; manual_urls=0; near_harm=policy_context_far,review lifecycle/currentness and public-claim quarantine before public prose expansion,META/Public-Export-Eligibility-current.csv|META/Public-Source-Link-Review-current.csv|META/Claim-Evidence-Strength-current.csv|GOVERNANCE/Family-Consent-and-Case-Name-Use-Ledger-current.csv
gq_0033,cand_madres_buscadoras_mexico_collectives,Madres Buscadoras / colectivos de búsqueda (Mexico),1,human_review_boundary_only,eligibility=boundary_index_shape_only; human_review_claims=3; blocked_urls=7; manual_urls=0; near_harm=case_detail_near|contact_path_near|image_or_vigil_near|operational_route_near,review lifecycle/currentness and public-claim quarantine before public prose expansion,META/Public-Export-Eligibility-current.csv|META/Public-Source-Link-Review-current.csv|META/Claim-Evidence-Strength-current.csv|GOVERNANCE/Family-Consent-and-Case-Name-Use-Ledger-current.csv
gq_0035,cand_mama_dragons_mama_bears_parent_reorientation_lgbtq_trans_youth,Mama Dragons / Mama Bears / parent-reorientation offices for LGBTQ+ and transgender children,1,human_review_boundary_only,eligibility=boundary_index_shape_only; human_review_claims=4; blocked_urls=8; manual_urls=0; near_harm=contact_path_near,review lifecycle/currentness and public-claim quarantine before public prose expansion,META/Public-Export-Eligibility-current.csv|META/Public-Source-Link-Review-current.csv|META/Claim-Evidence-Strength-current.csv|GOVERNANCE/Family-Consent-and-Case-Name-Use-Ledger-current.csv
gq_0019,cand_hearing_voices_network_marius_romme_sandra_escher_patsy_hage,"Marius Romme, Sandra Escher, Patsy Hage / Hearing Voices Movement / Intervoice — translocal",1,human_review_boundary_only,eligibility=boundary_index_shape_only; human_review_claims=4; blocked_urls=2; manual_urls=0; near_harm=policy_context_far|support_path_near,review lifecycle/currentness and public-claim quarantine before public prose expansion,META/Public-Export-Eligibility-current.csv|META/Public-Source-Link-Review-current.csv|META/Claim-Evidence-Strength-current.csv|GOVERNANCE/Family-Consent-and-Case-Name-Use-Ledger-current.csv
gq_0067,cand_melinda_hunt_hart_island_project_public_cemetery_access,Melinda Hunt / The Hart Island Project — public cemetery access and anonymity-clock office,1,human_review_boundary_only,eligibility=boundary_index_shape_only; human_review_claims=7; blocked_urls=14; manual_urls=0; near_harm=contact_path_near|image_or_vigil_near|operational_route_near,review lifecycle/currentness and public-claim quarantine before public prose expansion,META/Public-Export-Eligibility-current.csv|META/Public-Source-Link-Review-current.csv|META/Claim-Evidence-Strength-current.csv|GOVERNANCE/Family-Consent-and-Case-Name-Use-Ledger-current.csv
gq_0036,cand_mia_atoui_embrace_lebanon_suicide_hotline,Mia Atoui / Embrace Lebanon — Embrace LifeLine [operational shortcode redacted],1,human_review_boundary_only,eligibility=boundary_index_shape_only; human_review_claims=5; blocked_urls=7; manual_urls=0; near_harm=contact_path_near,review lifecycle/currentness and public-claim quarantine before public prose expansion,META/Public-Export-Eligibility-current.csv|META/Public-Source-Link-Review-current.csv|META/Claim-Evidence-Strength-current.csv|GOVERNANCE/Family-Consent-and-Case-Name-Use-Ledger-current.csv
gq_0038,cand_nauru_dvfpa_family_protection_coordination_committee_safety_orders,Nauru Domestic Violence and Family Protection Act / Family Protection Coordination Committee / safety-order threshold,1,human_review_boundary_only,eligibility=boundary_index_shape_only; human_review_claims=5; blocked_urls=4; manual_urls=0; near_harm=contact_path_near,review lifecycle/currentness and public-claim quarantine before public prose expansion,META/Public-Export-Eligibility-current.csv|META/Public-Source-Link-Review-current.csv|META/Claim-Evidence-Strength-current.csv|GOVERNANCE/Family-Consent-and-Case-Name-Use-Ledger-current.csv
gq_0037,cand_nauru_counselling_social_work_qualification_pool,Nauru counselling and social-work qualification pool / service-capacity precursor,1,human_review_boundary_only,eligibility=boundary_index_shape_only; human_review_claims=4; blocked_urls=2; manual_urls=0; near_harm=contact_path_near,review lifecycle/currentness and public-claim quarantine before public prose expansion,META/Public-Export-Eligibility-current.csv|META/Public-Source-Link-Review-current.csv|META/Claim-Evidence-Strength-current.csv|GOVERNANCE/Family-Consent-and-Case-Name-Use-Ledger-current.csv
gq_0039,cand_nawal_soufi_migrant_distress_call_witness,Nawal Soufi / migrant distress-call witness,1,human_review_boundary_only,eligibility=boundary_index_shape_only; human_review_claims=3; blocked_urls=3; manual_urls=0; near_harm=contact_path_near,review lifecycle/currentness and public-claim quarantine before public prose expansion,META/Public-Export-Eligibility-current.csv|META/Public-Source-Link-Review-current.csv|META/Claim-Evidence-Strength-current.csv|GOVERNANCE/Family-Consent-and-Case-Name-Use-Ledger-current.csv
gq_0041,cand_nicole_bell_safe_exit_initiative,Nicole Bell Peña / Living in Freedom Together lineage / Safe Exit Initiative successor office / Her Way Home,1,human_review_boundary_only,eligibility=boundary_index_shape_only; human_review_claims=4; blocked_urls=6; manual_urls=0; near_harm=contact_path_near,review lifecycle/currentness and public-claim quarantine before public prose expansion,META/Public-Export-Eligibility-current.csv|META/Public-Source-Link-Review-current.csv|META/Claim-Evidence-Strength-current.csv|GOVERNANCE/Family-Consent-and-Case-Name-Use-Ledger-current.csv
gq_0042,cand_niue_gbv_service_gap_family_tree_mapping,Niue GBV service-gap marker / family-tree mapping intervention,1,human_review_boundary_only,eligibility=boundary_index_shape_only; human_review_claims=5; blocked_urls=2; manual_urls=0; near_harm=operational_route_near,review lifecycle/currentness and public-claim quarantine before public prose expansion,META/Public-Export-Eligibility-current.csv|META/Public-Source-Link-Review-current.csv|META/Claim-Evidence-Strength-current.csv|GOVERNANCE/Family-Consent-and-Case-Name-Use-Ledger-current.csv
gq_0043,cand_noel_e_bordador_nazareth_house_bahay_nazareth,Noel E. Bordador / Nazareth House (Bahay Nazareth),1,human_review_boundary_only,eligibility=boundary_index_shape_only; human_review_claims=4; blocked_urls=2; manual_urls=0; near_harm=contact_path_near,review lifecycle/currentness and public-claim quarantine before public prose expansion,META/Public-Export-Eligibility-current.csv|META/Public-Source-Link-Review-current.csv|META/Claim-Evidence-Strength-current.csv|GOVERNANCE/Family-Consent-and-Case-Name-Use-Ledger-current.csv
gq_0044,cand_nyuta_federmesser_vera_hospice_russia,Nyuta (Anna) Federmesser / VERA Hospice Charity Foundation / Lighthouse children's hospice — and her mother Vera Millionschikova (First Moscow Hospice),1,human_review_boundary_only,eligibility=boundary_index_shape_only; human_review_claims=3; blocked_urls=4; manual_urls=0; near_harm=contact_path_near|support_path_near,review lifecycle/currentness and public-claim quarantine before public prose expansion,META/Public-Export-Eligibility-current.csv|META/Public-Source-Link-Review-current.csv|META/Claim-Evidence-Strength-current.csv|GOVERNANCE/Family-Consent-and-Case-Name-Use-Ledger-current.csv
gq_0045,cand_palau_family_protection_act_working_group_gbv_first_response,Palau Family Protection Act Working Group / inter-ministerial GBV first-response line,1,human_review_boundary_only,eligibility=boundary_index_shape_only; human_review_claims=5; blocked_urls=4; manual_urls=0; near_harm=contact_path_near,review lifecycle/currentness and public-claim quarantine before public prose expansion,META/Public-Export-Eligibility-current.csv|META/Public-Source-Link-Review-current.csv|META/Claim-Evidence-Strength-current.csv|GOVERNANCE/Family-Consent-and-Case-Name-Use-Ledger-current.csv
gq_0040,cand_nelson_moz_nestor_cruz_evangelical_gang_exit_el_salvador,Pastor Nelson Moz / Eben-Ezer Baptist Church (El Salvador) and Pastor Nestor Cruz / Hungry Church (El Salvador) — religious exit-ramp from gang life,1,human_review_boundary_only,eligibility=public_index_shape_only; human_review_claims=4; blocked_urls=6; manual_urls=0; near_harm=policy_context_far|support_path_near,review lifecycle/currentness and public-claim quarantine before public prose expansion,META/Public-Export-Eligibility-current.csv|META/Public-Source-Link-Review-current.csv|META/Claim-Evidence-Strength-current.csv|GOVERNANCE/Family-Consent-and-Case-Name-Use-Ledger-current.csv
gq_0046,cand_pohnpei_dhsa_first_gesi_gbv_staff_workshop,Pohnpei Division of FSM Department of Health and Social Affairs — first GESI/GBV staff workshop,1,human_review_boundary_only,eligibility=boundary_index_shape_only; human_review_claims=4; blocked_urls=2; manual_urls=0; near_harm=contact_path_near,review lifecycle/currentness and public-claim quarantine before public prose expansion,META/Public-Export-Eligibility-current.csv|META/Public-Source-Link-Review-current.csv|META/Claim-Evidence-Strength-current.csv|GOVERNANCE/Family-Consent-and-Case-Name-Use-Ledger-current.csv
gq_0047,cand_punanga_tauturu_cook_islands_womens_support_centre,Punanga Tauturu / Punanga Turuturu Itivaine / Cook Islands Women’s Support Centre,1,human_review_boundary_only,eligibility=boundary_index_shape_only; human_review_claims=4; blocked_urls=2; manual_urls=0; near_harm=contact_path_near,review lifecycle/currentness and public-claim quarantine before public prose expansion,META/Public-Export-Eligibility-current.csv|META/Public-Source-Link-Review-current.csv|META/Claim-Evidence-Strength-current.csv|GOVERNANCE/Family-Consent-and-Case-Name-Use-Ledger-current.csv
gq_0048,cand_regional_gbv_counselling_framework_pacific_standards,Regional GBV Counselling Framework / RWG and Pacific Women’s Network to End Violence Against Women,1,human_review_boundary_only,eligibility=boundary_index_shape_only; human_review_claims=6; blocked_urls=2; manual_urls=0; near_harm=contact_path_near,review lifecycle/currentness and public-claim quarantine before public prose expansion,META/Public-Export-Eligibility-current.csv|META/Public-Source-Link-Review-current.csv|META/Claim-Evidence-Strength-current.csv|GOVERNANCE/Family-Consent-and-Case-Name-Use-Ledger-current.csv
gq_0049,cand_rwg_family_protection_domestic_violence_legislation_pacific,Regional Working Group on the Implementation of Family Protection / Domestic Violence Legislation (RWG),1,human_review_boundary_only,eligibility=boundary_index_shape_only; human_review_claims=4; blocked_urls=3; manual_urls=0; near_harm=contact_path_near,review lifecycle/currentness and public-claim quarantine before public prose expansion,META/Public-Export-Eligibility-current.csv|META/Public-Source-Link-Review-current.csv|META/Claim-Evidence-Strength-current.csv|GOVERNANCE/Family-Consent-and-Case-Name-Use-Ledger-current.csv
gq_0050,cand_sally_j_finn_international_overdose_awareness_day,Sally J. Finn / International Overdose Awareness Day (and subsequent stewardship by the Penington Institute),1,human_review_boundary_only,eligibility=boundary_index_shape_only; human_review_claims=3; blocked_urls=2; manual_urls=0; near_harm=contact_path_near|operational_route_near|policy_context_far,review lifecycle/currentness and public-claim quarantine before public prose expansion,META/Public-Export-Eligibility-current.csv|META/Public-Source-Link-Review-current.csv|META/Claim-Evidence-Strength-current.csv|GOVERNANCE/Family-Consent-and-Case-Name-Use-Ledger-current.csv
gq_0051,cand_samoa_victim_support_group_campus_of_hope,Samoa Victim Support Group (SVSG) / Campus of Hope,1,human_review_boundary_only,eligibility=boundary_index_shape_only; human_review_claims=4; blocked_urls=3; manual_urls=0; near_harm=case_detail_near,review lifecycle/currentness and public-claim quarantine before public prose expansion,META/Public-Export-Eligibility-current.csv|META/Public-Source-Link-Review-current.csv|META/Claim-Evidence-Strength-current.csv|GOVERNANCE/Family-Consent-and-Case-Name-Use-Ledger-current.csv
gq_0053,cand_solomon_islands_fsc_ccc_safenet_survivor_referral_shelter,Solomon Islands Family Support Centre / Christian Care Centre / SAFENET,1,human_review_boundary_only,eligibility=boundary_index_shape_only; human_review_claims=4; blocked_urls=4; manual_urls=0; near_harm=contact_path_near,review lifecycle/currentness and public-claim quarantine before public prose expansion,META/Public-Export-Eligibility-current.csv|META/Public-Source-Link-Review-current.csv|META/Claim-Evidence-Strength-current.csv|GOVERNANCE/Family-Consent-and-Case-Name-Use-Ledger-current.csv
gq_0054,cand_sonia_bermudez_gente_como_uno_people_like_us_cemetery,Sonia Bermúdez / Gente como Uno / People Like Us cemetery,1,human_review_boundary_only,eligibility=boundary_index_shape_only; human_review_claims=4; blocked_urls=4; manual_urls=0; near_harm=contact_path_near,review lifecycle/currentness and public-claim quarantine before public prose expansion,META/Public-Export-Eligibility-current.csv|META/Public-Source-Link-Review-current.csv|META/Claim-Evidence-Strength-current.csv|GOVERNANCE/Family-Consent-and-Case-Name-Use-Ledger-current.csv
gq_0055,cand_south_africa_missing_persons_task_team_gallows_exhumation,South Africa Missing Persons Task Team / TRC Unit / Gallows Exhumation and reburial work,1,human_review_boundary_only,eligibility=boundary_index_shape_only; human_review_claims=1; blocked_urls=0; manual_urls=0; near_harm=policy_context_far,review lifecycle/currentness and public-claim quarantine before public prose expansion,META/Public-Export-Eligibility-current.csv|META/Public-Source-Link-Review-current.csv|META/Claim-Evidence-Strength-current.csv|GOVERNANCE/Family-Consent-and-Case-Name-Use-Ledger-current.csv
gq_0056,cand_sudan_emergency_response_rooms_nafir,Sudan Emergency Response Rooms (ERRs) / غرف الطوارئ — and the nafir tradition that underlies them,1,human_review_boundary_only,eligibility=boundary_index_shape_only; human_review_claims=4; blocked_urls=9; manual_urls=0; near_harm=contact_path_near|operational_route_near|policy_context_far,review lifecycle/currentness and public-claim quarantine before public prose expansion,META/Public-Export-Eligibility-current.csv|META/Public-Source-Link-Review-current.csv|META/Claim-Evidence-Strength-current.csv|GOVERNANCE/Family-Consent-and-Case-Name-Use-Ledger-current.csv
gq_0057,cand_tan_swee_ban_peace_harmony_home,Tan Swee Ban / Peace & Harmony Home,1,human_review_boundary_only,eligibility=public_index_shape_only; human_review_claims=3; blocked_urls=1; manual_urls=0; near_harm=policy_context_far|shelter_location_near,review lifecycle/currentness and public-claim quarantine before public prose expansion,META/Public-Export-Eligibility-current.csv|META/Public-Source-Link-Review-current.csv|META/Claim-Evidence-Strength-current.csv|GOVERNANCE/Family-Consent-and-Case-Name-Use-Ledger-current.csv
gq_0058,cand_transcend_australia_family_support_trans_gender_diverse_children,Transcend Australia,1,human_review_boundary_only,eligibility=public_index_shape_only; human_review_claims=3; blocked_urls=3; manual_urls=0; near_harm=policy_context_far|support_path_near,review lifecycle/currentness and public-claim quarantine before public prose expansion,META/Public-Export-Eligibility-current.csv|META/Public-Source-Link-Review-current.csv|META/Claim-Evidence-Strength-current.csv|GOVERNANCE/Family-Consent-and-Case-Name-Use-Ledger-current.csv
gq_0059,cand_tuenjai_deetes_hadf_thailand_stateless,Tuenjai Deetes / Hill Area Development Foundation (HADF),1,human_review_boundary_only,eligibility=boundary_index_shape_only; human_review_claims=4; blocked_urls=5; manual_urls=0; near_harm=contact_path_near,review lifecycle/currentness and public-claim quarantine before public prose expansion,META/Public-Export-Eligibility-current.csv|META/Public-Source-Link-Review-current.csv|META/Claim-Evidence-Strength-current.csv|GOVERNANCE/Family-Consent-and-Case-Name-Use-Ledger-current.csv
gq_0061,cand_undp_mlsc_justice_pathways_fsm_palau_rmi,"UNDP / Micronesian Legal Services Corporation — Justice Pathways report for FSM, Palau, and RMI",1,human_review_boundary_only,eligibility=boundary_index_shape_only; human_review_claims=4; blocked_urls=3; manual_urls=0; near_harm=contact_path_near,review lifecycle/currentness and public-claim quarantine before public prose expansion,META/Public-Export-Eligibility-current.csv|META/Public-Source-Link-Review-current.csv|META/Claim-Evidence-Strength-current.csv|GOVERNANCE/Family-Consent-and-Case-Name-Use-Ledger-current.csv
gq_0062,cand_vanuatu_mhpss_call_centre_israaid_moh,Vanuatu MHPSS Call Centre / IsraAID + Ministry of Health,1,human_review_boundary_only,eligibility=boundary_index_shape_only; human_review_claims=4; blocked_urls=2; manual_urls=0; near_harm=contact_path_near,review lifecycle/currentness and public-claim quarantine before public prose expansion,META/Public-Export-Eligibility-current.csv|META/Public-Source-Link-Review-current.csv|META/Claim-Evidence-Strength-current.csv|GOVERNANCE/Family-Consent-and-Case-Name-Use-Ledger-current.csv
gq_0063,cand_vanuatu_womens_centre_feminist_crisis_centre,Vanuatu Women’s Centre,1,human_review_boundary_only,eligibility=boundary_index_shape_only; human_review_claims=4; blocked_urls=7; manual_urls=0; near_harm=contact_path_near,review lifecycle/currentness and public-claim quarantine before public prose expansion,META/Public-Export-Eligibility-current.csv|META/Public-Source-Link-Review-current.csv|META/Claim-Evidence-Strength-current.csv|GOVERNANCE/Family-Consent-and-Case-Name-Use-Ledger-current.csv
gq_0065,cand_wutmi_weto_in_mour_marshall_islands,Women United Together Marshall Islands (WUTMI) / Weto In Mour,1,human_review_boundary_only,eligibility=boundary_index_shape_only; human_review_claims=4; blocked_urls=3; manual_urls=0; near_harm=contact_path_near,review lifecycle/currentness and public-claim quarantine before public prose expansion,META/Public-Export-Eligibility-current.csv|META/Public-Source-Link-Review-current.csv|META/Claim-Evidence-Strength-current.csv|GOVERNANCE/Family-Consent-and-Case-Name-Use-Ledger-current.csv
gq_0064,cand_women_and_children_crisis_centre_tonga,Women and Children Crisis Centre (WCCC) Tonga,1,human_review_boundary_only,eligibility=boundary_index_shape_only; human_review_claims=4; blocked_urls=6; manual_urls=0; near_harm=contact_path_near,review lifecycle/currentness and public-claim quarantine before public prose expansion,META/Public-Export-Eligibility-current.csv|META/Public-Source-Link-Review-current.csv|META/Claim-Evidence-Strength-current.csv|GOVERNANCE/Family-Consent-and-Case-Name-Use-Ledger-current.csv
gq_0066,cand_zhang_shuqin_sun_village_china_children_of_incarcerated,Zhang Shuqin / Sun Village (太阳村),1,human_review_boundary_only,eligibility=public_index_shape_only; human_review_claims=3; blocked_urls=7; manual_urls=0; near_harm=shelter_location_near,review lifecycle/currentness and public-claim quarantine before public prose expansion,META/Public-Export-Eligibility-current.csv|META/Public-Source-Link-Review-current.csv|META/Claim-Evidence-Strength-current.csv|GOVERNANCE/Family-Consent-and-Case-Name-Use-Ledger-current.csv
