transaction_id,date_reviewed,candidate_id,candidate_name,promoted_intake_ids,promoted_source_ids,held_intake_ids,claim_rows_changed,ledger_rows_changed,public_claim_effect,operator_dissent_effect,release_scope,remaining_blocks,next_action
spx_0001,2026-05-18,cand_aisha_diss_project_me,Aisha Diss / project.ME,ori_0022|ori_0023,src_wboi_org_29463df8|src_inputfortwayne_com_5a1bbbff,ori_0001|ori_0002,claim_0001|claim_0002|claim_0003,Candidate-Ledger-current|Claim-Ledger-current|Source-Registry-current|Evidence-Debt-current|Online-Research-Intake-current|Source-Promotion-Decision-Ledger-current|Public-Claim-Quarantine-current|Public-Claim-Release-Ledger-current,claim_0001 released for high-level non-referral shape only; no current capacity or access wording,first attempted source promotion did not promote all attractive sources; official/contact-rich sources remain vetoed,non_referral_public_shape_only,outcomes|participant_privacy|current_capacity|request_paths|contact_fields|street_outreach_routes_or_schedules|live_referral_language,Do not use this as a template for higher-risk source classes until each has its own redaction/source-role review.
spx_0002,2026-05-18,cand_santegidio_humanitarian_corridors_safe_passage_office,Community of Sant’Egidio / FCEI / Tavola Valdese / ARCI humanitarian corridors,ori_0008|ori_0026_duplicate,src_journals_sagepub_com_246a4219,ori_0006|ori_0007|ori_0027|ori_0028,claim_0193|claim_0194|claim_0195,Candidate-Ledger-current|Claim-Ledger-current|Source-Registry-current|Evidence-Debt-current|Online-Research-Intake-current|Source-Promotion-Decision-Ledger-current|Source-Freshness-and-Provenance-Audit-current|Operator-Update-Audit-current,no public claim release; Sant’Egidio claims remain quarantined from present-tense capacity/referral wording,"proves the cube can promote counterevidence, not only flattering corroboration; critique now changes source weight beside a canonical entry",none_counterevidence_promotion_only,current_capacity|selection_access|route_or_protocol_instructions|referral_language|arrival_counts_as_open_capacity|beneficiary_experience_totalization|faith_or_state_reputation_laundering,"Use this as the low-risk counterevidence canary before any higher-risk survivor, border, conflict-zone, or directory source promotion."
spx_0003,2026-05-18,cand_sudan_emergency_response_rooms_nafir,Sudan Emergency Response Rooms (ERRs) / غرف الطوارئ — and the nafir tradition that underlies them,ori_0010|ori_0011|ori_0032,src_refugeesinternational_org_72dbfd68|src_bakerinstitute_org_d6c4f9b3|src_socialscienceinaction_org_a044de78,ori_0012|ori_0029|ori_0030|ori_0031,claim_0208|claim_0209|claim_0210|claim_0211,Candidate-Ledger-current|Claim-Ledger-current|Source-Registry-current|Evidence-Debt-current|META/Online-Research-Intake-current|META/Source-Promotion-Decision-Ledger-current|META/Public-Claim-Quarantine-current|META/Operator-Update-Audit-current|META/Boundary-Rule-Coverage-current,no public claim release; all Sudan ERR present-tense capacity/referral/operational/funding-route claims remain quarantined,recognition is treated as risk surface; promotion adds a veto rule rather than public capacity prose,none_conflict_safety_aggregate_only,room_names|local_contacts|kitchen_sites|aid_routes|transfer_channels|donor_routing|volunteer_identifiers|communication_patterns|current_access_or_capacity|recipient_or_survivor_details,"Use this as the conflict-zone mutual-aid canary before any Calais, shelter, survivor-service, crisis-contact, or donor-route source promotion."
spx_0004,2026-05-18,cand_calais_grassroots_border_offices_rck_utopia56_hro_adm,Calais grassroots border offices / L’Auberge des Migrants / Refugee Community Kitchen / Utopia 56 / Human Rights Observers,ori_0024|ori_0025,src_humanrightsobservers_org_9d32f01c|src_humanrightsobservers_org_13a2f5c3,ori_0003|ori_0004|ori_0005,claim_0007|claim_0008|claim_0009|claim_0010,Candidate-Ledger-current|Claim-Ledger-current|Source-Registry-current|Evidence-Debt-current|META/Online-Research-Intake-current|META/Source-Promotion-Decision-Ledger-current|META/Source-Promotion-Transaction-Audit-current|META/Public-Claim-Quarantine-current|META/Refresh-Sprint-Decision-Matrix-current|META/Negative-Case-Ledger-current|META/Operator-Update-Audit-current|META/Boundary-Rule-Coverage-current,no public claim release; all Calais present-tense capacity/referral/route/location/service-access claims remain quarantined,"the cube promotes counterpressure only by making it less extractive; observation evidence cannot become a map, image bank, or route guide",none_border_counterpressure_aggregate_only,camp_or_living_site_names|site_locations|routes|schedules|police_timing_patterns|images|individual_accounts|aid_instructions|accommodation_access|current_capacity|contact_details|live_referral_language,Use this as the border-observation canary before any public border-office prose; next likely pass is boundary-first public-reading TOC or non-extractive image/name audit.
spx_0005,2026-05-18,cluster_pacific_survivor_crisis_services,Pacific survivor and crisis-service contact-rich cluster,ori_0033|ori_0034|ori_0035,src_foreignminister_gov_au_eb92da86|src_pina_com_fj_c1eba419|src_fbcnews_com_fj_adab8c69,ori_0013|ori_0014|ori_0015|ori_0016|ori_0017|ori_0018|ori_0019|ori_0036,claim_0044|claim_0045|claim_0092|claim_0093|claim_0108|claim_0109|claim_0110|claim_0237|claim_0238|claim_0245|claim_0246|claim_0037|claim_0038,Candidate-Ledger-current|Claim-Ledger-current|Source-Registry-current|Evidence-Debt-current|META/Online-Research-Intake-current|META/Source-Promotion-Decision-Ledger-current|META/Source-Promotion-Transaction-Audit-current|META/Public-Claim-Quarantine-current|META/Refresh-Sprint-Decision-Matrix-current|META/Negative-Case-Ledger-current|META/Operator-Update-Audit-current|META/Boundary-Rule-Coverage-current,no public claim release; all present-tense contact/intake/shelter/refuge/capacity/referral/access wording remains quarantined,the cube promotes regional standards/funding only by making survivor-service prose less directory-like and more standards-bound,none_standards_and_funding_context_only,helpline numbers|emails|addresses|safe-house/refuge locations|intake hours|staff names as access routes|transport instructions|waiting times|live referral claims|current capacity|case stories|survivor images|donor brochure proof without local accountability,Use this as the Pacific survivor-service canary before any public crisis-centre prose; next likely pass is a non-extractive image/name audit or candidate-specific Femili/Kiribati/Tonga/Vanuatu refresh.
spx_0006,2026-05-18,cand_madres_buscadoras_mexico_collectives,Madres Buscadoras / colectivos de búsqueda (Mexico),ori_0037|ori_0038|ori_0039|ori_0040,src_amnesty_org_c3d47c42|src_oas_org_d12a4efb|src_theguardian_com_fb8f4d98|src_reuters_com_b7abea3d,none_in_this_pass,claim_0118|claim_0119|claim_0120,Candidate-Ledger-current|Claim-Ledger-current|Source-Registry-current|Evidence-Debt-current|META/Online-Research-Intake-current|META/Source-Promotion-Decision-Ledger-current|META/Source-Promotion-Transaction-Audit-current|META/Negative-Case-Ledger-current|META/Operator-Update-Audit-current|META/Boundary-Rule-Coverage-current,"no public claim release; all family-search field-map, case-story, forensic, route, image, current-protection, and registry-closure wording remains blocked","the cube promotes visibility only by making family search less extractive and by refusing to convert search into map, proof-of-return, or public case archive",none_family_search_structural_context_only,field_sites|routes|tips|grave_locations|clandestine_site_details|forensic_identifiers|registry_identifiers|individual_case_stories|images|family_contacts|current_brigade_locations|protection_arrangements|current_safe_to_search_claims,Use this as the family-search no-field-map canary before any public death/disappearance/forensic/search-collective prose; next likely pass is non-extractive image/name/case-story audit.
spx_0007,2026-05-20,cluster_nauru_palau_fsm_law_to_door,Nauru / Palau / FSM law-to-door cluster,ori_0020|ori_0041,src_naurujudiciary_gov_nr_09f265eb|src_undp_org_9524a55d|src_undp_org_e9f45a1c,ori_0021,claim_0032|claim_0033|claim_0034|claim_0132|claim_0134|claim_0135|claim_0136|claim_0166|claim_0167|claim_0168|claim_0227|claim_0228|claim_0229|claim_0230,Candidate-Ledger-current.*|Claim-Ledger-current.*|Evidence-Debt-current.*|Source-Registry-current.*|META/Online-Research-Intake-current.*|META/Source-Promotion-Decision-Ledger-current.*|META/Public-Claim-Quarantine-current.*|META/Negative-Case-Ledger-current.*|META/Boundary-Rule-Coverage-current.*|META/Refresh-Sprint-Decision-Matrix-current.*|META/Operator-Update-Audit-current.*,no public claim released; all legal/protection-order/current-capacity/referral language remains blocked,answers opdist_0001 by adding behavior rule 39 and source-promotion receipt for law-to-door overclaim risk,internal_boundary_evidence_only,court_instructions|police_process_as_advice|protection_order_as_safety|compulsory_counselling_reconciliation_language|No_Drop_as_survivor_choice|legal_advice|live_referral|shelter_refuge_capacity|case_details|staff_contacts|current_enforcement_or_case_flow_claims,future public prose must start with law-is-not-a-door boundary before any Nauru/Palau/FSM law-to-door narrative.
spx_0008,2026-05-20,cand_elissa_davey_garden_of_innocence_unclaimed_children,Elissa Davey / Garden of Innocence National — abandoned and unidentified children burial office,,,ori_0042|ori_0043|ori_0044|ori_0045,claim_0250|claim_0251|claim_0252|claim_0253|claim_0254,Candidate-Ledger-current.*|Claim-Ledger-current.*|Evidence-Debt-current.*|META/Online-Research-Intake-current.*|META/Source-Promotion-Decision-Ledger-current.*|META/Source-Promotion-Transaction-Audit-current.*|META/Public-Claim-Quarantine-current.*|META/Negative-Case-Ledger-current.*|META/Boundary-Rule-Coverage-current.*|META/Operator-Update-Audit-current.*,no public claim released; all child name/image/case-story/service-notice/contact/location/live-referral wording remains blocked,"answers opdist_0001 by making non-extraction a behavior change, not an aesthetic preference",none_internal_redaction_audit_only,assigned_child_names|poems|images|video_stills|ceremony_details|service_dates|public_attendance_prompts|cemetery_location_cues|contact_fields|case_story_fragments|family_status_claims|measurements|identifiers|religious_or_donor_narrative_as_consent,Use as the posthumous-child no-case-extraction canary before any public Garden of Innocence or child-burial prose.
spx_0009,2026-05-20,cand_melinda_hunt_hart_island_project_public_cemetery_access,Melinda Hunt / The Hart Island Project — public cemetery access and anonymity-clock office,ori_0048|ori_0049|ori_0050,src_council_nyc_gov_4ac8bb71|src_catalog_data_gov_7faaa634|src_legistar_council_nyc_gov_d3310fee,ori_0046|ori_0047|ori_0051,claim_0255|claim_0257|claim_0258|claim_0261,Candidate-Ledger-current|Claim-Ledger-current|Source-Registry-current|Evidence-Debt-current|Public-Claim-Quarantine-current|Online-Research-Intake-current|Source-Promotion-Decision-Ledger-current|Negative-Case-Ledger-current|Boundary-Rule-Coverage-current,none_no_public_claim_release,open_dissent_reinforced_by_promoting_boundary_sources_while_quarantining_current_policy_claim,none,individual burial records; names; plot/section/grave identifiers; permit or Medical Examiner metadata; dates/places of death tied to individuals; fetal-remains details; family stories; images; maps; search/visit instructions; contact fields; public-tour logistics,"Use as no-record-extraction model for public cemetery, migrant-grave, disconnected-dead, and memorial-database entries."
spx_0010,2026-05-20,cand_jim_withers_operation_safety_net_street_medicine_institute,Jim Withers / Operation Safety Net / Street Medicine Institute — street medicine house-call-to-the-unsheltered office,ori_0052|ori_0053|ori_0054|ori_0055,src_streetmedicine_org_1f929407|src_calmatters_org_2424892a|src_endhomelessness_org_ea3bd781|src_theguardian_com_93820ccb,ori_0056,claim_0263|claim_0266|claim_0267,Candidate-Ledger-current|Claim-Ledger-current|Source-Registry-current|Evidence-Debt-current|META/Online-Research-Intake-current|META/Source-Promotion-Decision-Ledger-current|META/Source-Promotion-Transaction-Audit-current|META/Public-Claim-Quarantine-current|META/Negative-Case-Ledger-current|META/Boundary-Rule-Coverage-current|META/Refresh-Sprint-Decision-Matrix-current|META/Operator-Update-Audit-current,"none_no_public_claim_release; all patient, clinical, image, contact, referral, map, route, schedule, AI, law-enforcement, and encampment-data wording remains blocked",answers open dissent by promoting boundary sources only and converting attractive street-medicine evidence into stricter public-export brakes,none_internal_boundary_evidence_only,patient names|faces|images|case stories|clinical details|consent scenes|camp locations|routes|schedules|staff patterns|geodata|by-name lists|AI prompts or outputs|triage workflows|law-enforcement handoff details|contact fields|live referral|capacity claims|medical advice,"Use as the street-medicine media/data canary before any public outreach, mobile-clinic, AI-triage, or encampment-response prose."
spx_0011,2026-05-20,cand_homeless_memorial_keepers_dying_homeless_and_local_memorial_offices,Homeless memorial keepers / Dying Homeless and local memorial offices,ori_0057|ori_0058|ori_0059|ori_0060|ori_0061|ori_0062|ori_0063,src_museumofhomelessness_org_ec0747bd|src_museumofhomelessness_org_49005fec|src_nationalhomeless_org_26783ea2|src_homelessdeathscount_org_d62ff6e0|src_homelessdeathscount_org_60b79db6|src_lacounty_gov_92bc5752|src_multco_us_8ee528cf,ori_0064,claim_0072|claim_0073|claim_0074,Candidate-Ledger-current|Claim-Ledger-current|Source-Registry-current|Evidence-Debt-current|META/Online-Research-Intake-current|META/Source-Promotion-Decision-Ledger-current|META/Public-Claim-Quarantine-current|META/Negative-Case-Ledger-current|META/Boundary-Rule-Coverage-current|PUBLIC/PUBLIC-EXPORT-MANIFEST-current,no public claim release; claim_0072 newly quarantined for no-name/no-record-extraction review before any public memorial prose,operator-centrality critique extended: grief and names are treated as permission boundaries rather than narrative fuel,none_homeless_memorial_aggregate_boundary_only,names/ages/exact_death_dates/death_locations/causes_or_manners_of_death/images/family_tributes/case_details/medical_examiner_or_coroner_fields/event_locations/livestream_or_registration_or_submission_paths/contact_fields/referral_or_service_instructions/housing_success_claims,"Use rule 43 before any public homeless memorial, mortality-count, by-name vigil, local death-review, or Dying Homeless prose."
spx_0012,2026-05-20,cand_sally_j_finn_international_overdose_awareness_day,Sally J. Finn / International Overdose Awareness Day (and subsequent stewardship by the Penington Institute),ori_0068|ori_0069,src_penington_org_au_6f0a781e|src_nida_nih_gov_fdbcc7a5,ori_0065|ori_0066|ori_0067|ori_0070,claim_0186|claim_0187|claim_0188,CANDIDATES/Sally-J-Finn-International-Overdose-Awareness-Day.txt|CANDIDATES/_REFRESH-rev0046-Overdose-memorial-tribute-wall-no-event-map-pass.txt|Claim-Ledger-current|Evidence-Debt-current|Source-Registry-current|META/Online-Research-Intake-current|META/Source-Promotion-Decision-Ledger-current|META/Source-Promotion-Transaction-Audit-current|META/Negative-Case-Ledger-current|META/Boundary-Rule-Coverage-current|PUBLIC/Public-Redaction-Policy-current|CUBE-RULES.txt|tools/qa_cube.py,none,"operator-centrality critique extended: public grief, anti-stigma language, and prevention campaigning are treated as extraction boundaries rather than narrative license",none_no_public_claim_release; existing high-level campaign-shape wording remains bounded by no-tribute/no-event-map rule,tribute names/photos/relationships/family text/exact death dates/cause_or_drug_details/event_names_locations_times/map_markers/organizer_contacts/registration_paths/landmark_details/training_or_naloxone_access_paths/memorial_exhibit_photos_or_stories/current_service_capacity/medical_advice/referral_wording/war_on_drugs_framing_as_memorial_proof,"Use rule 44 before any public IOAD, overdose-vigil, fentanyl-memorial, tribute-wall, local event, or overdose-prevention-campaign prose."
spx_0013,2026-05-20,cand_helena_maleno_caminando_fronteras,Helena Maleno / Caminando Fronteras,ori_0071|ori_0072|ori_0073|ori_0074,src_caminandofronteras_org_aded1537|src_caminandofronteras_org_642712fa|src_iom_int_c6fc06e0|src_missingmigrants_iom_int_5a231c6f|src_reuters_com_bc05c81e,ori_0075|ori_0076,claim_0068|claim_0069|claim_0070|claim_0071,Candidate-Ledger-current|Claim-Ledger-current|Evidence-Debt-current|Source-Registry-current|Public-Claim-Quarantine-current|Online-Research-Intake-current|Source-Promotion-Decision-Ledger-current|Negative-Case-Ledger-current|Refresh-Sprint-Decision-Matrix-current,no_public_claim_released; existing Helena claims remain quarantined,"tightens non-referral, no-route, no-contact, no-distress-signal behavior",aggregate counter-forensic monitoring and undercount/method boundary only,route labels as instructions; coordinates; distress-call logs; family-search contact paths; missing-boat traces; incident rows; names; images; ages/nationalities tied to incidents; rescue capacity; referral wording,"Use rule 45 before any public prose about migrant death monitoring, distress calls, family searches, Missing Migrants data, or route death counts."
spx_0014,2026-05-20,cand_bridget_tolley_fsis_mmiwg_canada,Bridget Tolley / Families of Sisters in Spirit (FSIS) — and the broader Indigenous-led MMIWG2S+ search and memorial office,ori_0077|ori_0078|ori_0079|ori_0080,src_rcaanc_cirnac_gc_ca_6dbf4fc4|src_afn_ca_f8bc2116|src_mmiwg_ffada_ca_3fd59200|src_amnesty_ca_58860a31,ori_0081|ori_0082,claim_0004|claim_0005|claim_0006,CANDIDATES/Bridget-Tolley-FSIS-MMIWG-Canada.txt|CANDIDATES/_REFRESH-rev0048-MMIWG-family-led-search-no-case-list-pass.txt|LONGFORM/Boundary-004-Family-Led-Search-Is-Not-A-Case-List.txt|Candidate-Ledger-current|Claim-Ledger-current|Evidence-Debt-current|Source-Registry-current|META/Online-Research-Intake-current|META/Source-Promotion-Decision-Ledger-current|META/Public-Claim-Quarantine-current|META/Negative-Case-Ledger-current|META/Boundary-Rule-Coverage-current|PUBLIC/Public-Redaction-Policy-current|CUBE-RULES.txt|tools/qa_cube.py,no_public_claim_released; claim_0004 newly quarantined before public case-list/vigil-map/support-surface use,extends operator-centrality critique: family-led witness is treated as consent-boundary evidence rather than narrative fuel,none_no_public_claim_release; aggregate family-led search/accountability shape remains internal working evidence only,case lists; names; photographs; red-dress imagery; family stories; police-file details; testimony excerpts; vigil/event logistics; submit-a-name or report-a-case paths; support/contact details; social-media routes; trafficking/highway/cross-border mapping; scorecard-as-completion language; service-capacity or referral wording,"Use rule 46 before any public FSIS, Sisters in Spirit, Red Dress Day, MMIWG2S+ database, inquiry-scorecard, vigil, or Indigenous data-project prose."
