artifact,probe,family,primary_metric,direction,suggested_chart,facet_fields,row_fields_seen,schema_ready
artifacts/probe-results/REV0003_KV_WIND_TUNNEL_SMOKE.json,kv_wind_tunnel,quantization,relative_error,lower_is_better,line_or_heatmap,,20,True
artifacts/probe-results/REV0003_SPECTRAL_ASSOC_SMOKE.json,spectral_assoc_recall,state-memory,accuracy,higher_is_better,bar_by_method,,11,True
artifacts/probe-results/REV0004_DORMANT_SPONSORSHIP_SMOKE.json,dormant_sponsorship,retention,target_value_retention,higher_is_better,line_or_heatmap,"budget,policy",9,True
artifacts/probe-results/REV0004_REGION_WIPEOUT_SMOKE.json,region_wipeout_cache,retention,coverage_success,higher_is_better,line_or_heatmap,"budget,policy",11,True
artifacts/probe-results/REV0004_VALUE_OUTLIER_SMOKE.json,value_outlier_eviction,retention,critical_value_retention,higher_is_better,line_or_heatmap,"budget,policy",8,True
artifacts/probe-results/REV0005_DEPTH_VALUE_MIXING_SMOKE.json,depth_value_mixing,projection,mean_error,lower_is_better,bar_by_method,method,8,True
artifacts/probe-results/REV0005_DYNAMIC_STATE_MERGING_SMOKE.json,dynamic_state_merging,state-memory,transition_preservation,higher_is_better,line_or_heatmap,policy,10,True
artifacts/probe-results/REV0005_ENTMAX_SUPPORT_SMOKE.json,entmax_support_recovery,projection,output_error,lower_is_better,bar_by_method,,0,True
artifacts/probe-results/REV0005_MOMENT_DIRECTIONAL_SMOKE.json,moment_directional_gap,retention,reconstruction_error,lower_is_better,line_or_heatmap,"budget,policy",11,True
artifacts/probe-results/REV0005_QKV_PROJECTION_SHARING_SMOKE.json,qkv_projection_sharing,projection,relative_error,lower_is_better,bar_by_method,"regime,variant",11,True
artifacts/probe-results/REV0005_QKV_PROJECTION_SMOKE.json,qkv_projection_sharing,projection,relative_error,lower_is_better,bar_by_method,,0,True
artifacts/probe-results/REV0005_TENSOR_CACHE_L2_SMOKE.json,tensor_cache_l1_l2,compaction,retrieval_error,lower_is_better,bar_by_method,,0,True
artifacts/probe-results/REV0006_ART_RUNTIME_TERMINATION_SMOKE.json,attention_runtime_termination,latent-compute,relative_error,lower_is_better,bar_by_method,,0,True
artifacts/probe-results/REV0006_BANK_OF_VALUES_SMOKE.json,bank_of_values,projection,prediction_accuracy,higher_is_better,bar_by_method,,0,True
artifacts/probe-results/REV0006_BLURRY_WINDOW_SMOKE.json,blurry_window_attention,compaction,reconstruction_error,lower_is_better,bar_by_method,,0,True
artifacts/probe-results/REV0006_BRANCH_CACHE_SHARING_SMOKE.json,branch_cache_sharing,routing,state_match,higher_is_better,bar_by_method,,0,True
artifacts/probe-results/REV0006_FADEMEM_HIERARCHY_SMOKE.json,hierarchical_fademem_cache,compaction,reconstruction_error,lower_is_better,line_or_heatmap,regime,16,True
artifacts/probe-results/REV0007_QK_RESTORE_AMNESIA_SMOKE.json,qk_restore_amnesia,projection,recall_accuracy,higher_is_better,bar_by_method,"regime,method",14,True
artifacts/probe-results/REV0007_REASONING_WAVE_BUDGET_SMOKE.json,reasoning_wave_budget,latent-compute,retained_mass,higher_is_better,bar_by_method,policy,11,True
artifacts/probe-results/REV0007_TOKEN_PRECISION_FRONTIER_SMOKE.json,token_precision_frontier,quantization,quality_score,higher_is_better,bar_by_method,"scenario,policy",13,True
artifacts/probe-results/REV0008_HIST_WINDOW_ORDER_SMOKE.json,hist_window_order,projection,outgoing_accuracy,higher_is_better,line_or_heatmap,"regime,method",10,True
artifacts/probe-results/REV0008_INTENT_KV_PRUNING_SMOKE.json,intent_kv_pruning,retention,critical_retention_purity_minus_stale_error,higher_is_better,line_or_heatmap,"budget,policy",13,True
artifacts/probe-results/REV0008_LATENT_REASONING_ROUTER_SMOKE.json,latent_reasoning_router,latent-compute,utility,higher_is_better,line_or_heatmap,"regime,budget,policy",13,True
artifacts/probe-results/REV0008_PCAF_SPARSE_MEMORY_SMOKE.json,pcaf_sparse_memory,routing,mean_exact_success_minus_error_cost,higher_is_better,line_or_heatmap,budget,16,True
artifacts/probe-results/REV0008_SHARED_ROUTING_ONCE_SMOKE.json,shared_routing_once,routing,support_recall_minus_bad_layers_and_cost,higher_is_better,line_or_heatmap,budget,13,True
artifacts/probe-results/REV0009_FORECAST_SPARSE_ROUTING_SMOKE.json,forecast_sparse_routing,routing,mass_recall,higher_is_better,line_or_heatmap,"regime,budget,policy",10,True
artifacts/probe-results/REV0009_LATENT_CONTEXT_COMPRESSION_SMOKE.json,latent_context_compression,compaction,output_rel_error,lower_is_better,bar_by_method,,12,True
artifacts/probe-results/REV0009_OBSERVABILITY_SAFE_RETENTION_SMOKE.json,observability_safe_retention,retention,score,higher_is_better,line_or_heatmap,"budget,policy",12,True
artifacts/probe-results/REV0010_EVIDENCE_ALIGNED_TTT_SMOKE.json,evidence_aligned_ttt,routing,answer_accuracy,higher_is_better,line_or_heatmap,"regime,policy",10,True
artifacts/probe-results/REV0010_PARAMETRIC_KV_MEMORY_SMOKE.json,parametric_kv_memory,state-memory,rouge_l_proxy,higher_is_better,line_or_heatmap,"regime,policy",11,True
artifacts/probe-results/REV0010_SMT_TRANSITION_SMOKE.json,smt_transition_training,state-memory,query_accuracy,higher_is_better,bar_by_method,"regime,buffer,policy",8,True
artifacts/probe-results/REV0010_STILL_COMPACTOR_SMOKE.json,still_compactor,compaction,reconstruction_error,lower_is_better,line_or_heatmap,"regime,slots,method",8,True
artifacts/probe-results/REV0011_AGENTIC_DFS_SEARCH_SMOKE.json,agentic_dfs_search,agentic-search,efficiency,higher_is_better,bar_by_method,"regime,depth,policy",11,True
artifacts/probe-results/REV0011_ENTROPY_GUIDED_BUDGET_SMOKE.json,entropy_guided_budget,routing,weighted_utility,higher_is_better,line_or_heatmap,"regime,budget,policy",9,True
artifacts/probe-results/REV0011_REASONING_CACHE_SHARE_EXIT_SMOKE.json,reasoning_cache_share_exit,routing,utility,higher_is_better,bar_by_method,"regime,policy",13,True
artifacts/probe-results/REV0012_CENTAUR_HPO_STATE_SMOKE.json,centaur_hpo_state_smoke,meta-optimization,mean_best_score,higher_is_better,bar_by_method,"landscape,method",6,True
artifacts/probe-results/REV0012_CLP_MULTITOKEN_ACCEPTANCE_SMOKE.json,clp_multitoken_acceptance_smoke,decoding-acceleration,speed_quality_utility,higher_is_better,bar_by_method,"regime,policy",7,True
artifacts/probe-results/REV0012_EXPRESS_STREAMING_CORESET_SMOKE.json,express_streaming_coreset_cpp_smoke,streaming-coreset,mean_mse_to_full_attention,lower_is_better,line_or_heatmap,"regime,budget,policy",6,True
artifacts/probe-results/REV0012_TRACE_PREFIX_ROLLOUT_SMOKE.json,trace_prefix_rollout_smoke,agentic-budget,mean_reward_contrast,higher_is_better,line_or_heatmap,"regime,budget,policy",8,True
artifacts/probe-results/REV0013_CENTAUR_HPO_STATE_SMOKE.json,centaur_hpo_state_smoke,meta-optimization,mean_best_score,higher_is_better,bar_by_method,"landscape,method",6,True
artifacts/probe-results/REV0013_CLP_MULTITOKEN_ACCEPTANCE_SMOKE.json,clp_multitoken_acceptance_smoke,decoding-acceleration,speed_quality_utility,higher_is_better,bar_by_method,"regime,policy",7,True
artifacts/probe-results/REV0013_EXPRESS_STREAMING_CORESET_SMOKE.json,express_streaming_coreset_cpp_smoke,streaming-coreset,mean_mse_to_full_attention,lower_is_better,line_or_heatmap,"regime,budget,policy",6,True
artifacts/probe-results/REV0013_GATED_DELTA_MEMORY_SMOKE.json,gated_delta_memory,misc,mean_retrieval_rel_error,lower_is_better,bar_by_method,"regime,policy",5,True
artifacts/probe-results/REV0013_KVCAT_COMPRESSIBILITY_SMOKE.json,kvcat_compressibility,quantization,score,lower_is_better,bar_by_method,,8,True
artifacts/probe-results/REV0013_LRKV_HEAD_DIVERSITY_SMOKE.json,lrkv_head_diversity,projection,score,lower_is_better,bar_by_method,"regime,method",7,True
artifacts/probe-results/REV0013_NATIVE_TOKEN_PRECISION_FRONTIER_SMOKE.json,native_token_precision_frontier,quantization,mean_output_rel_error,lower_is_better,bar_by_method,"scenario,policy",9,True
artifacts/probe-results/REV0013_QUERY_MOVE_CACHE_SMOKE.json,query_move_cache_cost,routing,estimated_us,lower_is_better,bar_by_method,policy,8,True
artifacts/probe-results/REV0013_QUERY_MOVE_PHASE_SCAN_SMOKE.json,query_move_phase_boundary,routing,latency_us,lower_is_better,bar_by_method,policy,9,True
artifacts/probe-results/REV0013_RESIDUAL_KV_SENSITIVITY_SMOKE.json,native_residual_kv_sensitivity,state-memory,score,lower_is_better,bar_by_method,"regime,policy",10,True
artifacts/probe-results/REV0013_RESIDUAL_STREAM_KV_SMOKE.json,residual_stream_kv,state-memory,state_mb,lower_is_better,bar_by_method,policy,8,True
artifacts/probe-results/REV0013_TRACE_PREFIX_ROLLOUT_SMOKE.json,trace_prefix_rollout_smoke,agentic-budget,mean_reward_contrast,higher_is_better,line_or_heatmap,"regime,budget,policy",8,True
artifacts/probe-results/REV0014_EXPRESS_STREAMING_CORESET_SMOKE.json,express_streaming_coreset_cpp_smoke,streaming-coreset,mean_mse_to_full_attention,lower_is_better,line_or_heatmap,"regime,budget,policy",6,True
artifacts/probe-results/REV0014_GATED_DELTA_MEMORY_SMOKE.json,gated_delta_memory,misc,mean_retrieval_rel_error,lower_is_better,bar_by_method,"regime,policy",5,True
artifacts/probe-results/REV0014_KVCAT_COMPRESSIBILITY_SMOKE.json,kvcat_compressibility,quantization,score,lower_is_better,bar_by_method,,8,True
artifacts/probe-results/REV0014_LRKV_HEAD_DIVERSITY_SMOKE.json,lrkv_head_diversity,projection,score,lower_is_better,bar_by_method,"regime,method",7,True
artifacts/probe-results/REV0014_NATIVE_TOKEN_PRECISION_FRONTIER_SMOKE.json,native_token_precision_frontier,quantization,mean_output_rel_error,lower_is_better,bar_by_method,"scenario,policy",9,True
artifacts/probe-results/REV0014_QUERY_MOVE_CACHE_SMOKE.json,query_move_cache_cost,routing,estimated_us,lower_is_better,bar_by_method,policy,8,True
artifacts/probe-results/REV0014_QUERY_MOVE_PHASE_SCAN_SMOKE.json,query_move_phase_boundary,routing,latency_us,lower_is_better,bar_by_method,policy,9,True
artifacts/probe-results/REV0014_RESIDUAL_KV_SENSITIVITY_SMOKE.json,native_residual_kv_sensitivity,state-memory,score,lower_is_better,bar_by_method,"regime,policy",10,True
artifacts/probe-results/REV0014_RESIDUAL_STREAM_KV_SMOKE.json,residual_stream_kv,state-memory,state_mb,lower_is_better,bar_by_method,policy,8,True
artifacts/probe-results/REV0014_STOCHASTIC_SPARSE_ATTENTION_SMOKE.json,stochastic_sparse_attention,misc,score,lower_is_better,bar_by_method,regime,7,True
artifacts/probe-results/REV0015_DFSSM_QUANT_SCAFFOLD_SMOKE.json,dfssm_quant_scaffold,misc,mean_rel_state_error,lower_is_better,bar_by_method,regime,6,True
artifacts/probe-results/REV0015_EXPRESS_STREAMING_CORESET_SMOKE.json,express_streaming_coreset_cpp_smoke,streaming-coreset,mean_mse_to_full_attention,lower_is_better,line_or_heatmap,"regime,budget,policy",6,True
artifacts/probe-results/REV0015_GATED_DELTA_MEMORY_SMOKE.json,gated_delta_memory,misc,mean_retrieval_rel_error,lower_is_better,bar_by_method,"regime,policy",5,True
artifacts/probe-results/REV0015_HYPERGRAPH_MEMORY_TRACE_SMOKE.json,hypergraph_memory_trace,misc,success_rate,higher_is_better,line_or_heatmap,"regime,policy",7,True
artifacts/probe-results/REV0015_KVCAT_COMPRESSIBILITY_SMOKE.json,kvcat_compressibility,quantization,score,lower_is_better,bar_by_method,,8,True
artifacts/probe-results/REV0015_LRKV_HEAD_DIVERSITY_SMOKE.json,lrkv_head_diversity,projection,score,lower_is_better,bar_by_method,"regime,method",7,True
artifacts/probe-results/REV0015_MEMORY_SYCOPHANCY_TRAP_SMOKE.json,memory_sycophancy_trap,misc,sycophancy_rate,lower_is_better,bar_by_method,"regime,policy",7,True
artifacts/probe-results/REV0015_NATIVE_HPO_PHASE_SMOKE.json,native_hpo_phase,meta-optimization,mean_regret_to_dense_grid_optimum,lower_is_better,line_or_heatmap,"landscape,method",6,True
artifacts/probe-results/REV0015_NATIVE_TOKEN_PRECISION_FRONTIER_SMOKE.json,native_token_precision_frontier,quantization,mean_output_rel_error,lower_is_better,bar_by_method,"scenario,policy",9,True
artifacts/probe-results/REV0015_QUERY_MOVE_CACHE_SMOKE.json,query_move_cache_cost,routing,estimated_us,lower_is_better,bar_by_method,policy,8,True
artifacts/probe-results/REV0015_QUERY_MOVE_PHASE_SCAN_SMOKE.json,query_move_phase_boundary,routing,latency_us,lower_is_better,bar_by_method,policy,9,True
artifacts/probe-results/REV0015_RESIDUAL_KV_SENSITIVITY_SMOKE.json,native_residual_kv_sensitivity,state-memory,score,lower_is_better,bar_by_method,"regime,policy",10,True
artifacts/probe-results/REV0015_RESIDUAL_STREAM_KV_SMOKE.json,residual_stream_kv,state-memory,state_mb,lower_is_better,bar_by_method,policy,8,True
artifacts/probe-results/REV0015_STOCHASTIC_SPARSE_ATTENTION_SMOKE.json,stochastic_sparse_attention,misc,score,lower_is_better,bar_by_method,regime,7,True
