artifact,probe,rows,parse_status,metric_status,primary_metric,direction,winner_field,winner_compact,has_config,has_summary,has_rows
artifacts/probe-results/REV0003_KV_WIND_TUNNEL_SMOKE.json,kv_wind_tunnel,78,ok,declared,relative_error,lower_is_better,none_rows_only,,True,True,True
artifacts/probe-results/REV0003_SPECTRAL_ASSOC_SMOKE.json,spectral_assoc_recall,168,ok,declared,accuracy,higher_is_better,none_rows_only,,True,True,True
artifacts/probe-results/REV0004_DORMANT_SPONSORSHIP_SMOKE.json,dormant_sponsorship,320,ok,declared,target_value_retention,higher_is_better,none_rows_only,,True,True,True
artifacts/probe-results/REV0004_REGION_WIPEOUT_SMOKE.json,region_wipeout_cache,240,ok,declared,coverage_success,higher_is_better,none_rows_only,,True,True,True
artifacts/probe-results/REV0004_VALUE_OUTLIER_SMOKE.json,value_outlier_eviction,216,ok,declared,critical_value_retention,higher_is_better,none_rows_only,,True,True,True
artifacts/probe-results/REV0005_DEPTH_VALUE_MIXING_SMOKE.json,depth_value_mixing,240,ok,declared,mean_error,lower_is_better,by_scenario_method,,True,True,True
artifacts/probe-results/REV0005_DYNAMIC_STATE_MERGING_SMOKE.json,dynamic_state_merging,160,ok,declared,transition_preservation,higher_is_better,by_budget_policy,,True,True,True
artifacts/probe-results/REV0005_ENTMAX_SUPPORT_SMOKE.json,entmax_support_recovery,2016,ok,declared,output_error,lower_is_better,none_rows_only,,False,True,False
artifacts/probe-results/REV0005_MOMENT_DIRECTIONAL_SMOKE.json,moment_directional_gap,2880,ok,declared,reconstruction_error,lower_is_better,none_rows_only,,False,True,True
artifacts/probe-results/REV0005_QKV_PROJECTION_SHARING_SMOKE.json,qkv_projection_sharing,750,ok,declared,relative_error,lower_is_better,by_regime_variant,,True,True,True
artifacts/probe-results/REV0005_QKV_PROJECTION_SMOKE.json,qkv_projection_sharing,0,ok,declared,relative_error,lower_is_better,by_regime_variant,,False,True,False
artifacts/probe-results/REV0005_TENSOR_CACHE_L2_SMOKE.json,tensor_cache_l1_l2,1536,ok,declared,retrieval_error,lower_is_better,none_rows_only,,False,True,False
artifacts/probe-results/REV0006_ART_RUNTIME_TERMINATION_SMOKE.json,attention_runtime_termination,1152,ok,declared,relative_error,lower_is_better,none_rows_only,,False,True,False
artifacts/probe-results/REV0006_BANK_OF_VALUES_SMOKE.json,bank_of_values,2400,ok,declared,prediction_accuracy,higher_is_better,none_rows_only,,False,True,False
artifacts/probe-results/REV0006_BLURRY_WINDOW_SMOKE.json,blurry_window_attention,880,ok,declared,reconstruction_error,lower_is_better,by_task_method,,True,True,False
artifacts/probe-results/REV0006_BRANCH_CACHE_SHARING_SMOKE.json,branch_cache_sharing,336,ok,declared,state_match,higher_is_better,by_scenario_policy,,True,True,False
artifacts/probe-results/REV0006_FADEMEM_HIERARCHY_SMOKE.json,hierarchical_fademem_cache,1260,ok,declared,reconstruction_error,lower_is_better,best_compressed_policy_by_regime_budget,full_cache:15,True,True,True
artifacts/probe-results/REV0007_QK_RESTORE_AMNESIA_SMOKE.json,qk_restore_amnesia,80,ok,declared,recall_accuracy,higher_is_better,practical_winners_excluding_pre_sft,clean_recall:pre_sft_qk; cot_local_bias:pre_sft_qk; hard_decoy:pre_sft_qk,True,True,True
artifacts/probe-results/REV0007_REASONING_WAVE_BUDGET_SMOKE.json,reasoning_wave_budget,80,ok,declared,retained_mass,higher_is_better,practical_winners_excluding_oracle,,True,True,True
artifacts/probe-results/REV0007_TOKEN_PRECISION_FRONTIER_SMOKE.json,token_precision_frontier,80,ok,declared,quality_score,higher_is_better,winner_counts,,True,True,True
artifacts/probe-results/REV0008_HIST_WINDOW_ORDER_SMOKE.json,hist_window_order,1440,ok,declared,outgoing_accuracy,higher_is_better,,adversarial_same_hist:delta_exact; bursty_runs:delta_exact; iid_balanced:delta_exact; low_entropy_cycles:delta_exact,True,True,True
artifacts/probe-results/REV0008_INTENT_KV_PRUNING_SMOKE.json,intent_kv_pruning,3072,ok,declared,critical_retention_purity_minus_stale_error,higher_is_better,,adversarial_recent_noise:oracle_critical; buried_tool_result:oracle_critical; intent_shift:oracle_critical; stable_intent:oracle_critical,True,True,True
artifacts/probe-results/REV0008_LATENT_REASONING_ROUTER_SMOKE.json,latent_reasoning_router,4608,ok,declared,utility,higher_is_better,,easy_smooth:all_flow_latent; hard_spikes:oracle_router; late_brittle:oracle_router; uncertain_but_latent_good:all_latent,True,True,True
artifacts/probe-results/REV0008_PCAF_SPARSE_MEMORY_SMOKE.json,pcaf_sparse_memory,5376,ok,declared,mean_exact_success_minus_error_cost,higher_is_better,winners_excluding_full_attention,clean_old_successor:semantic_topk_oracle; noisy_bucket_collision:semantic_topk_oracle; rare_old_fact_vs_recent_noise:semantic_topk_oracle; recurring_entity_update:semantic_topk_oracle,True,True,True
artifacts/probe-results/REV0008_SHARED_ROUTING_ONCE_SMOKE.json,shared_routing_once,2688,ok,declared,support_recall_minus_bad_layers_and_cost,higher_is_better,,alternating_heads:per_layer_score; early_noise_then_consensus:per_layer_score; late_divergence:per_layer_score; stable_layers:consensus_shared,True,True,True
artifacts/probe-results/REV0009_FORECAST_SPARSE_ROUTING_SMOKE.json,forecast_sparse_routing,18900,ok,declared,mass_recall,higher_is_better,winners_excluding_oracle,alternating_heads/B16:oracle_next_layer; alternating_heads/B24:oracle_next_layer; alternating_heads/B8:oracle_next_layer; late_divergence/B16:oracle_next_layer; late_divergence/B24:oracle_next_layer…,True,True,True
artifacts/probe-results/REV0009_LATENT_CONTEXT_COMPRESSION_SMOKE.json,latent_context_compression,400,ok,declared,output_rel_error,lower_is_better,winners_excluding_oracle,adversarial_summary:full_raw_oracle; aligned_chunks:full_raw_oracle; diffuse_target:full_raw_oracle; late_needle:full_raw_oracle; multi_fact_bridge:full_raw_oracle,True,True,True
artifacts/probe-results/REV0009_OBSERVABILITY_SAFE_RETENTION_SMOKE.json,observability_safe_retention,840,ok,declared,score,higher_is_better,winners_excluding_oracle,aligned/B16:offline_oracle; aligned/B32:offline_oracle; aligned/B8:offline_oracle; dormant_future/B16:offline_oracle; dormant_future/B32:offline_oracle…,True,True,True
artifacts/probe-results/REV0010_EVIDENCE_ALIGNED_TTT_SMOKE.json,evidence_aligned_ttt,2160,ok,declared,answer_accuracy,higher_is_better,winners_excluding_oracle,clean_retrieval/K16/S1:oracle_evidence_ttt; clean_retrieval/K16/S3:ease_ttt_softmix; clean_retrieval/K16/S6:oracle_evidence_ttt; clean_retrieval/K4/S1:oracle_evidence_ttt; clean_retrieval/K4/S3:ease_ttt_softmix…,True,True,True
artifacts/probe-results/REV0010_PARAMETRIC_KV_MEMORY_SMOKE.json,parametric_kv_memory,3000,ok,declared,rouge_l_proxy,higher_is_better,winners_excluding_oracle,aggressive_compression/base_encoded_answer_only:full_cache_oracle; aggressive_compression/noisy_conflicting:full_cache_oracle; aggressive_compression/none:full_cache_oracle; aggressive_compression/qa_supervised:full_cache_oracle; aggressive_compression/raw_ntp_weak:full_cache_oracle…,True,True,True
artifacts/probe-results/REV0010_SMT_TRANSITION_SMOKE.json,smt_transition_training,900,ok,declared,query_accuracy,higher_is_better,winners_excluding_oracle,bursty_overwrites/B12:ridge_supervised_update; bursty_overwrites/B32:ridge_supervised_update; bursty_overwrites/B4:ridge_supervised_update; long_delays/B12:ridge_supervised_update; long_delays/B32:ridge_supervised_update…,True,True,True
artifacts/probe-results/REV0010_STILL_COMPACTOR_SMOKE.json,still_compactor,4500,ok,declared,reconstruction_error,lower_is_better,winners_excluding_full_attention,clustered_topics/S16/critical:full_attention; clustered_topics/S16/topic:full_attention; clustered_topics/S32/critical:full_attention; clustered_topics/S32/topic:full_attention; clustered_topics/S8/critical:full_attention…,True,True,True
artifacts/probe-results/REV0011_AGENTIC_DFS_SEARCH_SMOKE.json,agentic_dfs_search,2800,ok,declared,efficiency,higher_is_better,winners_excluding_oracle,deceptive_prefix/D2:oracle_path; deceptive_prefix/D3:oracle_path; deceptive_prefix/D4:oracle_path; deceptive_prefix/D5:oracle_path; deep_generalization/D2:oracle_path…,True,True,True
artifacts/probe-results/REV0011_ENTROPY_GUIDED_BUDGET_SMOKE.json,entropy_guided_budget,1620,ok,declared,weighted_utility,higher_is_better,winners_excluding_oracle,dynamic_shift/B16:oracle_dynamic; dynamic_shift/B32:oracle_dynamic; dynamic_shift/B64:oracle_dynamic; entropy_trap/B16:oracle_dynamic; entropy_trap/B32:oracle_dynamic…,True,True,True
artifacts/probe-results/REV0011_REASONING_CACHE_SHARE_EXIT_SMOKE.json,reasoning_cache_share_exit,1890,ok,declared,utility,higher_is_better,safe_winners_excluding_oracle,clean_clusters/T0.72:oracle_cluster_exit; clean_clusters/T0.82:oracle_cluster_exit; clean_clusters/T0.90:oracle_cluster_exit; confidence_trap/T0.72:oracle_cluster_exit; confidence_trap/T0.82:oracle_cluster_exit…,True,True,True
artifacts/probe-results/REV0012_CENTAUR_HPO_STATE_SMOKE.json,centaur_hpo_state_smoke,20,ok,declared,mean_best_score,higher_is_better,,,False,True,True
artifacts/probe-results/REV0012_CLP_MULTITOKEN_ACCEPTANCE_SMOKE.json,clp_multitoken_acceptance_smoke,16,ok,declared,speed_quality_utility,higher_is_better,,,False,True,True
artifacts/probe-results/REV0012_EXPRESS_STREAMING_CORESET_SMOKE.json,express_streaming_coreset_cpp_smoke,64,ok,declared,mean_mse_to_full_attention,lower_is_better,,,False,True,True
artifacts/probe-results/REV0012_TRACE_PREFIX_ROLLOUT_SMOKE.json,trace_prefix_rollout_smoke,48,ok,declared,mean_reward_contrast,higher_is_better,,,False,True,True
artifacts/probe-results/REV0013_CENTAUR_HPO_STATE_SMOKE.json,centaur_hpo_state_smoke,20,ok,declared,mean_best_score,higher_is_better,,,False,True,True
artifacts/probe-results/REV0013_CLP_MULTITOKEN_ACCEPTANCE_SMOKE.json,clp_multitoken_acceptance_smoke,16,ok,declared,speed_quality_utility,higher_is_better,,,False,True,True
artifacts/probe-results/REV0013_EXPRESS_STREAMING_CORESET_SMOKE.json,express_streaming_coreset_cpp_smoke,64,ok,declared,mean_mse_to_full_attention,lower_is_better,,,False,True,True
artifacts/probe-results/REV0013_GATED_DELTA_MEMORY_SMOKE.json,gated_delta_memory,15,ok,declared,mean_retrieval_rel_error,lower_is_better,winner_counts,,False,True,True
artifacts/probe-results/REV0013_KVCAT_COMPRESSIBILITY_SMOKE.json,kvcat_compressibility,192,ok,declared,score,lower_is_better,representation/compressor,,False,True,True
artifacts/probe-results/REV0013_LRKV_HEAD_DIVERSITY_SMOKE.json,lrkv_head_diversity,35,ok,declared,score,lower_is_better,method,,False,True,True
artifacts/probe-results/REV0013_NATIVE_TOKEN_PRECISION_FRONTIER_SMOKE.json,native_token_precision_frontier,105,ok,declared,mean_output_rel_error,lower_is_better,winner_counts,,True,True,True
artifacts/probe-results/REV0013_QUERY_MOVE_CACHE_SMOKE.json,query_move_cache_cost,864,ok,declared,estimated_us,lower_is_better,winner_counts,,False,True,True
artifacts/probe-results/REV0013_QUERY_MOVE_PHASE_SCAN_SMOKE.json,query_move_phase_boundary,4608,ok,declared,latency_us,lower_is_better,policy,,False,True,True
artifacts/probe-results/REV0013_RESIDUAL_KV_SENSITIVITY_SMOKE.json,native_residual_kv_sensitivity,300,ok,declared,score,lower_is_better,policy,,False,True,True
artifacts/probe-results/REV0013_RESIDUAL_STREAM_KV_SMOKE.json,residual_stream_kv,108,ok,declared,state_mb,lower_is_better,memory_winner_counts,,False,True,True
artifacts/probe-results/REV0013_TRACE_PREFIX_ROLLOUT_SMOKE.json,trace_prefix_rollout_smoke,48,ok,declared,mean_reward_contrast,higher_is_better,,,False,True,True
artifacts/probe-results/REV0014_EXPRESS_STREAMING_CORESET_SMOKE.json,express_streaming_coreset_cpp_smoke,64,ok,declared,mean_mse_to_full_attention,lower_is_better,,,False,True,True
artifacts/probe-results/REV0014_GATED_DELTA_MEMORY_SMOKE.json,gated_delta_memory,15,ok,declared,mean_retrieval_rel_error,lower_is_better,winner_counts,,False,True,True
artifacts/probe-results/REV0014_KVCAT_COMPRESSIBILITY_SMOKE.json,kvcat_compressibility,192,ok,declared,score,lower_is_better,representation/compressor,,False,True,True
artifacts/probe-results/REV0014_LRKV_HEAD_DIVERSITY_SMOKE.json,lrkv_head_diversity,35,ok,declared,score,lower_is_better,method,,False,True,True
artifacts/probe-results/REV0014_NATIVE_TOKEN_PRECISION_FRONTIER_SMOKE.json,native_token_precision_frontier,105,ok,declared,mean_output_rel_error,lower_is_better,winner_counts,,True,True,True
artifacts/probe-results/REV0014_QUERY_MOVE_CACHE_SMOKE.json,query_move_cache_cost,864,ok,declared,estimated_us,lower_is_better,winner_counts,,False,True,True
artifacts/probe-results/REV0014_QUERY_MOVE_PHASE_SCAN_SMOKE.json,query_move_phase_boundary,4608,ok,declared,latency_us,lower_is_better,policy,,False,True,True
artifacts/probe-results/REV0014_RESIDUAL_KV_SENSITIVITY_SMOKE.json,native_residual_kv_sensitivity,300,ok,declared,score,lower_is_better,policy,,False,True,True
artifacts/probe-results/REV0014_RESIDUAL_STREAM_KV_SMOKE.json,residual_stream_kv,108,ok,declared,state_mb,lower_is_better,memory_winner_counts,,False,True,True
artifacts/probe-results/REV0014_STOCHASTIC_SPARSE_ATTENTION_SMOKE.json,stochastic_sparse_attention,240,ok,declared,score,lower_is_better,method,,False,True,True
artifacts/probe-results/REV0015_DFSSM_QUANT_SCAFFOLD_SMOKE.json,dfssm_quant_scaffold,28,ok,declared,mean_rel_state_error,lower_is_better,regularized_winner_counts,,True,True,True
artifacts/probe-results/REV0015_EXPRESS_STREAMING_CORESET_SMOKE.json,express_streaming_coreset_cpp_smoke,64,ok,declared,mean_mse_to_full_attention,lower_is_better,,,False,True,True
artifacts/probe-results/REV0015_GATED_DELTA_MEMORY_SMOKE.json,gated_delta_memory,15,ok,declared,mean_retrieval_rel_error,lower_is_better,winner_counts,,False,True,True
artifacts/probe-results/REV0015_HYPERGRAPH_MEMORY_TRACE_SMOKE.json,hypergraph_memory_trace,120,ok,declared,success_rate,higher_is_better,winner_counts,,True,True,True
artifacts/probe-results/REV0015_KVCAT_COMPRESSIBILITY_SMOKE.json,kvcat_compressibility,192,ok,declared,score,lower_is_better,representation/compressor,,False,True,True
artifacts/probe-results/REV0015_LRKV_HEAD_DIVERSITY_SMOKE.json,lrkv_head_diversity,35,ok,declared,score,lower_is_better,method,,False,True,True
artifacts/probe-results/REV0015_MEMORY_SYCOPHANCY_TRAP_SMOKE.json,memory_sycophancy_trap,96,ok,declared,sycophancy_rate,lower_is_better,utility_winner_counts,,True,True,True
artifacts/probe-results/REV0015_NATIVE_HPO_PHASE_SMOKE.json,native_hpo_phase,80,ok,declared,mean_regret_to_dense_grid_optimum,lower_is_better,winner_counts,,True,True,True
artifacts/probe-results/REV0015_NATIVE_TOKEN_PRECISION_FRONTIER_SMOKE.json,native_token_precision_frontier,105,ok,declared,mean_output_rel_error,lower_is_better,winner_counts,,True,True,True
artifacts/probe-results/REV0015_QUERY_MOVE_CACHE_SMOKE.json,query_move_cache_cost,864,ok,declared,estimated_us,lower_is_better,winner_counts,,False,True,True
artifacts/probe-results/REV0015_QUERY_MOVE_PHASE_SCAN_SMOKE.json,query_move_phase_boundary,4608,ok,declared,latency_us,lower_is_better,policy,,False,True,True
artifacts/probe-results/REV0015_RESIDUAL_KV_SENSITIVITY_SMOKE.json,native_residual_kv_sensitivity,300,ok,declared,score,lower_is_better,policy,,False,True,True
artifacts/probe-results/REV0015_RESIDUAL_STREAM_KV_SMOKE.json,residual_stream_kv,108,ok,declared,state_mb,lower_is_better,memory_winner_counts,,False,True,True
artifacts/probe-results/REV0015_STOCHASTIC_SPARSE_ATTENTION_SMOKE.json,stochastic_sparse_attention,240,ok,declared,score,lower_is_better,method,,False,True,True
artifacts/probe-results/REV0016_DFSSM_QUANT_SCAFFOLD_SMOKE.json,dfssm_quant_scaffold,28,ok,declared,mean_rel_state_error,lower_is_better,regularized_winner_counts,,True,True,True
artifacts/probe-results/REV0016_EXPRESS_STREAMING_CORESET_SMOKE.json,express_streaming_coreset_cpp_smoke,64,ok,declared,mean_mse_to_full_attention,lower_is_better,,,False,True,True
artifacts/probe-results/REV0016_GATED_DELTA_MEMORY_SMOKE.json,gated_delta_memory,15,ok,declared,mean_retrieval_rel_error,lower_is_better,winner_counts,,False,True,True
artifacts/probe-results/REV0016_HYPERGRAPH_MEMORY_TRACE_SMOKE.json,hypergraph_memory_trace,120,ok,declared,success_rate,higher_is_better,winner_counts,,True,True,True
artifacts/probe-results/REV0016_KVCAT_COMPRESSIBILITY_SMOKE.json,kvcat_compressibility,192,ok,declared,score,lower_is_better,representation/compressor,,False,True,True
artifacts/probe-results/REV0016_LRKV_HEAD_DIVERSITY_SMOKE.json,lrkv_head_diversity,35,ok,declared,score,lower_is_better,method,,False,True,True
artifacts/probe-results/REV0016_MEMORY_PROVENANCE_PHASE_SMOKE.json,memory_provenance_phase,336,ok,declared,mean_utility,higher_is_better,winner_counts_excluding_oracle,,False,True,True
artifacts/probe-results/REV0016_MEMORY_SYCOPHANCY_TRAP_SMOKE.json,memory_sycophancy_trap,96,ok,declared,sycophancy_rate,lower_is_better,utility_winner_counts,,True,True,True
artifacts/probe-results/REV0016_NATIVE_HPO_PHASE_SMOKE.json,native_hpo_phase,80,ok,declared,mean_regret_to_dense_grid_optimum,lower_is_better,winner_counts,,True,True,True
artifacts/probe-results/REV0016_NATIVE_TOKEN_PRECISION_FRONTIER_SMOKE.json,native_token_precision_frontier,105,ok,declared,mean_output_rel_error,lower_is_better,winner_counts,,True,True,True
artifacts/probe-results/REV0016_PERIODIC_CACHE_REWRITE_SMOKE.json,periodic_cache_rewrite,25,ok,declared,mean_utility,higher_is_better,winner_counts_excluding_oracle,,False,True,True
artifacts/probe-results/REV0016_QUERY_MOVE_CACHE_SMOKE.json,query_move_cache_cost,864,ok,declared,estimated_us,lower_is_better,winner_counts,,False,True,True
artifacts/probe-results/REV0016_QUERY_MOVE_PHASE_SCAN_SMOKE.json,query_move_phase_boundary,4608,ok,declared,latency_us,lower_is_better,policy,,False,True,True
artifacts/probe-results/REV0016_RESIDUAL_KV_SENSITIVITY_SMOKE.json,native_residual_kv_sensitivity,300,ok,declared,score,lower_is_better,policy,,False,True,True
artifacts/probe-results/REV0016_RESIDUAL_STREAM_KV_SMOKE.json,residual_stream_kv,108,ok,declared,state_mb,lower_is_better,memory_winner_counts,,False,True,True
artifacts/probe-results/REV0016_STOCHASTIC_SPARSE_ATTENTION_SMOKE.json,stochastic_sparse_attention,240,ok,declared,score,lower_is_better,method,,False,True,True
artifacts/probe-results/REV0016_TEST2_dfssm_quant_probe.json,dfssm_quant_scaffold,28,ok,declared,mean_rel_state_error,lower_is_better,regularized_winner_counts,,True,True,True
artifacts/probe-results/REV0016_TEST2_express_coreset.json,express_streaming_coreset_cpp_smoke,64,ok,declared,mean_mse_to_full_attention,lower_is_better,,,False,True,True
artifacts/probe-results/REV0016_TEST2_gated_delta_memory_probe.json,gated_delta_memory,15,ok,declared,mean_retrieval_rel_error,lower_is_better,winner_counts,,False,True,True
artifacts/probe-results/REV0016_TEST2_hypergraph_trace_probe.json,hypergraph_memory_trace,120,ok,declared,success_rate,higher_is_better,winner_counts,,True,True,True
artifacts/probe-results/REV0016_TEST2_token_precision_frontier.json,native_token_precision_frontier,105,ok,declared,mean_output_rel_error,lower_is_better,winner_counts,,True,True,True
artifacts/probe-results/REV0016_TEST_dfssm_quant_probe.json,dfssm_quant_scaffold,28,ok,declared,mean_rel_state_error,lower_is_better,regularized_winner_counts,,True,True,True
artifacts/probe-results/REV0016_TEST_express_coreset.json,express_streaming_coreset_cpp_smoke,64,ok,declared,mean_mse_to_full_attention,lower_is_better,,,False,True,True
artifacts/probe-results/REV0016_TEST_gated_delta_memory_probe.json,gated_delta_memory,15,ok,declared,mean_retrieval_rel_error,lower_is_better,winner_counts,,False,True,True
artifacts/probe-results/REV0016_TEST_hypergraph_trace_probe.json,hypergraph_memory_trace,120,ok,declared,success_rate,higher_is_better,winner_counts,,True,True,True
artifacts/probe-results/REV0016_TEST_kvcat_compressibility.json,kvcat_compressibility,192,ok,declared,score,lower_is_better,representation/compressor,,False,True,True
artifacts/probe-results/REV0016_TEST_lrkv_head_diversity.json,lrkv_head_diversity,35,ok,declared,score,lower_is_better,method,,False,True,True
artifacts/probe-results/REV0016_TEST_memory_provenance_phase.json,memory_provenance_phase,336,ok,declared,mean_utility,higher_is_better,winner_counts_excluding_oracle,,False,True,True
artifacts/probe-results/REV0016_TEST_memory_sycophancy_probe.json,memory_sycophancy_trap,96,ok,declared,sycophancy_rate,lower_is_better,utility_winner_counts,,True,True,True
artifacts/probe-results/REV0016_TEST_native_hpo_phase.json,native_hpo_phase,80,ok,declared,mean_regret_to_dense_grid_optimum,lower_is_better,winner_counts,,True,True,True
artifacts/probe-results/REV0016_TEST_residual_kv_sensitivity.json,native_residual_kv_sensitivity,300,ok,declared,score,lower_is_better,policy,,False,True,True
artifacts/probe-results/REV0016_TEST_token_precision_frontier.json,native_token_precision_frontier,105,ok,declared,mean_output_rel_error,lower_is_better,winner_counts,,True,True,True
artifacts/probe-results/REV0016_VERICACHE_GUARD_SMOKE.json,vericache_guard,35,ok,declared,mean_utility,higher_is_better,winner_counts_excluding_oracle,,False,True,True
