rule_id,passed,checked_records,failed_records,severity,details,created_revision
DQ_CSV_PARSE_ALL,true,125,0,critical,125 cube CSVs parsed,rev0288
DQ_ACTOR_PK_UNIQUE,true,445,0,critical,actor aliases preserve repaired raw labels,rev0288
DQ_TAG_PK_UNIQUE,true,3332,0,critical,tag aliases preserve repaired raw values,rev0288
DQ_TAG_EDGE_NORMALIZED,true,6575,0,high,normalized tag edges resolve to tag.csv,rev0288
DQ_SERVICE_FLOOR_CORE_COVERAGE,true,418,0,high,required core/service-floor template coverage present,rev0288
DQ_GATE_EVAL_COVERAGE,true,5434,0,critical,global gate eval rows equal service floors * active gates,rev0288
DQ_LOCAL_GATE_EVAL_COVERAGE,true,5434,0,high,local gate eval rows equal service floors * active gates,rev0288
DQ_FIXTURE_GUARD_PRESENT,true,6200,0,critical,local overlay rows carry fixture_status guards,rev0288
DQ_REFERENTIAL_INTEGRITY,true,42,0,critical,known foreign-key checks pass,rev0288
DQ_CURRENT_SQLITE_ONLY,true,1,0,medium,single current rev0288 SQLite mirror present: datacube-rev0288.sqlite,rev0288
