kind,track,payload_schema,stability,description
hfv.coverage.publication_report,A,schemas/PublicationCoverageReport.json,core,Publication compliance/coverage report computed from trigger events + contract rules.
hfv.coverage.report,A,schemas/CoverageReport.json,core,Coverage accounting report (targets/time/perspectives) for monitoring representativeness.
hfv.election.parameters_bundle,A,schemas/ElectionParameterBundle.json,core,Election parameters + configuration commitments packaged for observers.
hfv.governance.endorsement_update,C,schemas/EndorsementUpdate.json,core,Endorsement updates for attestation ecosystems (North Star).
hfv.governance.reference_value_update,C,schemas/ReferenceValueUpdate.json,core,Reference value updates for attestation ecosystems (North Star).
hfv.incident.after_action_report,A,schemas/AfterActionReport.json,core,Post-incident AAR with evidence pointers; used for public accountability.
hfv.inspection.challenge_schedule,A,schemas/ChallengeSchedule.json,core,Deterministic inspection challenge schedule (seeded sampling) to prevent grinding.
hfv.inspection.gossip_message,A,schemas/PublicInspectionGossipMessage.json,core,Gossip message disseminating challenge/response digests to kill split-view suppression.
hfv.inspection.suppression_report,A,schemas/InspectionSuppressionReport.json,core,Signed proof that a challenge was not answered within the deadline (suppression).
hfv.provenance.build_provenance,C,schemas/VerifierProvenance.json,experimental,Build/provenance statement for verifier/tooling components (North Star alignment).
hfv.public.notice,A,schemas/PublicNotice.json,core,Public-facing notice published as content-addressed evidence (status/incident/correction).
hfv.publication.contract,A,schemas/PublicationContract.json,core,Publication contract declaring per-kind deadlines and attachment policies.
hfv.publication.suppression_report,A,schemas/PublicationSuppressionReport.json,core,Signed report that a publication deadline was missed (portable missingness proof).
hfv.publication.trigger_event,A,schemas/PublicationTriggerEvent.json,core,"Signed trigger event anchoring a publication deadline (portable, gossiped)."
hfv.results.enr_update,A,schemas/ENRUpdate.json,core,Election Night Reporting update (ENR) with anti-equivocation hooks.
