readiness_id,area,check,expected,observed,severity,status,next_action
ptr_0001,identity,root_export_alignment,LivingChristFigures-rev0102-2026.06.18.00.52-critical-path-work-order-traceability-refactor-gate-pass,LivingChristFigures-rev0102-2026.06.18.00.52-critical-path-work-order-traceability-refactor-gate-pass,high,pass,Keep manifest/root/ZIP member namespace aligned before transfer.
ptr_0002,fixity,checksum_signature_archive_surfaces_present,all required fixity/signature/archive surfaces present,all present,high,pass,Regenerate checksum/signature/archive surfaces after report closure.
ptr_0003,fixity,archive_member_manifest_zero_high,zero high/fail rows,0,high,pass,Archive member manifest should remain the internal file-level transfer inventory.
ptr_0004,ro_crate,ro_crate_metadata_present_and_core_entities_listed,"['./', 'Candidate-Ledger-current.csv', 'Claim-Ledger-current.csv', 'Evidence-Debt-current.csv', 'META/Current-Surface-Freshness-Audit-current.csv', 'META/Preservation-Transfer-Readiness-current.csv', 'Refresh-Index-current.csv', 'Source-Registry-current.csv', 'manifest.json']",missing: ,high,pass,Keep RO-Crate metadata as transfer metadata only; it does not open public URLs or source URLs.
ptr_0005,bagit,external_bagit_wrapper_ready_without_restructuring_root,helper present and no in-place BagIt tag files in package root,helper=True in_place_tags=none,high,pass,Use the helper to create an external BagIt transfer copy when needed; do not move this datacube under data/ inside the linked ZIP.
ptr_0006,premis_lite,premis_objects_evidence_surfaces_present,manifest.json|META/Archive-Member-Manifest-current.csv|SHA256SUMS.txt,all present,high,pass,"This is a PREMIS-lite evidence crosswalk, not a full PREMIS XML serialization."
ptr_0007,premis_lite,premis_events_evidence_surfaces_present,BUILD-PROVENANCE-current.json|META/Version-Lineage-Audit-current.csv|META/Package-Delta-Manifest-current.csv|META/Release-Gate-Attestation-current.csv,all present,high,pass,"This is a PREMIS-lite evidence crosswalk, not a full PREMIS XML serialization."
ptr_0008,premis_lite,premis_rights_evidence_surfaces_present,RIGHTS-AND-USE-LIMITS.md|GOVERNANCE/Handoff-Use-Limits-and-Reviewer-Notice-current.md|SCHEMA/Package-Release-Contract-current.json,all present,high,pass,"This is a PREMIS-lite evidence crosswalk, not a full PREMIS XML serialization."
ptr_0009,premis_lite,premis_agents_evidence_surfaces_present,BUILD-PROVENANCE-current.json|GOVERNANCE/Review-Role-and-Handoff-Boundaries-current.md|tools/README.md,all present,high,pass,"This is a PREMIS-lite evidence crosswalk, not a full PREMIS XML serialization."
ptr_0010,prov,package_provenance_graph_surfaces_present,generated artifacts + dependency graph + regeneration order,all present,high,pass,Retain generated-artifact provenance as the package-local PROV-style lineage surface.
ptr_0011,risk_gate,current_surface_freshness_zero_high,zero high failures,0,high,pass,"Freshness is now a transfer-readiness condition, not a reviewer memory task."
ptr_0012,public_boundary,public_release_lint_zero_high,zero high failures,0,high,pass,Closed public layer remains binding during preservation transfer.
ptr_0013,status,preservation_transfer_profile_scope,rev0102 closed datacube transfer metadata,not public release / not source URL publication,info,pass,Use these surfaces to hand off the package safely without expanding public exposure.
